,INDEX,VD,,"OSFP Port#","OSFP Lane#",VD,"Port Group","Rx Ramon3","Rx Core","Physical Rx Lane","Rx 2x2 Mux","Post-Mux Rx Lane","Tx Ramon3","Tx Core","Physical Tx Lane","Tx 8x8 Mux","Post-Mux Tx Lane",,"Rx Trace Loss","Tx Trace Loss",,Pre3,Pre2,Pre,Main,Post,Post2
,,,,(1-128),(1-8),"(0,1,2,3)",(0-7),"(0,1)",(0-63),(0-7),"(-,x)",(0-7),"(0,1)",(0-63),(0-7),"(-,x)",(0-7),,(dB),(dB),,(-8 to 0),(0 to 16),(-40 to 0),(0 to 168),(-64 to 0),(-16 to 16)
,1,R1.0,,1,1,2,0,1,62,2,,2,1,62,2,-,2,,12.3,12.9,,0,4,-24,132,-8,0
,2,R0.0,,1,2,0,0,0,1,2,,2,0,1,3,x,2,,6.7,6.1,,0,0,-8,104,-4,0
,3,R1.1,,1,3,3,0,1,62,0,x,4,1,62,0,x,4,,12.5,12.9,,0,4,-24,132,-8,0
,4,R0.1,,1,4,1,0,0,1,0,x,4,0,1,1,x,4,,6.8,6.3,,0,0,-8,104,-4,0
,5,R1.0,,1,5,2,0,1,63,6,x,2,1,63,6,x,2,,12.9,12.8,,0,4,-24,132,-8,0
,6,R0.0,,1,6,0,0,0,0,6,x,2,0,0,7,x,2,,7.0,6.4,,0,0,-8,104,-4,0
,7,R1.1,,1,7,3,0,1,63,4,,4,1,63,4,-,4,,13.1,12.9,,0,4,-24,132,-8,0
,8,R0.1,,1,8,1,0,0,0,4,,4,0,0,5,x,4,,7.0,6.6,,0,0,-8,104,-4,0
,9,R1.0,,2,1,2,0,1,60,2,,2,1,60,3,x,2,,10.9,11.5,,0,2,-16,120,-4,0
,10,R0.0,,2,2,0,0,0,3,2,,2,0,3,2,-,2,,7.2,6.6,,0,0,-8,104,-4,0
,11,R1.1,,2,3,3,0,1,60,0,x,4,1,60,1,x,4,,11.1,11.7,,0,2,-16,120,-4,0
,12,R0.1,,2,4,1,0,0,3,0,x,4,0,3,0,x,4,,7.2,6.9,,0,0,-8,104,-4,0
,13,R1.0,,2,5,2,0,1,61,6,x,2,1,61,7,x,2,,11.5,11.6,,0,2,-16,120,-4,0
,14,R0.0,,2,6,0,0,0,2,6,x,2,0,2,6,x,2,,7.4,7.0,,0,0,-8,104,-4,0
,15,R1.1,,2,7,3,0,1,61,4,,4,1,61,5,x,4,,11.7,11.6,,0,2,-16,120,-4,0
,16,R0.1,,2,8,1,0,0,2,4,,4,0,2,4,-,4,,7.5,7.2,,0,0,-8,104,-4,0
,17,R1.0,,3,1,2,0,1,62,3,,3,1,62,3,-,3,,10.5,11.2,,0,2,-16,116,-4,0
,18,R0.0,,3,2,0,0,0,1,3,,3,0,1,2,x,3,,8.4,8.1,,0,2,-16,112,-4,0
,19,R1.1,,3,3,3,0,1,62,1,x,5,1,62,1,x,5,,10.8,11.3,,0,2,-16,116,-4,0
,20,R0.1,,3,4,1,0,0,1,1,x,5,0,1,0,x,5,,8.5,8.3,,0,2,-16,112,-4,0
,21,R1.0,,3,5,2,0,1,63,7,x,3,1,63,7,x,3,,11.1,11.2,,0,2,-16,116,-4,0
,22,R0.0,,3,6,0,0,0,0,7,x,3,0,0,6,x,3,,8.7,8.4,,0,2,-16,112,-4,0
,23,R1.1,,3,7,3,0,1,63,5,,5,1,63,5,-,5,,11.3,11.2,,0,2,-16,116,-4,0
,24,R0.1,,3,8,1,0,0,0,5,,5,0,0,4,x,5,,8.7,8.6,,0,2,-16,112,-4,0
,25,R1.0,,4,1,2,0,1,60,3,,3,1,60,2,x,3,,9.1,9.8,,0,2,-16,112,-4,0
,26,R0.0,,4,2,0,0,0,3,3,,3,0,3,3,-,3,,8.9,8.3,,0,2,-12,112,-4,0
,27,R1.1,,4,3,3,0,1,60,1,x,5,1,60,0,x,5,,9.3,9.9,,0,2,-16,112,-4,0
,28,R0.1,,4,4,1,0,0,3,1,x,5,0,3,1,x,5,,8.9,8.6,,0,2,-12,112,-4,0
,29,R1.0,,4,5,2,0,1,61,7,x,3,1,61,6,x,3,,9.7,9.8,,0,2,-16,112,-4,0
,30,R0.0,,4,6,0,0,0,2,7,x,3,0,2,7,x,3,,9.1,8.7,,0,2,-12,112,-4,0
,31,R1.1,,4,7,3,0,1,61,5,,5,1,61,4,x,5,,9.9,9.9,,0,2,-16,112,-4,0
,32,R0.1,,4,8,1,0,0,2,5,,5,0,2,5,-,5,,9.1,8.9,,0,2,-12,112,-4,0
,33,R1.1,,5,1,3,0,1,63,2,x,6,1,63,2,x,6,,9.0,9.3,,0,2,-12,112,-4,0
,34,R0.1,,5,2,1,0,0,0,2,x,6,0,0,3,x,6,,10.4,9.7,,0,2,-16,112,-4,0
,35,R1.0,,5,3,2,0,1,63,0,,0,1,63,0,-,0,,9.2,9.4,,0,2,-12,112,-4,0
,36,R0.0,,5,4,0,0,0,0,0,,0,0,0,1,x,0,,10.4,9.9,,0,2,-16,112,-4,0
,37,R1.1,,5,5,3,0,1,62,6,,6,1,62,6,-,6,,9.2,9.6,,0,2,-12,112,-4,0
,38,R0.1,,5,6,1,0,0,1,6,,6,0,1,7,x,6,,10.3,10.3,,0,2,-16,112,-4,0
,39,R1.0,,5,7,2,0,1,62,4,x,0,1,62,4,x,0,,9.4,9.7,,0,2,-12,112,-4,0
,40,R0.0,,5,8,0,0,0,1,4,x,0,0,1,5,x,0,,10.3,10.5,,0,2,-16,112,-4,0
,41,R1.1,,6,1,3,0,1,61,2,x,6,1,61,3,x,6,,7.6,7.9,,0,0,-8,100,0,0
,42,R0.1,,6,2,1,0,0,2,2,x,6,0,2,2,x,6,,10.9,9.9,,0,2,-16,112,-4,0
,43,R1.0,,6,3,2,0,1,61,0,,0,1,61,1,x,0,,7.8,8.0,,0,0,-8,100,0,0
,44,R0.0,,6,4,0,0,0,2,0,,0,0,2,0,-,0,,10.9,10.2,,0,2,-16,112,-4,0
,45,R1.1,,6,5,3,0,1,60,6,,6,1,60,7,x,6,,7.8,8.2,,0,0,-8,100,0,0
,46,R0.1,,6,6,1,0,0,3,6,,6,0,3,6,-,6,,10.7,10.6,,0,2,-16,112,-4,0
,47,R1.0,,6,7,2,0,1,60,4,x,0,1,60,5,x,0,,8.0,8.3,,0,0,-8,100,0,0
,48,R0.0,,6,8,0,0,0,3,4,x,0,0,3,4,x,0,,10.8,10.8,,0,2,-16,112,-4,0
,49,R1.1,,7,1,3,0,1,63,3,x,7,1,63,3,x,7,,7.2,7.6,,0,0,-8,104,-4,0
,50,R0.1,,7,2,1,0,0,0,3,x,7,0,0,2,x,7,,12.1,11.5,,0,2,-12,120,-4,0
,51,R1.0,,7,3,2,0,1,63,1,,1,1,63,1,-,1,,7.4,7.6,,0,0,-8,104,-4,0
,52,R0.0,,7,4,0,0,0,0,1,,1,0,0,0,x,1,,12.1,11.7,,0,2,-12,120,-4,0
,53,R1.1,,7,5,3,0,1,62,7,,7,1,62,7,-,7,,7.4,7.8,,0,0,-8,104,-4,0
,54,R0.1,,7,6,1,0,0,1,7,,7,0,1,6,x,7,,12.0,12.0,,0,2,-12,120,-4,0
,55,R1.0,,7,7,2,0,1,62,5,x,1,1,62,5,x,1,,7.6,7.9,,0,0,-8,104,-4,0
,56,R0.0,,7,8,0,0,0,1,5,x,1,0,1,4,x,1,,12.1,12.2,,0,2,-12,120,-4,0
,57,R1.1,,8,1,3,0,1,61,3,x,7,1,61,2,x,7,,5.8,6.2,,0,0,-8,104,-4,0
,58,R0.1,,8,2,1,0,0,2,3,x,7,0,2,3,x,7,,12.5,11.7,,0,2,-12,120,-4,0
,59,R1.0,,8,3,2,0,1,61,1,,1,1,61,0,x,1,,6.0,6.3,,0,0,-8,104,-4,0
,60,R0.0,,8,4,0,0,0,2,1,,1,0,2,1,-,1,,12.6,12.0,,0,2,-12,120,-4,0
,61,R1.1,,8,5,3,0,1,60,7,,7,1,60,6,x,7,,6.0,6.5,,0,0,-8,104,-4,0
,62,R0.1,,8,6,1,0,0,3,7,,7,0,3,7,-,7,,12.4,12.3,,0,2,-12,120,-4,0
,63,R1.0,,8,7,2,0,1,60,5,x,1,1,60,4,x,1,,6.2,6.6,,0,0,-8,104,-4,0
,64,R0.0,,8,8,0,0,0,3,5,x,1,0,3,5,x,1,,12.5,12.6,,0,2,-12,120,-4,0
,65,R1.1,,9,1,3,0,1,58,4,,4,1,58,0,x,4,,10.7,11.0,,0,2,-16,128,-4,0
,66,R0.1,,9,2,1,0,0,5,4,,4,0,5,3,x,4,,5.1,4.2,,0,0,-8,104,-4,0
,67,R1.0,,9,3,2,0,1,58,0,,0,1,58,4,x,0,,10.7,11.0,,0,2,-16,128,-4,0
,68,R0.0,,9,4,0,0,0,5,0,,0,0,5,7,x,0,,4.9,4.3,,0,0,-8,104,-4,0
,69,R1.0,,9,5,2,0,1,59,0,,0,1,59,0,-,0,,10.9,10.9,,0,2,-16,128,-4,0
,70,R0.0,,9,6,0,0,0,4,0,,0,0,4,3,x,0,,5.0,4.7,,0,0,-8,104,-4,0
,71,R1.1,,9,7,3,0,1,59,4,,4,1,59,4,-,4,,11.0,11.0,,0,2,-16,128,-4,0
,72,R0.1,,9,8,1,0,0,4,4,,4,0,4,7,x,4,,5.0,4.9,,0,0,-8,104,-4,0
,73,R1.1,,10,1,3,0,1,56,4,,4,1,56,1,x,4,,9.5,10.1,,0,2,-16,116,-4,0
,74,R0.1,,10,2,1,0,0,7,4,,4,0,7,0,x,4,,5.7,5.0,,0,0,-8,104,-4,0
,75,R1.0,,10,3,2,0,1,56,0,,0,1,56,5,x,0,,9.5,9.9,,0,2,-16,116,-4,0
,76,R0.0,,10,4,0,0,0,7,0,,0,0,7,4,x,0,,5.6,5.2,,0,0,-8,104,-4,0
,77,R1.1,,10,5,3,0,1,57,4,,4,1,57,1,x,4,,9.8,10.0,,0,2,-16,116,-4,0
,78,R0.1,,10,6,1,0,0,6,4,,4,0,6,0,x,4,,5.7,5.3,,0,0,-8,104,-4,0
,79,R1.0,,10,7,2,0,1,57,0,,0,1,57,5,x,0,,9.8,9.9,,0,2,-16,116,-4,0
,80,R0.0,,10,8,0,0,0,6,0,,0,0,6,4,x,0,,5.6,5.5,,0,0,-8,104,-4,0
,81,R1.1,,11,1,3,0,1,58,5,,5,1,58,1,x,5,,8.8,9.4,,0,2,-16,116,-4,0
,82,R0.1,,11,2,1,0,0,5,5,,5,0,5,0,x,5,,6.7,6.2,,0,2,-12,108,-4,0
,83,R1.0,,11,3,2,0,1,58,1,,1,1,58,5,x,1,,9.0,9.3,,0,2,-16,116,-4,0
,84,R0.0,,11,4,0,0,0,5,1,,1,0,5,4,x,1,,6.8,6.3,,0,2,-12,108,-4,0
,85,R1.0,,11,5,2,0,1,59,1,,1,1,59,1,-,1,,9.3,9.3,,0,2,-16,116,-4,0
,86,R0.0,,11,6,0,0,0,4,1,,1,0,4,0,x,1,,6.9,6.3,,0,2,-12,108,-4,0
,87,R1.1,,11,7,3,0,1,59,5,,5,1,59,5,-,5,,9.4,9.2,,0,2,-16,116,-4,0
,88,R0.1,,11,8,1,0,0,4,5,,5,0,4,4,x,5,,6.9,6.6,,0,2,-12,108,-4,0
,89,R1.1,,12,1,3,0,1,56,5,,5,1,56,2,x,5,,7.6,8.2,,0,2,-16,112,-4,0
,90,R0.1,,12,2,1,0,0,7,5,,5,0,7,1,x,5,,7.3,6.9,,0,2,-12,108,-4,0
,91,R1.0,,12,3,2,0,1,56,1,,1,1,56,6,x,1,,7.8,8.3,,0,2,-16,112,-4,0
,92,R0.0,,12,4,0,0,0,7,1,,1,0,7,5,x,1,,7.4,6.9,,0,2,-12,108,-4,0
,93,R1.1,,12,5,3,0,1,57,5,,5,1,57,2,x,5,,7.9,8.1,,0,2,-16,112,-4,0
,94,R0.1,,12,6,1,0,0,6,5,,5,0,6,1,x,5,,7.3,7.1,,0,2,-12,108,-4,0
,95,R1.0,,12,7,2,0,1,57,1,,1,1,57,6,x,1,,8.1,8.3,,0,2,-16,112,-4,0
,96,R0.0,,12,8,0,0,0,6,1,,1,0,6,5,x,1,,7.4,7.1,,0,2,-12,108,-4,0
,97,R1.0,,13,1,2,0,1,58,6,x,2,1,58,2,x,2,,7.3,7.5,,0,2,-12,112,-4,0
,98,R0.0,,13,2,0,0,0,5,6,x,2,0,5,1,x,2,,8.6,8.0,,0,2,-16,112,-4,0
,99,R1.1,,13,3,3,0,1,58,2,x,6,1,58,6,x,6,,7.3,7.7,,0,2,-12,112,-4,0
,100,R0.1,,13,4,1,0,0,5,2,x,6,0,5,5,x,6,,8.6,8.0,,0,2,-16,112,-4,0
,101,R1.1,,13,5,3,0,1,59,2,x,6,1,59,2,x,6,,7.3,7.5,,0,2,-12,112,-4,0
,102,R0.1,,13,6,1,0,0,4,2,x,6,0,4,1,x,6,,8.4,8.2,,0,2,-16,112,-4,0
,103,R1.0,,13,7,2,0,1,59,6,x,2,1,59,6,x,2,,7.5,7.5,,0,2,-12,112,-4,0
,104,R0.0,,13,8,0,0,0,4,6,x,2,0,4,5,x,2,,8.4,8.2,,0,2,-16,112,-4,0
,105,R1.0,,14,1,2,0,1,56,6,x,2,1,56,3,x,2,,6.1,6.4,,0,0,-8,112,-4,0
,106,R0.0,,14,2,0,0,0,7,6,x,2,0,7,2,x,2,,9.3,8.5,,0,2,-16,112,-4,0
,107,R1.1,,14,3,3,0,1,56,2,x,6,1,56,7,x,6,,6.2,6.3,,0,0,-8,112,-4,0
,108,R0.1,,14,4,1,0,0,7,2,x,6,0,7,6,x,6,,9.2,8.7,,0,2,-16,112,-4,0
,109,R1.0,,14,5,2,0,1,57,6,x,2,1,57,3,x,2,,6.4,6.3,,0,0,-8,112,-4,0
,110,R0.0,,14,6,0,0,0,6,6,x,2,0,6,2,x,2,,9.3,8.7,,0,2,-16,112,-4,0
,111,R1.1,,14,7,3,0,1,57,2,x,6,1,57,7,x,6,,6.5,6.3,,0,0,-8,112,-4,0
,112,R0.1,,14,8,1,0,0,6,2,x,6,0,6,6,x,6,,9.2,9.0,,0,2,-16,112,-4,0
,113,R1.0,,15,1,2,0,1,58,7,x,3,1,58,3,x,3,,5.4,5.7,,0,0,-8,104,-4,0
,114,R0.0,,15,2,0,0,0,5,7,x,3,0,5,2,x,3,,10.2,9.6,,0,2,-16,116,-4,0
,115,R1.1,,15,3,3,0,1,58,3,x,7,1,58,7,x,7,,5.7,5.7,,0,0,-8,104,-4,0
,116,R0.1,,15,4,1,0,0,5,3,x,7,0,5,6,x,7,,10.4,9.9,,0,2,-16,116,-4,0
,117,R1.1,,15,5,3,0,1,59,3,x,7,1,59,3,x,7,,5.7,5.9,,0,0,-8,104,-4,0
,118,R0.1,,15,6,1,0,0,4,3,x,7,0,4,2,x,7,,10.3,9.9,,0,2,-16,116,-4,0
,119,R1.0,,15,7,2,0,1,59,7,x,3,1,59,7,x,3,,5.9,5.9,,0,0,-8,104,-4,0
,120,R0.0,,15,8,0,0,0,4,7,x,3,0,4,6,x,3,,10.3,10.0,,0,2,-16,116,-4,0
,121,R1.0,,16,1,2,0,1,56,7,x,3,1,56,0,x,3,,4.2,4.7,,0,0,-8,104,-4,0
,122,R0.0,,16,2,0,0,0,7,7,x,3,0,7,3,x,3,,10.9,10.1,,0,2,-16,120,-4,0
,123,R1.1,,16,3,3,0,1,56,3,x,7,1,56,4,x,7,,4.5,4.7,,0,0,-8,104,-4,0
,124,R0.1,,16,4,1,0,0,7,3,x,7,0,7,7,x,7,,11.0,10.2,,0,2,-16,120,-4,0
,125,R1.0,,16,5,2,0,1,57,7,x,3,1,57,0,x,3,,4.5,4.7,,0,0,-8,104,-4,0
,126,R0.0,,16,6,0,0,0,6,7,x,3,0,6,3,x,3,,10.9,10.4,,0,2,-16,120,-4,0
,127,R1.1,,16,7,3,0,1,57,3,x,7,1,57,4,x,7,,4.8,4.7,,0,0,-8,104,-4,0
,128,R0.1,,16,8,1,0,0,6,3,x,7,0,6,7,x,7,,11.0,10.5,,0,2,-16,120,-4,0
,129,R1.1,,17,1,3,1,1,54,4,,4,1,54,0,x,4,,10.1,10.5,,0,2,-12,120,-4,0
,130,R0.1,,17,2,1,1,0,9,4,,4,0,9,3,x,4,,4.5,3.6,,0,0,-8,104,-4,0
,131,R1.0,,17,3,2,1,1,54,0,,0,1,54,4,x,0,,10.1,10.5,,0,2,-12,120,-4,0
,132,R0.0,,17,4,0,1,0,9,0,,0,0,9,7,x,0,,4.4,3.7,,0,0,-8,104,-4,0
,133,R1.1,,17,5,3,1,1,55,4,,4,1,55,0,x,4,,10.4,10.5,,0,2,-12,120,-4,0
,134,R0.1,,17,6,1,1,0,8,4,,4,0,8,3,x,4,,4.5,3.9,,0,0,-8,104,-4,0
,135,R1.0,,17,7,2,1,1,55,0,,0,1,55,4,x,0,,10.4,10.5,,0,2,-12,120,-4,0
,136,R0.0,,17,8,0,1,0,8,0,,0,0,8,7,x,0,,4.3,4.0,,0,0,-8,104,-4,0
,137,R1.1,,18,1,3,1,1,52,4,,4,1,52,1,x,4,,8.9,9.5,,0,2,-12,112,-4,0
,138,R0.1,,18,2,1,1,0,11,4,,4,0,11,0,x,4,,5.1,4.5,,0,0,-8,104,-4,0
,139,R1.0,,18,3,2,1,1,52,0,,0,1,52,5,x,0,,8.9,9.3,,0,2,-12,112,-4,0
,140,R0.0,,18,4,0,1,0,11,0,,0,0,11,4,x,0,,5.0,4.6,,0,0,-8,104,-4,0
,141,R1.1,,18,5,3,1,1,53,4,,4,1,53,1,x,4,,9.2,9.5,,0,2,-12,112,-4,0
,142,R0.1,,18,6,1,1,0,10,4,,4,0,10,0,x,4,,5.1,4.8,,0,0,-8,104,-4,0
,143,R1.0,,18,7,2,1,1,53,0,,0,1,53,5,x,0,,9.2,9.3,,0,2,-12,112,-4,0
,144,R0.0,,18,8,0,1,0,10,0,,0,0,10,4,x,0,,5.0,4.9,,0,0,-8,104,-4,0
,145,R1.1,,19,1,3,1,1,54,5,,5,1,54,1,x,5,,8.2,8.9,,0,2,-12,112,-4,0
,146,R0.1,,19,2,1,1,0,9,5,,5,0,9,0,x,5,,6.1,5.7,,0,0,-8,104,-4,0
,147,R1.0,,19,3,2,1,1,54,1,,1,1,54,5,x,1,,8.4,8.7,,0,2,-12,112,-4,0
,148,R0.0,,19,4,0,1,0,9,1,,1,0,9,4,x,1,,6.2,5.8,,0,0,-8,104,-4,0
,149,R1.1,,19,5,3,1,1,55,5,,5,1,55,1,x,5,,8.5,8.8,,0,2,-12,112,-4,0
,150,R0.1,,19,6,1,1,0,8,5,,5,0,8,0,x,5,,6.1,5.9,,0,0,-8,104,-4,0
,151,R1.0,,19,7,2,1,1,55,1,,1,1,55,5,x,1,,8.7,8.7,,0,2,-12,112,-4,0
,152,R0.0,,19,8,0,1,0,8,1,,1,0,8,4,x,1,,6.2,6.1,,0,0,-8,104,-4,0
,153,R1.1,,20,1,3,1,1,52,5,,5,1,52,2,x,5,,7.0,7.6,,0,2,-12,112,-4,0
,154,R0.1,,20,2,1,1,0,11,5,,5,0,11,1,x,5,,6.7,6.3,,0,2,-12,108,-4,0
,155,R1.0,,20,3,2,1,1,52,1,,1,1,52,6,x,1,,7.2,7.8,,0,2,-12,112,-4,0
,156,R0.0,,20,4,0,1,0,11,1,,1,0,11,5,x,1,,6.8,6.3,,0,2,-12,108,-4,0
,157,R1.1,,20,5,3,1,1,53,5,,5,1,53,2,x,5,,7.3,7.6,,0,2,-12,112,-4,0
,158,R0.1,,20,6,1,1,0,10,5,,5,0,10,1,x,5,,6.7,6.6,,0,2,-12,108,-4,0
,159,R1.0,,20,7,2,1,1,53,1,,1,1,53,6,x,1,,7.5,7.7,,0,2,-12,112,-4,0
,160,R0.0,,20,8,0,1,0,10,1,,1,0,10,5,x,1,,6.8,6.6,,0,2,-12,108,-4,0
,161,R1.0,,21,1,2,1,1,54,6,x,2,1,54,2,x,2,,6.6,7.0,,0,0,-8,100,0,0
,162,R0.0,,21,2,0,1,0,9,6,x,2,0,9,1,x,2,,8.1,7.5,,0,2,-12,112,-4,0
,163,R1.1,,21,3,3,1,1,54,2,x,6,1,54,6,x,6,,6.7,7.1,,0,0,-8,100,0,0
,164,R0.1,,21,4,1,1,0,9,2,x,6,0,9,5,x,6,,8.0,7.5,,0,2,-12,112,-4,0
,165,R1.0,,21,5,2,1,1,55,6,x,2,1,55,2,x,2,,6.9,7.0,,0,0,-8,100,0,0
,166,R0.0,,21,6,0,1,0,8,6,x,2,0,8,1,x,2,,8.0,7.7,,0,2,-12,112,-4,0
,167,R1.1,,21,7,3,1,1,55,2,x,6,1,55,6,x,6,,7.0,7.1,,0,0,-8,100,0,0
,168,R0.1,,21,8,1,1,0,8,2,x,6,0,8,5,x,6,,8.0,7.7,,0,2,-12,112,-4,0
,169,R1.0,,22,1,2,1,1,52,6,x,2,1,52,3,x,2,,5.5,5.8,,0,0,-8,104,-4,0
,170,R0.0,,22,2,0,1,0,11,6,x,2,0,11,2,x,2,,8.7,7.9,,0,2,-16,112,-4,0
,171,R1.1,,22,3,3,1,1,52,2,x,6,1,52,7,x,6,,5.6,5.8,,0,0,-8,104,-4,0
,172,R0.1,,22,4,1,1,0,11,2,x,6,0,11,6,x,6,,8.6,8.2,,0,2,-16,112,-4,0
,173,R1.0,,22,5,2,1,1,53,6,x,2,1,53,3,x,2,,5.8,5.8,,0,0,-8,104,-4,0
,174,R0.0,,22,6,0,1,0,10,6,x,2,0,10,2,x,2,,8.7,8.2,,0,2,-16,112,-4,0
,175,R1.1,,22,7,3,1,1,53,2,x,6,1,53,7,x,6,,5.8,5.8,,0,0,-8,104,-4,0
,176,R0.1,,22,8,1,1,0,10,2,x,6,0,10,6,x,6,,8.6,8.5,,0,2,-16,112,-4,0
,177,R1.0,,23,1,2,1,1,54,7,x,3,1,54,3,x,3,,4.7,5.2,,0,0,-8,104,-4,0
,178,R0.0,,23,2,0,1,0,9,7,x,3,0,9,2,x,3,,9.7,9.1,,0,2,-16,112,-4,0
,179,R1.1,,23,3,3,1,1,54,3,x,7,1,54,7,x,7,,5.0,5.1,,0,0,-8,104,-4,0
,180,R0.1,,23,4,1,1,0,9,3,x,7,0,9,6,x,7,,9.8,9.4,,0,2,-16,112,-4,0
,181,R1.0,,23,5,2,1,1,55,7,x,3,1,55,3,x,3,,5.0,5.1,,0,0,-8,104,-4,0
,182,R0.0,,23,6,0,1,0,8,7,x,3,0,8,2,x,3,,9.6,9.3,,0,2,-16,112,-4,0
,183,R1.1,,23,7,3,1,1,55,3,x,7,1,55,7,x,7,,5.3,5.1,,0,0,-8,104,-4,0
,184,R0.1,,23,8,1,1,0,8,3,x,7,0,8,6,x,7,,9.8,9.6,,0,2,-16,112,-4,0
,185,R1.0,,24,1,2,1,1,52,7,x,3,1,52,0,x,3,,3.6,4.1,,0,0,-8,104,-4,0
,186,R0.0,,24,2,0,1,0,11,7,x,3,0,11,3,x,3,,10.3,9.5,,0,2,-16,116,-4,0
,187,R1.1,,24,3,3,1,1,52,3,x,7,1,52,4,x,7,,3.9,4.1,,0,0,-8,104,-4,0
,188,R0.1,,24,4,1,1,0,11,3,x,7,0,11,7,x,7,,10.4,9.7,,0,2,-16,116,-4,0
,189,R1.0,,24,5,2,1,1,53,7,x,3,1,53,0,x,3,,3.9,4.1,,0,0,-8,104,-4,0
,190,R0.0,,24,6,0,1,0,10,7,x,3,0,10,3,x,3,,10.3,9.8,,0,2,-16,116,-4,0
,191,R1.1,,24,7,3,1,1,53,3,x,7,1,53,4,x,7,,4.1,4.1,,0,0,-8,104,-4,0
,192,R0.1,,24,8,1,1,0,10,3,x,7,0,10,7,x,7,,10.4,10.0,,0,2,-16,116,-4,0
,193,R1.1,,25,1,3,1,1,50,4,,4,1,50,0,x,4,,9.9,9.9,,0,2,-12,116,-4,0
,194,R0.1,,25,2,1,1,0,13,4,,4,0,13,3,x,4,,3.9,3.1,,0,0,-8,104,-4,0
,195,R1.0,,25,3,2,1,1,50,0,,0,1,50,4,x,0,,9.9,9.9,,0,2,-12,116,-4,0
,196,R0.0,,25,4,0,1,0,13,0,,0,0,13,7,x,0,,3.8,3.2,,0,0,-8,104,-4,0
,197,R1.1,,25,5,3,1,1,51,4,,4,1,51,0,x,4,,10.2,9.9,,0,2,-12,116,-4,0
,198,R0.1,,25,6,1,1,0,12,4,,4,0,12,3,x,4,,3.9,3.4,,0,0,-8,104,-4,0
,199,R1.0,,25,7,2,1,1,51,0,,0,1,51,4,x,0,,10.2,9.9,,0,2,-12,116,-4,0
,200,R0.0,,25,8,0,1,0,12,0,,0,0,12,7,x,0,,3.7,3.5,,0,0,-8,104,-4,0
,201,R1.1,,26,1,3,1,1,48,4,,4,1,48,1,x,4,,8.7,9.4,,0,2,-16,128,-8,0
,202,R0.1,,26,2,1,1,0,15,4,,4,0,15,0,x,4,,4.6,4.2,,0,0,-8,104,-4,0
,203,R1.0,,26,3,2,1,1,48,0,,0,1,48,5,x,0,,8.7,9.3,,0,2,-16,128,-8,0
,204,R0.0,,26,4,0,1,0,15,0,,0,0,15,4,x,0,,4.4,4.3,,0,0,-8,104,-4,0
,205,R1.1,,26,5,3,1,1,49,4,,4,1,49,1,x,4,,9.0,9.4,,0,2,-16,128,-8,0
,206,R0.1,,26,6,1,1,0,14,4,,4,0,14,0,x,4,,4.6,4.5,,0,0,-8,104,-4,0
,207,R1.0,,26,7,2,1,1,49,0,,0,1,49,5,x,0,,9.0,9.2,,0,2,-16,128,-8,0
,208,R0.0,,26,8,0,1,0,14,0,,0,0,14,4,x,0,,4.4,4.6,,0,0,-8,104,-4,0
,209,R1.1,,27,1,3,1,1,50,5,,5,1,50,1,x,5,,8.0,8.7,,0,2,-12,120,-4,0
,210,R0.1,,27,2,1,1,0,13,5,,5,0,13,0,x,5,,5.5,5.4,,0,0,-8,104,-4,0
,211,R1.0,,27,3,2,1,1,50,1,,1,1,50,5,x,1,,8.2,8.5,,0,2,-12,120,-4,0
,212,R0.0,,27,4,0,1,0,13,1,,1,0,13,4,x,1,,5.6,5.5,,0,0,-8,104,-4,0
,213,R1.1,,27,5,3,1,1,51,5,,5,1,51,1,x,5,,8.2,8.7,,0,2,-12,120,-4,0
,214,R0.1,,27,6,1,1,0,12,5,,5,0,12,0,x,5,,5.5,5.7,,0,0,-8,104,-4,0
,215,R1.0,,27,7,2,1,1,51,1,,1,1,51,5,x,1,,8.4,8.5,,0,2,-12,120,-4,0
,216,R0.0,,27,8,0,1,0,12,1,,1,0,12,4,x,1,,5.6,5.8,,0,0,-8,104,-4,0
,217,R1.1,,28,1,3,1,1,48,5,,5,1,48,2,x,5,,6.8,7.4,,0,2,-12,108,-4,0
,218,R0.1,,28,2,1,1,0,15,5,,5,0,15,1,x,5,,6.2,6.1,,0,0,-8,100,0,0
,219,R1.0,,28,3,2,1,1,48,1,,1,1,48,6,x,1,,7.0,7.6,,0,2,-12,108,-4,0
,220,R0.0,,28,4,0,1,0,15,1,,1,0,15,5,x,1,,6.2,6.1,,0,0,-8,100,0,0
,221,R1.1,,28,5,3,1,1,49,5,,5,1,49,2,x,5,,7.0,7.4,,0,2,-12,108,-4,0
,222,R0.1,,28,6,1,1,0,14,5,,5,0,14,1,x,5,,6.2,6.4,,0,0,-8,100,0,0
,223,R1.0,,28,7,2,1,1,49,1,,1,1,49,6,x,1,,7.2,7.5,,0,2,-12,108,-4,0
,224,R0.0,,28,8,0,1,0,14,1,,1,0,14,5,x,1,,6.2,6.4,,0,0,-8,100,0,0
,225,R1.0,,29,1,2,1,1,50,6,x,2,1,50,2,x,2,,6.3,6.7,,0,2,-12,104,-4,0
,226,R0.0,,29,2,0,1,0,13,6,x,2,0,13,1,x,2,,7.5,7.3,,0,2,-12,108,-4,0
,227,R1.1,,29,3,3,1,1,50,2,x,6,1,50,6,x,6,,6.4,6.9,,0,2,-12,104,-4,0
,228,R0.1,,29,4,1,1,0,13,2,x,6,0,13,5,x,6,,7.4,7.3,,0,2,-12,108,-4,0
,229,R1.0,,29,5,2,1,1,51,6,x,2,1,51,2,x,2,,6.6,6.7,,0,2,-12,104,-4,0
,230,R0.0,,29,6,0,1,0,12,6,x,2,0,12,1,x,2,,7.5,7.6,,0,2,-12,108,-4,0
,231,R1.1,,29,7,3,1,1,51,2,x,6,1,51,6,x,6,,6.7,6.8,,0,2,-12,104,-4,0
,232,R0.1,,29,8,1,1,0,12,2,x,6,0,12,5,x,6,,7.4,7.6,,0,2,-12,108,-4,0
,233,R1.0,,30,1,2,1,1,48,6,x,2,1,48,3,x,2,,5.1,5.5,,0,0,-8,104,-4,0
,234,R0.0,,30,2,0,1,0,15,6,x,2,0,15,2,x,2,,8.1,7.8,,0,2,-16,116,-4,0
,235,R1.1,,30,3,3,1,1,48,2,x,6,1,48,7,x,6,,5.2,5.5,,0,0,-8,104,-4,0
,236,R0.1,,30,4,1,1,0,15,2,x,6,0,15,6,x,6,,8.1,8.1,,0,2,-16,116,-4,0
,237,R1.0,,30,5,2,1,1,49,6,x,2,1,49,3,x,2,,5.4,5.5,,0,0,-8,104,-4,0
,238,R0.0,,30,6,0,1,0,14,6,x,2,0,14,2,x,2,,8.1,8.1,,0,2,-16,116,-4,0
,239,R1.1,,30,7,3,1,1,49,2,x,6,1,49,7,x,6,,5.5,5.5,,0,0,-8,104,-4,0
,240,R0.1,,30,8,1,1,0,14,2,x,6,0,14,6,x,6,,8.0,8.3,,0,2,-16,116,-4,0
,241,R1.0,,31,1,2,1,1,50,7,x,3,1,50,3,x,3,,4.3,4.8,,0,0,-8,104,-4,0
,242,R0.0,,31,2,0,1,0,13,7,x,3,0,13,2,x,3,,9.1,9.0,,0,2,-16,124,-4,0
,243,R1.1,,31,3,3,1,1,50,3,x,7,1,50,7,x,7,,4.6,4.8,,0,0,-8,104,-4,0
,244,R0.1,,31,4,1,1,0,13,3,x,7,0,13,6,x,7,,9.2,9.3,,0,2,-16,124,-4,0
,245,R1.0,,31,5,2,1,1,51,7,x,3,1,51,3,x,3,,4.6,4.8,,0,0,-8,104,-4,0
,246,R0.0,,31,6,0,1,0,12,7,x,3,0,12,2,x,3,,9.1,9.3,,0,2,-16,124,-4,0
,247,R1.1,,31,7,3,1,1,51,3,x,7,1,51,7,x,7,,4.9,4.8,,0,0,-8,104,-4,0
,248,R0.1,,31,8,1,1,0,12,3,x,7,0,12,6,x,7,,9.2,9.5,,0,2,-16,124,-4,0
,249,R1.0,,32,1,2,1,1,48,7,x,3,1,48,0,x,3,,3.2,3.6,,0,0,-8,100,-4,0
,250,R0.0,,32,2,0,1,0,15,7,x,3,0,15,3,x,3,,9.7,9.0,,0,0,-8,112,-4,0
,251,R1.1,,32,3,3,1,1,48,3,x,7,1,48,4,x,7,,3.4,3.6,,0,0,-8,100,-4,0
,252,R0.1,,32,4,1,1,0,15,3,x,7,0,15,7,x,7,,9.9,9.1,,0,0,-8,112,-4,0
,253,R1.0,,32,5,2,1,1,49,7,x,3,1,49,0,x,3,,3.4,3.6,,0,0,-8,100,-4,0
,254,R0.0,,32,6,0,1,0,14,7,x,3,0,14,3,x,3,,9.7,9.3,,0,0,-8,112,-4,0
,255,R1.1,,32,7,3,1,1,49,3,x,7,1,49,4,x,7,,3.7,3.6,,0,0,-8,100,-4,0
,256,R0.1,,32,8,1,1,0,14,3,x,7,0,14,7,x,7,,9.9,9.4,,0,0,-8,112,-4,0
,257,R1.1,,33,1,3,2,1,46,0,x,4,1,46,4,x,4,,9.2,9.6,,0,2,-16,112,-4,0
,258,R0.1,,33,2,1,2,0,17,0,x,4,0,17,7,x,4,,3.4,2.7,,0,0,-8,104,-4,0
,259,R1.0,,33,3,2,2,1,46,4,x,0,1,46,0,x,0,,9.5,9.5,,0,2,-16,112,-4,0
,260,R0.0,,33,4,0,2,0,17,4,x,0,0,17,3,x,0,,3.6,2.9,,0,0,-8,104,-4,0
,261,R1.1,,33,5,3,2,1,47,0,x,4,1,47,4,x,4,,9.5,9.6,,0,2,-16,112,-4,0
,262,R0.1,,33,6,1,2,0,16,0,x,4,0,16,7,x,4,,3.4,3.0,,0,0,-8,104,-4,0
,263,R1.0,,33,7,2,2,1,47,4,x,0,1,47,0,x,0,,9.9,9.5,,0,2,-16,112,-4,0
,264,R0.0,,33,8,0,2,0,16,4,x,0,0,16,3,x,0,,3.6,3.2,,0,0,-8,104,-4,0
,265,R1.1,,34,1,3,2,1,44,0,x,4,1,44,5,x,4,,8.0,8.9,,0,2,-12,124,-4,0
,266,R0.1,,34,2,1,2,0,19,0,x,4,0,19,4,x,4,,4.0,3.9,,0,0,-8,96,0,0
,267,R1.0,,34,3,2,2,1,44,4,x,0,1,44,1,x,0,,8.3,9.0,,0,2,-12,124,-4,0
,268,R0.0,,34,4,0,2,0,19,4,x,0,0,19,0,x,0,,4.3,3.9,,0,0,-8,96,0,0
,269,R1.1,,34,5,3,2,1,45,0,x,4,1,45,5,x,4,,8.3,8.8,,0,2,-12,124,-4,0
,270,R0.1,,34,6,1,2,0,18,0,x,4,0,18,4,x,4,,4.0,4.1,,0,0,-8,96,0,0
,271,R1.0,,34,7,2,2,1,45,4,x,0,1,45,1,x,0,,8.6,9.0,,0,2,-12,124,-4,0
,272,R0.0,,34,8,0,2,0,18,4,x,0,0,18,0,x,0,,4.2,4.2,,0,0,-8,96,0,0
,273,R1.1,,35,1,3,2,1,46,1,x,5,1,46,5,x,5,,7.4,8.2,,0,2,-12,112,-4,0
,274,R0.1,,35,2,1,2,0,17,1,x,5,0,17,4,x,5,,5.3,5.1,,0,0,-8,104,-4,0
,275,R1.0,,35,3,2,2,1,46,5,x,1,1,46,1,x,1,,7.6,8.3,,0,2,-12,112,-4,0
,276,R0.0,,35,4,0,2,0,17,5,x,1,0,17,0,x,1,,5.3,5.1,,0,0,-8,104,-4,0
,277,R1.1,,35,5,3,2,1,47,1,x,5,1,47,5,x,5,,7.8,8.1,,0,2,-12,112,-4,0
,278,R0.1,,35,6,1,2,0,16,1,x,5,0,16,4,x,5,,5.3,5.3,,0,0,-8,104,-4,0
,279,R1.0,,35,7,2,2,1,47,5,x,1,1,47,1,x,1,,7.9,8.2,,0,2,-12,112,-4,0
,280,R0.0,,35,8,0,2,0,16,5,x,1,0,16,0,x,1,,5.3,5.4,,0,0,-8,104,-4,0
,281,R1.1,,36,1,3,2,1,44,1,x,5,1,44,6,x,5,,6.2,7.1,,0,2,-12,108,-4,0
,282,R0.1,,36,2,1,2,0,19,1,x,5,0,19,5,x,5,,5.9,5.5,,0,0,-8,104,-4,0
,283,R1.0,,36,3,2,2,1,44,5,x,1,1,44,2,x,1,,6.4,7.0,,0,2,-12,108,-4,0
,284,R0.0,,36,4,0,2,0,19,5,x,1,0,19,1,x,1,,5.9,5.8,,0,0,-8,104,-4,0
,285,R1.1,,36,5,3,2,1,45,1,x,5,1,45,6,x,5,,6.5,7.1,,0,2,-12,108,-4,0
,286,R0.1,,36,6,1,2,0,18,1,x,5,0,18,5,x,5,,5.9,5.8,,0,0,-8,104,-4,0
,287,R1.0,,36,7,2,2,1,45,5,x,1,1,45,2,x,1,,6.7,7.0,,0,2,-12,108,-4,0
,288,R0.0,,36,8,0,2,0,18,5,x,1,0,18,1,x,1,,5.9,6.1,,0,0,-8,104,-4,0
,289,R1.0,,37,1,2,2,1,46,2,,2,1,46,6,x,2,,5.7,6.4,,0,0,-8,100,0,0
,290,R0.0,,37,2,0,2,0,17,2,,2,0,17,5,x,2,,7.2,6.7,,0,2,-12,108,-4,0
,291,R1.1,,37,3,3,2,1,46,6,,6,1,46,2,x,6,,5.8,6.3,,0,0,-8,100,0,0
,292,R0.1,,37,4,1,2,0,17,6,,6,0,17,1,x,6,,7.2,7.0,,0,2,-12,108,-4,0
,293,R1.0,,37,5,2,2,1,47,2,,2,1,47,6,x,2,,6.0,6.4,,0,0,-8,100,0,0
,294,R0.0,,37,6,0,2,0,16,2,,2,0,16,5,x,2,,7.2,7.0,,0,2,-12,108,-4,0
,295,R1.1,,37,7,3,2,1,47,6,,6,1,47,2,x,6,,6.2,6.3,,0,0,-8,100,0,0
,296,R0.1,,37,8,1,2,0,16,6,,6,0,16,1,x,6,,7.2,7.3,,0,2,-12,108,-4,0
,297,R1.0,,38,1,2,2,1,44,2,,2,1,44,7,x,2,,4.5,5.1,,0,0,-8,104,-4,0
,298,R0.0,,38,2,0,2,0,19,2,,2,0,19,6,x,2,,7.9,7.4,,0,2,-12,112,-4,0
,299,R1.1,,38,3,3,2,1,44,6,,6,1,44,3,x,6,,4.6,5.1,,0,0,-8,104,-4,0
,300,R0.1,,38,4,1,2,0,19,6,,6,0,19,2,x,6,,7.8,7.5,,0,2,-12,112,-4,0
,301,R1.0,,38,5,2,2,1,45,2,,2,1,45,7,x,2,,4.8,5.1,,0,0,-8,104,-4,0
,302,R0.0,,38,6,0,2,0,18,2,,2,0,18,6,x,2,,7.8,7.7,,0,2,-12,112,-4,0
,303,R1.1,,38,7,3,2,1,45,6,,6,1,45,3,x,6,,4.9,5.1,,0,0,-8,104,-4,0
,304,R0.1,,38,8,1,2,0,18,6,,6,0,18,2,x,6,,7.8,7.8,,0,2,-12,112,-4,0
,305,R1.0,,39,1,2,2,1,46,3,,3,1,46,7,x,3,,3.9,4.4,,0,0,-8,104,-4,0
,306,R0.0,,39,2,0,2,0,17,3,,3,0,17,6,x,3,,9.1,8.6,,0,2,-16,120,-4,0
,307,R1.1,,39,3,3,2,1,46,7,,7,1,46,3,x,7,,3.8,4.4,,0,0,-8,104,-4,0
,308,R0.1,,39,4,1,2,0,17,7,,7,0,17,2,x,7,,8.8,8.7,,0,2,-16,120,-4,0
,309,R1.0,,39,5,2,2,1,47,3,,3,1,47,7,x,3,,4.2,4.4,,0,0,-8,104,-4,0
,310,R0.0,,39,6,0,2,0,16,3,,3,0,16,6,x,3,,9.1,8.9,,0,2,-16,120,-4,0
,311,R1.1,,39,7,3,2,1,47,7,,7,1,47,3,x,7,,4.2,4.4,,0,0,-8,104,-4,0
,312,R0.1,,39,8,1,2,0,16,7,,7,0,16,2,x,7,,8.8,9.0,,0,2,-16,120,-4,0
,313,R1.0,,40,1,2,2,1,44,3,,3,1,44,4,x,3,,2.7,3.2,,0,0,-8,96,0,0
,314,R0.0,,40,2,0,2,0,19,3,,3,0,19,7,x,3,,9.8,8.6,,0,2,-16,112,-4,0
,315,R1.1,,40,3,3,2,1,44,7,,7,1,44,0,x,7,,2.6,3.2,,0,0,-8,96,0,0
,316,R0.1,,40,4,1,2,0,19,7,,7,0,19,3,x,7,,9.5,8.7,,0,2,-16,112,-4,0
,317,R1.0,,40,5,2,2,1,45,3,,3,1,45,4,x,3,,3.0,3.2,,0,0,-8,96,0,0
,318,R0.0,,40,6,0,2,0,18,3,,3,0,18,7,x,3,,9.7,8.9,,0,2,-16,112,-4,0
,319,R1.1,,40,7,3,2,1,45,7,,7,1,45,0,x,7,,2.9,3.2,,0,0,-8,96,0,0
,320,R0.1,,40,8,1,2,0,18,7,,7,0,18,3,x,7,,9.5,9.0,,0,2,-16,112,-4,0
,321,R1.1,,41,1,3,2,1,42,0,x,4,1,42,4,x,4,,8.7,9.2,,0,2,-16,112,-4,0
,322,R0.1,,41,2,1,2,0,21,0,x,4,0,21,7,x,4,,2.9,2.3,,0,0,-8,104,-4,0
,323,R1.0,,41,3,2,2,1,42,4,x,0,1,42,0,x,0,,9.0,9.1,,0,2,-16,112,-4,0
,324,R0.0,,41,4,0,2,0,21,4,x,0,0,21,3,x,0,,3.1,2.4,,0,0,-8,104,-4,0
,325,R1.1,,41,5,3,2,1,43,0,x,4,1,43,4,x,4,,9.0,9.2,,0,2,-16,112,-4,0
,326,R0.1,,41,6,1,2,0,20,0,x,4,0,20,7,x,4,,2.8,2.7,,0,0,-8,104,-4,0
,327,R1.0,,41,7,2,2,1,43,4,x,0,1,43,0,x,0,,9.3,9.2,,0,2,-16,112,-4,0
,328,R0.0,,41,8,0,2,0,20,4,x,0,0,20,3,x,0,,3.0,2.9,,0,0,-8,104,-4,0
,329,R1.1,,42,1,3,2,1,40,0,x,4,1,40,5,x,4,,7.5,8.4,,0,2,-16,120,-8,0
,330,R0.1,,42,2,1,2,0,23,0,x,4,0,23,4,x,4,,3.6,3.4,,0,0,-8,104,-4,0
,331,R1.0,,42,3,2,2,1,40,4,x,0,1,40,1,x,0,,7.8,8.5,,0,2,-16,120,-8,0
,332,R0.0,,42,4,0,2,0,23,4,x,0,0,23,0,x,0,,3.8,3.4,,0,0,-8,104,-4,0
,333,R1.1,,42,5,3,2,1,41,0,x,4,1,41,5,x,4,,7.8,8.4,,0,2,-16,120,-8,0
,334,R0.1,,42,6,1,2,0,22,0,x,4,0,22,4,x,4,,3.5,3.6,,0,0,-8,104,-4,0
,335,R1.0,,42,7,2,2,1,41,4,x,0,1,41,1,x,0,,8.1,8.7,,0,2,-16,120,-8,0
,336,R0.0,,42,8,0,2,0,22,4,x,0,0,22,0,x,0,,3.7,3.9,,0,0,-8,104,-4,0
,337,R1.1,,43,1,3,2,1,42,1,x,5,1,42,5,x,5,,6.9,7.9,,0,2,-16,112,-4,0
,338,R0.1,,43,2,1,2,0,21,1,x,5,0,21,4,x,5,,4.8,4.7,,0,0,-8,104,-4,0
,339,R1.0,,43,3,2,2,1,42,5,x,1,1,42,1,x,1,,7.1,8.0,,0,2,-16,112,-4,0
,340,R0.0,,43,4,0,2,0,21,5,x,1,0,21,0,x,1,,4.8,4.8,,0,0,-8,104,-4,0
,341,R1.1,,43,5,3,2,1,43,1,x,5,1,43,5,x,5,,7.2,7.8,,0,2,-16,112,-4,0
,342,R0.1,,43,6,1,2,0,20,1,x,5,0,20,4,x,5,,4.7,5.0,,0,0,-8,104,-4,0
,343,R1.0,,43,7,2,2,1,43,5,x,1,1,43,1,x,1,,7.3,7.9,,0,2,-16,112,-4,0
,344,R0.0,,43,8,0,2,0,20,5,x,1,0,20,0,x,1,,4.7,5.0,,0,0,-8,104,-4,0
,345,R1.1,,44,1,3,2,1,40,1,x,5,1,40,6,x,5,,5.7,6.7,,0,2,-12,108,-4,0
,346,R0.1,,44,2,1,2,0,23,1,x,5,0,23,5,x,5,,5.5,5.0,,0,0,-8,104,-4,0
,347,R1.0,,44,3,2,2,1,40,5,x,1,1,40,2,x,1,,5.9,6.6,,0,2,-12,108,-4,0
,348,R0.0,,44,4,0,2,0,23,5,x,1,0,23,1,x,1,,5.4,5.3,,0,0,-8,104,-4,0
,349,R1.1,,44,5,3,2,1,41,1,x,5,1,41,6,x,5,,6.0,6.6,,0,2,-12,108,-4,0
,350,R0.1,,44,6,1,2,0,22,1,x,5,0,22,5,x,5,,5.4,5.3,,0,0,-8,104,-4,0
,351,R1.0,,44,7,2,2,1,41,5,x,1,1,41,2,x,1,,6.1,6.7,,0,2,-12,108,-4,0
,352,R0.0,,44,8,0,2,0,22,5,x,1,0,22,1,x,1,,5.4,5.8,,0,0,-8,104,-4,0
,353,R1.0,,45,1,2,2,1,42,2,,2,1,42,6,x,2,,5.2,6.1,,0,2,-12,108,-4,0
,354,R0.0,,45,2,0,2,0,21,2,,2,0,21,5,x,2,,6.7,6.4,,0,2,-12,108,-4,0
,355,R1.1,,45,3,3,2,1,42,6,,6,1,42,2,x,6,,5.3,6.0,,0,2,-12,108,-4,0
,356,R0.1,,45,4,1,2,0,21,6,,6,0,21,1,x,6,,6.6,6.7,,0,2,-12,108,-4,0
,357,R1.0,,45,5,2,2,1,43,2,,2,1,43,6,x,2,,5.5,6.1,,0,2,-12,108,-4,0
,358,R0.0,,45,6,0,2,0,20,2,,2,0,20,5,x,2,,6.6,6.7,,0,2,-12,108,-4,0
,359,R1.1,,45,7,3,2,1,43,6,,6,1,43,2,x,6,,5.6,6.0,,0,2,-12,108,-4,0
,360,R0.1,,45,8,1,2,0,20,6,,6,0,20,1,x,6,,6.6,6.9,,0,2,-12,108,-4,0
,361,R1.0,,46,1,2,2,1,40,2,,2,1,40,7,x,2,,4.0,4.7,,0,0,-8,104,-4,0
,362,R0.0,,46,2,0,2,0,23,2,,2,0,23,6,x,2,,7.4,6.9,,0,2,-12,108,-4,0
,363,R1.1,,46,3,3,2,1,40,6,,6,1,40,3,x,6,,4.1,4.7,,0,0,-8,104,-4,0
,364,R0.1,,46,4,1,2,0,23,6,,6,0,23,2,x,6,,7.3,7.0,,0,2,-12,108,-4,0
,365,R1.0,,46,5,2,2,1,41,2,,2,1,41,7,x,2,,4.3,4.6,,0,0,-8,104,-4,0
,366,R0.0,,46,6,0,2,0,22,2,,2,0,22,6,x,2,,7.3,7.2,,0,2,-12,108,-4,0
,367,R1.1,,46,7,3,2,1,41,6,,6,1,41,3,x,6,,4.4,4.8,,0,0,-8,104,-4,0
,368,R0.1,,46,8,1,2,0,22,6,,6,0,22,2,x,6,,7.3,7.4,,0,2,-12,108,-4,0
,369,R1.0,,47,1,2,2,1,42,3,,3,1,42,7,x,3,,3.4,4.1,,0,0,-8,104,-4,0
,370,R0.0,,47,2,0,2,0,21,3,,3,0,21,6,x,3,,8.6,8.3,,0,2,-12,120,-4,0
,371,R1.1,,47,3,3,2,1,42,7,,7,1,42,3,x,7,,3.3,4.1,,0,0,-8,104,-4,0
,372,R0.1,,47,4,1,2,0,21,7,,7,0,21,2,x,7,,8.3,8.4,,0,2,-12,120,-4,0
,373,R1.0,,47,5,2,2,1,43,3,,3,1,43,7,x,3,,3.7,4.1,,0,0,-8,104,-4,0
,374,R0.0,,47,6,0,2,0,20,3,,3,0,20,6,x,3,,8.5,8.6,,0,2,-12,120,-4,0
,375,R1.1,,47,7,3,2,1,43,7,,7,1,43,3,x,7,,3.6,4.1,,0,0,-8,104,-4,0
,376,R0.1,,47,8,1,2,0,20,7,,7,0,20,2,x,7,,8.3,8.6,,0,2,-12,120,-4,0
,377,R1.0,,48,1,2,2,1,40,3,,3,1,40,4,x,3,,2.2,2.8,,0,0,-8,100,-4,0
,378,R0.0,,48,2,0,2,0,23,3,,3,0,23,7,x,3,,9.3,8.2,,0,2,-16,112,-4,0
,379,R1.1,,48,3,3,2,1,40,7,,7,1,40,0,x,7,,2.1,2.7,,0,0,-8,100,-4,0
,380,R0.1,,48,4,1,2,0,23,7,,7,0,23,3,x,7,,9.0,8.3,,0,2,-16,112,-4,0
,381,R1.0,,48,5,2,2,1,41,3,,3,1,41,4,x,3,,2.5,2.8,,0,0,-8,100,-4,0
,382,R0.0,,48,6,0,2,0,22,3,,3,0,22,7,x,3,,9.2,8.5,,0,2,-16,112,-4,0
,383,R1.1,,48,7,3,2,1,41,7,,7,1,41,0,x,7,,2.4,2.7,,0,0,-8,100,-4,0
,384,R0.1,,48,8,1,2,0,22,7,,7,0,22,3,x,7,,9.0,8.6,,0,2,-16,112,-4,0
,385,R1.1,,49,1,3,3,1,38,0,x,4,1,38,4,x,4,,8.3,8.9,,0,2,-16,116,-4,0
,386,R0.1,,49,2,1,3,0,25,0,x,4,0,25,7,x,4,,2.5,2.1,,0,0,-8,104,-4,0
,387,R1.0,,49,3,2,3,1,38,4,x,0,1,38,0,x,0,,8.6,8.9,,0,2,-16,116,-4,0
,388,R0.0,,49,4,0,3,0,25,4,x,0,0,25,3,x,0,,2.7,2.2,,0,0,-8,104,-4,0
,389,R1.1,,49,5,3,3,1,39,0,x,4,1,39,4,x,4,,8.6,8.9,,0,2,-16,116,-4,0
,390,R0.1,,49,6,1,3,0,24,0,x,4,0,24,7,x,4,,2.4,2.4,,0,0,-8,104,-4,0
,391,R1.0,,49,7,2,3,1,39,4,x,0,1,39,0,x,0,,8.9,8.9,,0,2,-16,116,-4,0
,392,R0.0,,49,8,0,3,0,24,4,x,0,0,24,3,x,0,,2.6,2.5,,0,0,-8,104,-4,0
,393,R1.1,,50,1,3,3,1,36,0,x,4,1,36,5,x,4,,7.1,7.9,,0,2,-16,132,-8,0
,394,R0.1,,50,2,1,3,0,27,0,x,4,0,27,4,x,4,,3.2,2.9,,0,0,-8,96,0,0
,395,R1.0,,50,3,2,3,1,36,4,x,0,1,36,1,x,0,,7.2,8.0,,0,2,-16,132,-8,0
,396,R0.0,,50,4,0,3,0,27,4,x,0,0,27,0,x,0,,3.1,3.0,,0,0,-8,96,0,0
,397,R1.1,,50,5,3,3,1,37,0,x,4,1,37,5,x,4,,7.4,8.0,,0,2,-16,132,-8,0
,398,R0.1,,50,6,1,3,0,26,0,x,4,0,26,4,x,4,,3.1,3.3,,0,0,-8,96,0,0
,399,R1.0,,50,7,2,3,1,37,4,x,0,1,37,1,x,0,,7.7,8.2,,0,2,-16,132,-8,0
,400,R0.0,,50,8,0,3,0,26,4,x,0,0,26,0,x,0,,3.3,3.4,,0,0,-8,96,0,0
,401,R1.1,,51,1,3,3,1,38,1,x,5,1,38,5,x,5,,6.5,7.4,,0,2,-16,112,-4,0
,402,R0.1,,51,2,1,3,0,25,1,x,5,0,25,4,x,5,,4.4,4.2,,0,0,-8,104,-4,0
,403,R1.0,,51,3,2,3,1,38,5,x,1,1,38,1,x,1,,6.7,7.5,,0,2,-16,112,-4,0
,404,R0.0,,51,4,0,3,0,25,5,x,1,0,25,0,x,1,,4.3,4.3,,0,0,-8,104,-4,0
,405,R1.1,,51,5,3,3,1,39,1,x,5,1,39,5,x,5,,6.8,7.3,,0,2,-16,112,-4,0
,406,R0.1,,51,6,1,3,0,24,1,x,5,0,24,4,x,5,,4.3,4.5,,0,0,-8,104,-4,0
,407,R1.0,,51,7,2,3,1,39,5,x,1,1,39,1,x,1,,6.9,7.4,,0,2,-16,112,-4,0
,408,R0.0,,51,8,0,3,0,24,5,x,1,0,24,0,x,1,,4.3,4.6,,0,0,-8,104,-4,0
,409,R1.1,,52,1,3,3,1,36,1,x,5,1,36,6,x,5,,5.2,6.3,,0,0,-8,112,-4,0
,410,R0.1,,52,2,1,3,0,27,1,x,5,0,27,5,x,5,,4.9,4.6,,0,0,-8,104,-4,0
,411,R1.0,,52,3,2,3,1,36,5,x,1,1,36,2,x,1,,5.3,6.4,,0,0,-8,112,-4,0
,412,R0.0,,52,4,0,3,0,27,5,x,1,0,27,1,x,1,,4.9,4.9,,0,0,-8,104,-4,0
,413,R1.1,,52,5,3,3,1,37,1,x,5,1,37,6,x,5,,5.6,6.3,,0,0,-8,112,-4,0
,414,R0.1,,52,6,1,3,0,26,1,x,5,0,26,5,x,5,,5.0,5.0,,0,0,-8,104,-4,0
,415,R1.0,,52,7,2,3,1,37,5,x,1,1,37,2,x,1,,5.7,6.2,,0,0,-8,112,-4,0
,416,R0.0,,52,8,0,3,0,26,5,x,1,0,26,1,x,1,,5.0,5.3,,0,0,-8,104,-4,0
,417,R1.0,,53,1,2,3,1,38,2,,2,1,38,6,x,2,,4.8,5.6,,0,0,-8,104,-4,0
,418,R0.0,,53,2,0,3,0,25,2,,2,0,25,5,x,2,,6.3,5.9,,0,2,-12,108,-4,0
,419,R1.1,,53,3,3,3,1,38,6,,6,1,38,2,x,6,,4.9,5.5,,0,0,-8,104,-4,0
,420,R0.1,,53,4,1,3,0,25,6,,6,0,25,1,x,6,,6.2,6.2,,0,2,-12,108,-4,0
,421,R1.0,,53,5,2,3,1,39,2,,2,1,39,6,x,2,,5.0,5.6,,0,0,-8,104,-4,0
,422,R0.0,,53,6,0,3,0,24,2,,2,0,24,5,x,2,,6.2,6.2,,0,2,-12,108,-4,0
,423,R1.1,,53,7,3,3,1,39,6,,6,1,39,2,x,6,,5.2,5.5,,0,0,-8,104,-4,0
,424,R0.1,,53,8,1,3,0,24,6,,6,0,24,1,x,6,,6.2,6.5,,0,2,-12,108,-4,0
,425,R1.0,,54,1,2,3,1,36,2,,2,1,36,7,x,2,,3.6,4.5,,0,0,-8,104,-4,0
,426,R0.0,,54,2,0,3,0,27,2,,2,0,27,6,x,2,,7.0,6.6,,0,2,-12,108,-4,0
,427,R1.1,,54,3,3,3,1,36,6,,6,1,36,3,x,6,,3.4,4.5,,0,0,-8,104,-4,0
,428,R0.1,,54,4,1,3,0,27,6,,6,0,27,2,x,6,,6.6,6.8,,0,2,-12,108,-4,0
,429,R1.0,,54,5,2,3,1,37,2,,2,1,37,7,x,2,,3.9,4.3,,0,0,-8,104,-4,0
,430,R0.0,,54,6,0,3,0,26,2,,2,0,26,6,x,2,,6.9,6.9,,0,2,-12,108,-4,0
,431,R1.1,,54,7,3,3,1,37,6,,6,1,37,3,x,6,,4.0,4.3,,0,0,-8,104,-4,0
,432,R0.1,,54,8,1,3,0,26,6,,6,0,26,2,x,6,,6.9,7.0,,0,2,-12,108,-4,0
,433,R1.0,,55,1,2,3,1,38,3,,3,1,38,7,x,3,,3.0,3.6,,0,0,-8,104,-4,0
,434,R0.0,,55,2,0,3,0,25,3,,3,0,25,6,x,3,,8.2,7.8,,0,2,-16,124,-4,0
,435,R1.1,,55,3,3,3,1,38,7,,7,1,38,3,x,7,,2.9,3.6,,0,0,-8,104,-4,0
,436,R0.1,,55,4,1,3,0,25,7,,7,0,25,2,x,7,,7.9,7.9,,0,2,-16,124,-4,0
,437,R1.0,,55,5,2,3,1,39,3,,3,1,39,7,x,3,,3.3,3.6,,0,0,-8,104,-4,0
,438,R0.0,,55,6,0,3,0,24,3,,3,0,24,6,x,3,,8.1,8.1,,0,2,-16,124,-4,0
,439,R1.1,,55,7,3,3,1,39,7,,7,1,39,3,x,7,,3.2,3.6,,0,0,-8,104,-4,0
,440,R0.1,,55,8,1,3,0,24,7,,7,0,24,2,x,7,,7.9,8.2,,0,2,-16,124,-4,0
,441,R1.0,,56,1,2,3,1,36,3,,3,1,36,4,x,3,,1.7,2.3,,0,0,-8,100,-4,0
,442,R0.0,,56,2,0,3,0,27,3,,3,0,27,7,x,3,,8.7,8.1,,0,2,-16,112,-4,0
,443,R1.1,,56,3,3,3,1,36,7,,7,1,36,0,x,7,,1.7,2.3,,0,0,-8,100,-4,0
,444,R0.1,,56,4,1,3,0,27,7,,7,0,27,3,x,7,,8.7,8.2,,0,2,-16,112,-4,0
,445,R1.0,,56,5,2,3,1,37,3,,3,1,37,4,x,3,,2.1,2.5,,0,0,-8,100,-4,0
,446,R0.0,,56,6,0,3,0,26,3,,3,0,26,7,x,3,,8.8,8.2,,0,2,-16,112,-4,0
,447,R1.1,,56,7,3,3,1,37,7,,7,1,37,0,x,7,,2.0,2.5,,0,0,-8,100,-4,0
,448,R0.1,,56,8,1,3,0,26,7,,7,0,26,3,x,7,,8.6,8.4,,0,2,-16,112,-4,0
,449,R1.0,,57,1,2,3,1,34,4,x,0,1,34,4,x,0,,8.1,8.2,,0,2,-16,112,-4,0
,450,R0.0,,57,2,0,3,0,29,4,x,0,0,29,5,x,0,,2.5,1.4,,0,2,-12,116,-4,0
,451,R1.1,,57,3,3,3,1,34,6,,6,1,34,6,-,6,,8.1,8.1,,0,2,-16,112,-4,0
,452,R0.1,,57,4,1,3,0,29,6,,6,0,29,7,x,6,,2.5,1.5,,0,2,-12,116,-4,0
,453,R1.0,,57,5,2,3,1,35,0,,0,1,35,0,-,0,,8.0,8.2,,0,2,-16,112,-4,0
,454,R0.0,,57,6,0,3,0,28,0,,0,0,28,1,x,0,,2.2,1.8,,0,2,-12,116,-4,0
,455,R1.1,,57,7,3,3,1,35,2,x,6,1,35,2,x,6,,8.1,8.2,,0,2,-16,112,-4,0
,456,R0.1,,57,8,1,3,0,28,2,x,6,0,28,3,x,6,,2.1,1.8,,0,2,-12,116,-4,0
,457,R1.0,,58,1,2,3,1,32,4,x,0,1,32,5,x,0,,7.2,7.2,,0,0,-8,104,-4,0
,458,R0.0,,58,2,0,3,0,31,4,x,0,0,31,4,x,0,,3.5,2.4,,0,0,-8,96,0,0
,459,R1.1,,58,3,3,3,1,32,6,,6,1,32,7,x,6,,7.2,7.2,,0,0,-8,104,-4,0
,460,R0.1,,58,4,1,3,0,31,6,,6,0,31,6,-,6,,3.4,2.4,,0,0,-8,96,0,0
,461,R1.0,,58,5,2,3,1,33,0,,0,1,33,1,x,0,,7.1,7.2,,0,0,-8,104,-4,0
,462,R0.0,,58,6,0,3,0,30,0,,0,0,30,0,-,0,,3.1,2.7,,0,0,-8,96,0,0
,463,R1.1,,58,7,3,3,1,33,2,x,6,1,33,3,x,6,,7.2,7.2,,0,0,-8,104,-4,0
,464,R0.1,,58,8,1,3,0,30,2,x,6,0,30,2,x,6,,3.0,2.7,,0,0,-8,96,0,0
,465,R1.0,,59,1,2,3,1,34,5,x,1,1,34,5,x,1,,6.2,6.3,,0,0,-8,104,-4,0
,466,R0.0,,59,2,0,3,0,29,5,x,1,0,29,4,x,1,,4.2,3.2,,0,0,-8,104,-4,0
,467,R1.1,,59,3,3,3,1,34,7,,7,1,34,7,-,7,,6.3,6.3,,0,0,-8,104,-4,0
,468,R0.1,,59,4,1,3,0,29,7,,7,0,29,6,x,7,,4.1,3.3,,0,0,-8,104,-4,0
,469,R1.0,,59,5,2,3,1,35,1,,1,1,35,1,-,1,,6.2,6.3,,0,0,-8,104,-4,0
,470,R0.0,,59,6,0,3,0,28,1,,1,0,28,0,x,1,,3.9,3.6,,0,0,-8,104,-4,0
,471,R1.1,,59,7,3,3,1,35,3,x,7,1,35,3,x,7,,6.3,6.3,,0,0,-8,104,-4,0
,472,R0.1,,59,8,1,3,0,28,3,x,7,0,28,2,x,7,,3.8,3.6,,0,0,-8,104,-4,0
,473,R1.0,,60,1,2,3,1,32,5,x,1,1,32,4,x,1,,5.3,5.6,,0,0,-8,104,-4,0
,474,R0.0,,60,2,0,3,0,31,5,x,1,0,31,5,x,1,,5.1,4.0,,0,0,-8,100,-4,0
,475,R1.1,,60,3,3,3,1,32,7,,7,1,32,6,x,7,,5.4,5.5,,0,0,-8,104,-4,0
,476,R0.1,,60,4,1,3,0,31,7,,7,0,31,7,-,7,,5.0,4.1,,0,0,-8,100,-4,0
,477,R1.0,,60,5,2,3,1,33,1,,1,1,33,0,x,1,,5.3,5.6,,0,0,-8,104,-4,0
,478,R0.0,,60,6,0,3,0,30,1,,1,0,30,1,-,1,,4.7,4.3,,0,0,-8,100,-4,0
,479,R1.1,,60,7,3,3,1,33,3,x,7,1,33,2,x,7,,5.4,5.5,,0,0,-8,104,-4,0
,480,R0.1,,60,8,1,3,0,30,3,x,7,0,30,3,x,7,,4.7,4.4,,0,0,-8,100,-4,0
,481,R1.1,,61,1,3,3,1,35,4,,4,1,35,4,-,4,,4.4,4.9,,0,0,-8,104,-4,0
,482,R0.1,,61,2,1,3,0,28,4,,4,0,28,5,x,4,,5.8,5.1,,0,0,-8,104,-4,0
,483,R1.0,,61,3,2,3,1,35,6,x,2,1,35,6,x,2,,4.5,4.8,,0,0,-8,104,-4,0
,484,R0.0,,61,4,0,3,0,28,6,x,2,0,28,7,x,2,,5.8,5.1,,0,0,-8,104,-4,0
,485,R1.1,,61,5,3,3,1,34,0,x,4,1,34,0,x,4,,4.7,4.5,,0,0,-8,104,-4,0
,486,R0.1,,61,6,1,3,0,29,0,x,4,0,29,1,x,4,,5.9,5.1,,0,0,-8,104,-4,0
,487,R1.0,,61,7,2,3,1,34,2,,2,1,34,2,-,2,,4.8,4.5,,0,0,-8,104,-4,0
,488,R0.0,,61,8,0,3,0,29,2,,2,0,29,3,x,2,,5.8,5.1,,0,0,-8,104,-4,0
,489,R1.1,,62,1,3,3,1,33,4,,4,1,33,5,x,4,,3.6,3.9,,0,0,-8,100,-4,0
,490,R0.1,,62,2,1,3,0,30,4,,4,0,30,4,-,4,,6.7,6.0,,0,0,-8,104,-4,0
,491,R1.0,,62,3,2,3,1,33,6,x,2,1,33,7,x,2,,3.6,3.8,,0,0,-8,100,-4,0
,492,R0.0,,62,4,0,3,0,30,6,x,2,0,30,6,x,2,,6.7,6.1,,0,0,-8,104,-4,0
,493,R1.1,,62,5,3,3,1,32,0,x,4,1,32,1,x,4,,3.8,3.6,,0,0,-8,100,-4,0
,494,R0.1,,62,6,1,3,0,31,0,x,4,0,31,0,x,4,,6.8,6.0,,0,0,-8,104,-4,0
,495,R1.0,,62,7,2,3,1,32,2,,2,1,32,3,x,2,,3.9,3.5,,0,0,-8,100,-4,0
,496,R0.0,,62,8,0,3,0,31,2,,2,0,31,2,-,2,,6.7,6.0,,0,0,-8,104,-4,0
,497,R1.1,,63,1,3,3,1,35,5,,5,1,35,5,-,5,,2.6,3.0,,0,0,-8,100,-4,0
,498,R0.1,,63,2,1,3,0,28,5,,5,0,28,4,x,5,,7.5,6.9,,0,0,-8,104,-4,0
,499,R1.0,,63,3,2,3,1,35,7,x,3,1,35,7,x,3,,2.7,2.9,,0,0,-8,100,-4,0
,500,R0.0,,63,4,0,3,0,28,7,x,3,0,28,6,x,3,,7.4,7.0,,0,0,-8,104,-4,0
,501,R1.1,,63,5,3,3,1,34,1,x,5,1,34,1,x,5,,2.9,2.7,,0,0,-8,100,-4,0
,502,R0.1,,63,6,1,3,0,29,1,x,5,0,29,0,x,5,,7.5,6.9,,0,0,-8,104,-4,0
,503,R1.0,,63,7,2,3,1,34,3,,3,1,34,3,-,3,,3.0,2.6,,0,0,-8,100,-4,0
,504,R0.0,,63,8,0,3,0,29,3,,3,0,29,2,x,3,,7.4,6.9,,0,0,-8,104,-4,0
,505,R1.1,,64,1,3,3,1,33,5,,5,1,33,4,x,5,,1.7,2.3,,0,0,-8,100,-4,0
,506,R0.1,,64,2,1,3,0,30,5,,5,0,30,5,-,5,,8.4,7.7,,0,2,-12,104,-4,0
,507,R1.0,,64,3,2,3,1,33,7,x,3,1,33,6,x,3,,1.8,2.2,,0,0,-8,100,-4,0
,508,R0.0,,64,4,0,3,0,30,7,x,3,0,30,7,x,3,,8.3,7.8,,0,2,-12,104,-4,0
,509,R1.1,,64,5,3,3,1,32,1,x,5,1,32,0,x,5,,2.0,2.0,,0,0,-8,100,-4,0
,510,R0.1,,64,6,1,3,0,31,1,x,5,0,31,1,x,5,,8.4,7.7,,0,2,-12,104,-4,0
,511,R1.0,,64,7,2,3,1,32,3,,3,1,32,2,x,3,,2.1,1.9,,0,0,-8,100,-4,0
,512,R0.0,,64,8,0,3,0,31,3,,3,0,31,3,-,3,,8.3,7.8,,0,2,-12,104,-4,0
,513,R1.1,,65,1,3,4,1,31,2,x,6,1,31,2,x,6,,8.1,8.2,,0,2,-16,116,-8,0
,514,R0.1,,65,2,1,4,0,32,2,x,6,0,32,3,x,6,,2.5,1.4,,0,2,-16,116,-4,0
,515,R1.0,,65,3,2,4,1,31,0,,0,1,31,0,-,0,,8.2,8.1,,0,2,-16,116,-8,0
,516,R0.0,,65,4,0,4,0,32,0,,0,0,32,1,x,0,,2.5,1.5,,0,2,-16,116,-4,0
,517,R1.1,,65,5,3,4,1,30,6,,6,1,30,6,-,6,,8.0,8.2,,0,2,-16,116,-8,0
,518,R0.1,,65,6,1,4,0,33,6,,6,0,33,7,x,6,,2.2,1.7,,0,2,-16,116,-4,0
,519,R1.0,,65,7,2,4,1,30,4,x,0,1,30,4,x,0,,8.1,8.2,,0,2,-16,116,-8,0
,520,R0.0,,65,8,0,4,0,33,4,x,0,0,33,5,x,0,,2.1,1.8,,0,2,-16,116,-4,0
,521,R1.1,,66,1,3,4,1,29,2,x,6,1,29,3,x,6,,7.2,7.2,,0,2,-12,108,-4,0
,522,R0.1,,66,2,1,4,0,34,2,x,6,0,34,2,x,6,,3.4,2.3,,0,0,-8,100,-4,0
,523,R1.0,,66,3,2,4,1,29,0,,0,1,29,1,x,0,,7.3,7.2,,0,2,-12,108,-4,0
,524,R0.0,,66,4,0,4,0,34,0,,0,0,34,0,-,0,,3.3,2.4,,0,0,-8,100,-4,0
,525,R1.1,,66,5,3,4,1,28,6,,6,1,28,7,x,6,,7.1,7.2,,0,2,-12,108,-4,0
,526,R0.1,,66,6,1,4,0,35,6,,6,0,35,6,-,6,,3.1,2.7,,0,0,-8,100,-4,0
,527,R1.0,,66,7,2,4,1,28,4,x,0,1,28,5,x,0,,7.2,7.2,,0,2,-12,108,-4,0
,528,R0.0,,66,8,0,4,0,35,4,x,0,0,35,4,x,0,,3.0,2.8,,0,0,-8,100,-4,0
,529,R1.1,,67,1,3,4,1,31,3,x,7,1,31,3,x,7,,6.2,6.3,,0,0,-8,104,-4,0
,530,R0.1,,67,2,1,4,0,32,3,x,7,0,32,2,x,7,,4.2,3.3,,0,0,-8,100,-4,0
,531,R1.0,,67,3,2,4,1,31,1,,1,1,31,1,-,1,,6.3,6.3,,0,0,-8,104,-4,0
,532,R0.0,,67,4,0,4,0,32,1,,1,0,32,0,x,1,,4.1,3.3,,0,0,-8,100,-4,0
,533,R1.1,,67,5,3,4,1,30,7,,7,1,30,7,-,7,,6.2,6.3,,0,0,-8,104,-4,0
,534,R0.1,,67,6,1,4,0,33,7,,7,0,33,6,x,7,,3.9,3.6,,0,0,-8,100,-4,0
,535,R1.0,,67,7,2,4,1,30,5,x,1,1,30,5,x,1,,6.3,6.3,,0,0,-8,104,-4,0
,536,R0.0,,67,8,0,4,0,33,5,x,1,0,33,4,x,1,,3.8,3.7,,0,0,-8,100,-4,0
,537,R1.1,,68,1,3,4,1,29,3,x,7,1,29,2,x,7,,5.3,5.6,,0,0,-8,104,-4,0
,538,R0.1,,68,2,1,4,0,34,3,x,7,0,34,3,x,7,,5.1,4.0,,0,0,-8,104,-4,0
,539,R1.0,,68,3,2,4,1,29,1,,1,1,29,0,x,1,,5.4,5.5,,0,0,-8,104,-4,0
,540,R0.0,,68,4,0,4,0,34,1,,1,0,34,1,-,1,,5.0,4.1,,0,0,-8,104,-4,0
,541,R1.1,,68,5,3,4,1,28,7,,7,1,28,6,x,7,,5.3,5.6,,0,0,-8,104,-4,0
,542,R0.1,,68,6,1,4,0,35,7,,7,0,35,7,-,7,,4.8,4.3,,0,0,-8,104,-4,0
,543,R1.0,,68,7,2,4,1,28,5,x,1,1,28,4,x,1,,5.4,5.5,,0,0,-8,104,-4,0
,544,R0.0,,68,8,0,4,0,35,5,x,1,0,35,5,x,1,,4.9,4.4,,0,0,-8,104,-4,0
,545,R1.0,,69,1,2,4,1,30,2,,2,1,30,2,-,2,,4.4,4.8,,0,0,-8,104,-4,0
,546,R0.0,,69,2,0,4,0,33,2,,2,0,33,3,x,2,,5.8,5.1,,0,0,-8,104,-4,0
,547,R1.1,,69,3,3,4,1,30,0,x,4,1,30,0,x,4,,4.5,4.8,,0,0,-8,104,-4,0
,548,R0.1,,69,4,1,4,0,33,0,x,4,0,33,1,x,4,,5.8,5.1,,0,0,-8,104,-4,0
,549,R1.0,,69,5,2,4,1,31,6,x,2,1,31,6,x,2,,4.7,4.5,,0,0,-8,104,-4,0
,550,R0.0,,69,6,0,4,0,32,6,x,2,0,32,7,x,2,,5.9,5.1,,0,0,-8,104,-4,0
,551,R1.1,,69,7,3,4,1,31,4,,4,1,31,4,-,4,,4.8,4.5,,0,0,-8,104,-4,0
,552,R0.1,,69,8,1,4,0,32,4,,4,0,32,5,x,4,,5.8,5.1,,0,0,-8,104,-4,0
,553,R1.0,,70,1,2,4,1,28,2,,2,1,28,3,x,2,,3.5,3.9,,0,0,-8,100,-4,0
,554,R0.0,,70,2,0,4,0,35,2,,2,0,35,2,-,2,,6.7,6.0,,0,0,-8,100,0,0
,555,R1.1,,70,3,3,4,1,28,0,x,4,1,28,1,x,4,,3.6,3.8,,0,0,-8,100,-4,0
,556,R0.1,,70,4,1,4,0,35,0,x,4,0,35,0,x,4,,6.6,6.1,,0,0,-8,100,0,0
,557,R1.0,,70,5,2,4,1,29,6,x,2,1,29,7,x,2,,3.8,3.6,,0,0,-8,100,-4,0
,558,R0.0,,70,6,0,4,0,34,6,x,2,0,34,6,x,2,,6.8,6.0,,0,0,-8,100,0,0
,559,R1.1,,70,7,3,4,1,29,4,,4,1,29,5,x,4,,3.9,3.5,,0,0,-8,100,-4,0
,560,R0.1,,70,8,1,4,0,34,4,,4,0,34,4,-,4,,6.7,6.1,,0,0,-8,100,0,0
,561,R1.0,,71,1,2,4,1,30,3,,3,1,30,3,-,3,,2.6,3.0,,0,0,-8,100,-4,0
,562,R0.0,,71,2,0,4,0,33,3,,3,0,33,2,x,3,,7.5,6.9,,0,0,-8,104,-4,0
,563,R1.1,,71,3,3,4,1,30,1,x,5,1,30,1,x,5,,2.6,2.9,,0,0,-8,100,-4,0
,564,R0.1,,71,4,1,4,0,33,1,x,5,0,33,0,x,5,,7.4,7.0,,0,0,-8,104,-4,0
,565,R1.0,,71,5,2,4,1,31,7,x,3,1,31,7,x,3,,2.9,2.7,,0,0,-8,100,-4,0
,566,R0.0,,71,6,0,4,0,32,7,x,3,0,32,6,x,3,,7.5,6.9,,0,0,-8,104,-4,0
,567,R1.1,,71,7,3,4,1,31,5,,5,1,31,5,-,5,,3.0,2.6,,0,0,-8,100,-4,0
,568,R0.1,,71,8,1,4,0,32,5,,5,0,32,4,x,5,,7.4,7.0,,0,0,-8,104,-4,0
,569,R1.0,,72,1,2,4,1,28,3,,3,1,28,2,x,3,,1.7,2.2,,0,0,-8,100,-4,0
,570,R0.0,,72,2,0,4,0,35,3,,3,0,35,3,-,3,,8.4,7.7,,0,2,-12,108,-4,0
,571,R1.1,,72,3,3,4,1,28,1,x,5,1,28,0,x,5,,1.7,2.2,,0,0,-8,100,-4,0
,572,R0.1,,72,4,1,4,0,35,1,x,5,0,35,1,x,5,,8.3,7.8,,0,2,-12,108,-4,0
,573,R1.0,,72,5,2,4,1,29,7,x,3,1,29,6,x,3,,2.0,1.9,,0,0,-8,100,-4,0
,574,R0.0,,72,6,0,4,0,34,7,x,3,0,34,7,x,3,,8.4,7.7,,0,2,-12,108,-4,0
,575,R1.1,,72,7,3,4,1,29,5,,5,1,29,4,x,5,,2.0,1.8,,0,0,-8,100,-4,0
,576,R0.1,,72,8,1,4,0,34,5,,5,0,34,5,-,5,,8.3,7.8,,0,2,-12,108,-4,0
,577,R1.1,,73,1,3,4,1,26,4,,4,1,26,0,x,4,,8.4,8.8,,0,2,-16,124,-8,0
,578,R0.1,,73,2,1,4,0,37,4,,4,0,37,3,x,4,,2.6,1.9,,0,0,-8,104,-4,0
,579,R1.0,,73,3,2,4,1,26,0,,0,1,26,4,x,0,,8.2,8.8,,0,2,-16,124,-8,0
,580,R0.0,,73,4,0,4,0,37,0,,0,0,37,7,x,0,,2.2,1.9,,0,0,-8,104,-4,0
,581,R1.1,,73,5,3,4,1,27,4,,4,1,27,0,x,4,,8.2,8.4,,0,2,-16,124,-8,0
,582,R0.1,,73,6,1,4,0,36,4,,4,0,36,3,x,4,,2.1,2.1,,0,0,-8,104,-4,0
,583,R1.0,,73,7,2,4,1,27,0,,0,1,27,4,x,0,,8.3,8.3,,0,2,-16,124,-8,0
,584,R0.0,,73,8,0,4,0,36,0,,0,0,36,7,x,0,,2.0,2.1,,0,0,-8,104,-4,0
,585,R1.1,,74,1,3,4,1,24,4,,4,1,24,1,x,4,,7.7,8.6,,0,2,-16,132,-4,0
,586,R0.1,,74,2,1,4,0,39,4,,4,0,39,0,x,4,,3.8,3.4,,0,0,-8,100,0,0
,587,R1.0,,74,3,2,4,1,24,0,,0,1,24,5,x,0,,7.5,8.3,,0,2,-16,132,-4,0
,588,R0.0,,74,4,0,4,0,39,0,,0,0,39,4,x,0,,3.4,3.4,,0,0,-8,100,0,0
,589,R1.1,,74,5,3,4,1,25,4,,4,1,25,1,x,4,,7.8,8.3,,0,2,-16,132,-4,0
,590,R0.1,,74,6,1,4,0,38,4,,4,0,38,0,x,4,,3.5,3.4,,0,0,-8,100,0,0
,591,R1.0,,74,7,2,4,1,25,0,,0,1,25,5,x,0,,7.5,8.1,,0,2,-16,132,-4,0
,592,R0.0,,74,8,0,4,0,38,0,,0,0,38,4,x,0,,3.1,3.5,,0,0,-8,100,0,0
,593,R1.1,,75,1,3,4,1,26,5,,5,1,26,1,x,5,,6.5,7.4,,0,2,-20,136,-8,0
,594,R0.1,,75,2,1,4,0,37,5,,5,0,37,0,x,5,,4.3,4.1,,0,0,-8,104,-4,0
,595,R1.0,,75,3,2,4,1,26,1,,1,1,26,5,x,1,,6.5,7.2,,0,2,-20,136,-8,0
,596,R0.0,,75,4,0,4,0,37,1,,1,0,37,4,x,1,,4.1,4.1,,0,0,-8,104,-4,0
,597,R1.1,,75,5,3,4,1,27,5,,5,1,27,1,x,5,,6.3,7.0,,0,2,-20,136,-8,0
,598,R0.1,,75,6,1,4,0,36,5,,5,0,36,0,x,5,,3.8,3.9,,0,0,-8,104,-4,0
,599,R1.0,,75,7,2,4,1,27,1,,1,1,27,5,x,1,,6.4,6.8,,0,2,-20,136,-8,0
,600,R0.0,,75,8,0,4,0,36,1,,1,0,36,4,x,1,,3.8,4.0,,0,0,-8,104,-4,0
,601,R1.1,,76,1,3,4,1,24,5,,5,1,24,2,x,5,,5.7,6.6,,0,2,-16,112,-4,0
,602,R0.1,,76,2,1,4,0,39,5,,5,0,39,1,x,5,,5.5,5.2,,0,0,-8,104,-4,0
,603,R1.0,,76,3,2,4,1,24,1,,1,1,24,6,x,1,,5.8,6.6,,0,2,-16,112,-4,0
,604,R0.0,,76,4,0,4,0,39,1,,1,0,39,5,x,1,,5.3,5.1,,0,0,-8,104,-4,0
,605,R1.1,,76,5,3,4,1,25,5,,5,1,25,2,x,5,,5.8,6.4,,0,2,-16,112,-4,0
,606,R0.1,,76,6,1,4,0,38,5,,5,0,38,1,x,5,,5.2,5.3,,0,0,-8,104,-4,0
,607,R1.0,,76,7,2,4,1,25,1,,1,1,25,6,x,1,,5.8,6.3,,0,2,-16,112,-4,0
,608,R0.0,,76,8,0,4,0,38,1,,1,0,38,5,x,1,,5.1,5.1,,0,0,-8,104,-4,0
,609,R1.0,,77,1,2,4,1,26,6,x,2,1,26,2,x,2,,4.7,5.5,,0,2,-12,108,-4,0
,610,R0.0,,77,2,0,4,0,37,6,x,2,0,37,1,x,2,,6.2,6.0,,0,2,-12,108,-4,0
,611,R1.1,,77,3,3,4,1,26,2,x,6,1,26,6,x,6,,4.7,5.4,,0,2,-12,108,-4,0
,612,R0.1,,77,4,1,4,0,37,2,x,6,0,37,5,x,6,,6.0,5.8,,0,2,-12,108,-4,0
,613,R1.0,,77,5,2,4,1,27,6,x,2,1,27,2,x,2,,4.4,5.3,,0,2,-12,108,-4,0
,614,R0.0,,77,6,0,4,0,36,6,x,2,0,36,1,x,2,,5.6,5.8,,0,2,-12,108,-4,0
,615,R1.1,,77,7,3,4,1,27,2,x,6,1,27,6,x,6,,4.8,5.1,,0,2,-12,108,-4,0
,616,R0.1,,77,8,1,4,0,36,2,x,6,0,36,5,x,6,,5.8,5.7,,0,2,-12,108,-4,0
,617,R1.0,,78,1,2,4,1,24,6,x,2,1,24,3,x,2,,4.0,4.7,,0,0,-8,100,0,0
,618,R0.0,,78,2,0,4,0,39,6,x,2,0,39,2,x,2,,7.4,6.9,,0,2,-16,120,-8,0
,619,R1.1,,78,3,3,4,1,24,2,x,6,1,24,7,x,6,,4.0,4.6,,0,0,-8,100,0,0
,620,R0.1,,78,4,1,4,0,39,2,x,6,0,39,6,x,6,,7.2,7.0,,0,2,-16,120,-8,0
,621,R1.0,,78,5,2,4,1,25,6,x,2,1,25,3,x,2,,4.0,4.5,,0,0,-8,100,0,0
,622,R0.0,,78,6,0,4,0,38,6,x,2,0,38,2,x,2,,7.1,7.0,,0,2,-16,120,-8,0
,623,R1.1,,78,7,3,4,1,25,2,x,6,1,25,7,x,6,,4.0,4.3,,0,0,-8,100,0,0
,624,R0.1,,78,8,1,4,0,38,2,x,6,0,38,6,x,6,,7.0,7.1,,0,2,-16,120,-8,0
,625,R1.0,,79,1,2,4,1,26,7,x,3,1,26,3,x,3,,2.7,3.5,,0,0,-8,100,0,0
,626,R0.0,,79,2,0,4,0,37,7,x,3,0,37,2,x,3,,7.8,7.6,,0,2,-16,128,-4,0
,627,R1.1,,79,3,3,4,1,26,3,x,7,1,26,7,x,7,,2.9,3.4,,0,0,-8,100,0,0
,628,R0.1,,79,4,1,4,0,37,3,x,7,0,37,6,x,7,,7.9,7.7,,0,2,-16,128,-4,0
,629,R1.0,,79,5,2,4,1,27,7,x,3,1,27,3,x,3,,2.8,3.4,,0,0,-8,100,0,0
,630,R0.0,,79,6,0,4,0,36,7,x,3,0,36,2,x,3,,7.6,7.8,,0,2,-16,128,-4,0
,631,R1.1,,79,7,3,4,1,27,3,x,7,1,27,7,x,7,,2.8,3.3,,0,0,-8,100,0,0
,632,R0.1,,79,8,1,4,0,36,3,x,7,0,36,6,x,7,,7.6,7.7,,0,2,-16,128,-4,0
,633,R1.0,,80,1,2,4,1,24,7,x,3,1,24,0,x,3,,2.0,2.9,,0,0,-8,96,0,0
,634,R0.0,,80,2,0,4,0,39,7,x,3,0,39,3,x,3,,9.0,8.3,,0,2,-16,120,-8,0
,635,R1.1,,80,3,3,4,1,24,3,x,7,1,24,4,x,7,,2.3,2.9,,0,0,-8,96,0,0
,636,R0.1,,80,4,1,4,0,39,3,x,7,0,39,7,x,7,,9.1,8.3,,0,2,-16,120,-8,0
,637,R1.0,,80,5,2,4,1,25,7,x,3,1,25,0,x,3,,2.0,2.6,,0,0,-8,96,0,0
,638,R0.0,,80,6,0,4,0,38,7,x,3,0,38,3,x,3,,8.8,8.3,,0,2,-16,120,-8,0
,639,R1.1,,80,7,3,4,1,25,3,x,7,1,25,4,x,7,,2.3,2.6,,0,0,-8,96,0,0
,640,R0.1,,80,8,1,4,0,38,3,x,7,0,38,7,x,7,,8.8,8.3,,0,2,-16,120,-8,0
,641,R1.1,,81,1,3,5,1,22,4,,4,1,22,0,x,4,,8.8,9.1,,0,2,-16,116,-4,0
,642,R0.1,,81,2,1,5,0,41,4,,4,0,41,3,x,4,,3.0,2.2,,0,0,-8,100,0,0
,643,R1.0,,81,3,2,5,1,22,0,,0,1,22,4,x,0,,8.6,9.0,,0,2,-16,116,-4,0
,644,R0.0,,81,4,0,5,0,41,0,,0,0,41,7,x,0,,2.6,2.2,,0,0,-8,100,0,0
,645,R1.1,,81,5,3,5,1,23,4,,4,1,23,0,x,4,,8.9,8.8,,0,2,-16,116,-4,0
,646,R0.1,,81,6,1,5,0,40,4,,4,0,40,3,x,4,,2.7,2.2,,0,0,-8,100,0,0
,647,R1.0,,81,7,2,5,1,23,0,,0,1,23,4,x,0,,8.6,8.7,,0,2,-16,116,-4,0
,648,R0.0,,81,8,0,5,0,40,0,,0,0,40,7,x,0,,2.4,2.2,,0,0,-8,100,0,0
,649,R1.1,,82,1,3,5,1,20,4,,4,1,20,1,x,4,,8.1,9.1,,0,2,-12,132,-4,0
,650,R0.1,,82,2,1,5,0,43,4,,4,0,43,0,x,4,,4.2,3.8,,0,0,-8,104,-4,0
,651,R1.0,,82,3,2,5,1,20,0,,0,1,20,5,x,0,,7.9,8.8,,0,2,-12,132,-4,0
,652,R0.0,,82,4,0,5,0,43,0,,0,0,43,4,x,0,,3.8,3.9,,0,0,-8,104,-4,0
,653,R1.1,,82,5,3,5,1,21,4,,4,1,21,1,x,4,,8.2,8.8,,0,2,-12,132,-4,0
,654,R0.1,,82,6,1,5,0,42,4,,4,0,42,0,x,4,,3.9,3.9,,0,0,-8,104,-4,0
,655,R1.0,,82,7,2,5,1,21,0,,0,1,21,5,x,0,,7.9,8.6,,0,2,-12,132,-4,0
,656,R0.0,,82,8,0,5,0,42,0,,0,0,42,4,x,0,,3.6,4.0,,0,0,-8,104,-4,0
,657,R1.1,,83,1,3,5,1,22,5,,5,1,22,1,x,5,,6.8,7.9,,0,2,-16,136,-8,0
,658,R0.1,,83,2,1,5,0,41,5,,5,0,41,0,x,5,,4.7,4.5,,0,0,-8,104,-4,0
,659,R1.0,,83,3,2,5,1,22,1,,1,1,22,5,x,1,,6.9,7.5,,0,2,-16,136,-8,0
,660,R0.0,,83,4,0,5,0,41,1,,1,0,41,4,x,1,,4.5,4.4,,0,0,-8,104,-4,0
,661,R1.1,,83,5,3,5,1,23,5,,5,1,23,1,x,5,,6.9,7.5,,0,2,-16,136,-8,0
,662,R0.1,,83,6,1,5,0,40,5,,5,0,40,0,x,5,,4.4,4.4,,0,0,-8,104,-4,0
,663,R1.0,,83,7,2,5,1,23,1,,1,1,23,5,x,1,,6.9,7.2,,0,2,-16,136,-8,0
,664,R0.0,,83,8,0,5,0,40,1,,1,0,40,4,x,1,,4.3,4.5,,0,0,-8,104,-4,0
,665,R1.1,,84,1,3,5,1,20,5,,5,1,20,2,x,5,,6.2,7.1,,0,2,-16,116,-8,0
,666,R0.1,,84,2,1,5,0,43,5,,5,0,43,1,x,5,,5.9,5.7,,0,0,-8,104,-4,0
,667,R1.0,,84,3,2,5,1,20,1,,1,1,20,6,x,1,,6.2,7.1,,0,2,-16,116,-8,0
,668,R0.0,,84,4,0,5,0,43,1,,1,0,43,5,x,1,,5.7,5.6,,0,0,-8,104,-4,0
,669,R1.1,,84,5,3,5,1,21,5,,5,1,21,2,x,5,,6.2,6.9,,0,2,-16,116,-8,0
,670,R0.1,,84,6,1,5,0,42,5,,5,0,42,1,x,5,,5.6,5.8,,0,0,-8,104,-4,0
,671,R1.0,,84,7,2,5,1,21,1,,1,1,21,6,x,1,,6.2,6.8,,0,2,-16,116,-8,0
,672,R0.0,,84,8,0,5,0,42,1,,1,0,42,5,x,1,,5.5,5.6,,0,0,-8,104,-4,0
,673,R1.0,,85,1,2,5,1,22,6,x,2,1,22,2,x,2,,5.1,6.0,,0,2,-16,116,-8,0
,674,R0.0,,85,2,0,5,0,41,6,x,2,0,41,1,x,2,,6.6,6.4,,0,2,-12,108,-4,0
,675,R1.1,,85,3,3,5,1,22,2,x,6,1,22,6,x,6,,5.1,5.7,,0,2,-16,116,-8,0
,676,R0.1,,85,4,1,5,0,41,2,x,6,0,41,5,x,6,,6.5,6.1,,0,2,-12,108,-4,0
,677,R1.0,,85,5,2,5,1,23,6,x,2,1,23,2,x,2,,5.1,5.5,,0,2,-16,116,-8,0
,678,R0.0,,85,6,0,5,0,40,6,x,2,0,40,1,x,2,,6.3,6.3,,0,2,-12,108,-4,0
,679,R1.1,,85,7,3,5,1,23,2,x,6,1,23,6,x,6,,5.1,5.4,,0,2,-16,116,-8,0
,680,R0.1,,85,8,1,5,0,40,2,x,6,0,40,5,x,6,,6.2,6.2,,0,2,-12,108,-4,0
,681,R1.0,,86,1,2,5,1,20,6,x,2,1,20,3,x,2,,4.4,5.2,,0,0,-8,104,-4,0
,682,R0.0,,86,2,0,5,0,43,6,x,2,0,43,2,x,2,,7.8,7.4,,0,2,-20,124,-8,0
,683,R1.1,,86,3,3,5,1,20,2,x,6,1,20,7,x,6,,4.4,5.1,,0,0,-8,104,-4,0
,684,R0.1,,86,4,1,5,0,43,2,x,6,0,43,6,x,6,,7.6,7.5,,0,2,-20,124,-8,0
,685,R1.0,,86,5,2,5,1,21,6,x,2,1,21,3,x,2,,4.4,4.9,,0,0,-8,104,-4,0
,686,R0.0,,86,6,0,5,0,42,6,x,2,0,42,2,x,2,,7.5,7.4,,0,2,-20,124,-8,0
,687,R1.1,,86,7,3,5,1,21,2,x,6,1,21,7,x,6,,4.4,4.8,,0,0,-8,104,-4,0
,688,R0.1,,86,8,1,5,0,42,2,x,6,0,42,6,x,6,,7.4,7.5,,0,2,-20,124,-8,0
,689,R1.0,,87,1,2,5,1,22,7,x,3,1,22,3,x,3,,3.1,4.0,,0,0,-8,104,-4,0
,690,R0.0,,87,2,0,5,0,41,7,x,3,0,41,2,x,3,,8.3,8.1,,0,2,-16,120,-4,0
,691,R1.1,,87,3,3,5,1,22,3,x,7,1,22,7,x,7,,3.3,3.7,,0,0,-8,104,-4,0
,692,R0.1,,87,4,1,5,0,41,3,x,7,0,41,6,x,7,,8.3,8.0,,0,2,-16,120,-4,0
,693,R1.0,,87,5,2,5,1,23,7,x,3,1,23,3,x,3,,3.1,3.6,,0,0,-8,104,-4,0
,694,R0.0,,87,6,0,5,0,40,7,x,3,0,40,2,x,3,,8.0,8.0,,0,2,-16,120,-4,0
,695,R1.1,,87,7,3,5,1,23,3,x,7,1,23,7,x,7,,3.4,3.5,,0,0,-8,104,-4,0
,696,R0.1,,87,8,1,5,0,40,3,x,7,0,40,6,x,7,,8.1,8.1,,0,2,-16,120,-4,0
,697,R1.0,,88,1,2,5,1,20,7,x,3,1,20,0,x,3,,2.4,3.1,,0,0,-8,96,0,0
,698,R0.0,,88,2,0,5,0,43,7,x,3,0,43,3,x,3,,9.5,8.5,,0,2,-16,120,-8,0
,699,R1.1,,88,3,3,5,1,20,3,x,7,1,20,4,x,7,,2.7,3.1,,0,0,-8,96,0,0
,700,R0.1,,88,4,1,5,0,43,3,x,7,0,43,7,x,7,,9.5,8.5,,0,2,-16,120,-8,0
,701,R1.0,,88,5,2,5,1,21,7,x,3,1,21,0,x,3,,2.4,2.9,,0,0,-8,96,0,0
,702,R0.0,,88,6,0,5,0,42,7,x,3,0,42,3,x,3,,9.2,8.5,,0,2,-16,120,-8,0
,703,R1.1,,88,7,3,5,1,21,3,x,7,1,21,4,x,7,,2.7,2.8,,0,0,-8,96,0,0
,704,R0.1,,88,8,1,5,0,42,3,x,7,0,42,7,x,7,,9.3,8.5,,0,2,-16,120,-8,0
,705,R1.1,,89,1,3,5,1,18,4,,4,1,18,0,x,4,,9.3,9.5,,0,2,-16,116,-4,0
,706,R0.1,,89,2,1,5,0,45,4,,4,0,45,3,x,4,,3.4,2.6,,0,0,-8,100,0,0
,707,R1.0,,89,3,2,5,1,18,0,,0,1,18,4,x,0,,9.1,9.4,,0,2,-16,116,-4,0
,708,R0.0,,89,4,0,5,0,45,0,,0,0,45,7,x,0,,3.0,2.6,,0,0,-8,100,0,0
,709,R1.1,,89,5,3,5,1,19,4,,4,1,19,0,x,4,,9.3,9.2,,0,2,-16,116,-4,0
,710,R0.1,,89,6,1,5,0,44,4,,4,0,44,3,x,4,,3.1,2.7,,0,0,-8,100,0,0
,711,R1.0,,89,7,2,5,1,19,0,,0,1,19,4,x,0,,9.1,9.1,,0,2,-16,116,-4,0
,712,R0.0,,89,8,0,5,0,44,0,,0,0,44,7,x,0,,2.8,2.7,,0,0,-8,100,0,0
,713,R1.1,,90,1,3,5,1,16,4,,4,1,16,1,x,4,,8.7,9.4,,0,2,-16,120,-4,0
,714,R0.1,,90,2,1,5,0,47,4,,4,0,47,0,x,4,,4.6,4.2,,0,0,-8,104,-4,0
,715,R1.0,,90,3,2,5,1,16,0,,0,1,16,5,x,0,,8.5,9.1,,0,2,-16,120,-4,0
,716,R0.0,,90,4,0,5,0,47,0,,0,0,47,4,x,0,,4.2,4.3,,0,0,-8,104,-4,0
,717,R1.1,,90,5,3,5,1,17,4,,4,1,17,1,x,4,,8.7,9.2,,0,2,-16,120,-4,0
,718,R0.1,,90,6,1,5,0,46,4,,4,0,46,0,x,4,,4.3,4.2,,0,0,-8,104,-4,0
,719,R1.0,,90,7,2,5,1,17,0,,0,1,17,5,x,0,,8.4,8.9,,0,2,-16,120,-4,0
,720,R0.0,,90,8,0,5,0,46,0,,0,0,46,4,x,0,,3.9,4.3,,0,0,-8,104,-4,0
,721,R1.1,,91,1,3,5,1,18,5,,5,1,18,1,x,5,,7.3,8.3,,0,2,-20,120,-8,0
,722,R0.1,,91,2,1,5,0,45,5,,5,0,45,0,x,5,,5.0,4.9,,0,0,-8,104,-4,0
,723,R1.0,,91,3,2,5,1,18,1,,1,1,18,5,x,1,,7.4,8.0,,0,2,-20,120,-8,0
,724,R0.0,,91,4,0,5,0,45,1,,1,0,45,4,x,1,,4.9,5.0,,0,0,-8,104,-4,0
,725,R1.1,,91,5,3,5,1,19,5,,5,1,19,1,x,5,,7.4,8.0,,0,2,-20,120,-8,0
,726,R0.1,,91,6,1,5,0,44,5,,5,0,44,0,x,5,,4.7,4.9,,0,0,-8,104,-4,0
,727,R1.0,,91,7,2,5,1,19,1,,1,1,19,5,x,1,,7.4,7.7,,0,2,-20,120,-8,0
,728,R0.0,,91,8,0,5,0,44,1,,1,0,44,4,x,1,,4.6,5.0,,0,0,-8,104,-4,0
,729,R1.1,,92,1,3,5,1,16,5,,5,1,16,2,x,5,,6.7,7.5,,0,2,-16,116,-8,0
,730,R0.1,,92,2,1,5,0,47,5,,5,0,47,1,x,5,,6.2,6.1,,0,0,-8,104,-4,0
,731,R1.0,,92,3,2,5,1,16,1,,1,1,16,6,x,1,,6.7,7.4,,0,2,-16,116,-8,0
,732,R0.0,,92,4,0,5,0,47,1,,1,0,47,5,x,1,,6.0,5.9,,0,0,-8,104,-4,0
,733,R1.1,,92,5,3,5,1,17,5,,5,1,17,2,x,5,,6.7,7.2,,0,2,-16,116,-8,0
,734,R0.1,,92,6,1,5,0,46,5,,5,0,46,1,x,5,,5.9,6.1,,0,0,-8,104,-4,0
,735,R1.0,,92,7,2,5,1,17,1,,1,1,17,6,x,1,,6.7,7.1,,0,2,-16,116,-8,0
,736,R0.0,,92,8,0,5,0,46,1,,1,0,46,5,x,1,,5.7,6.0,,0,0,-8,104,-4,0
,737,R1.0,,93,1,2,5,1,18,6,x,2,1,18,2,x,2,,5.6,6.3,,0,2,-12,108,-4,0
,738,R0.0,,93,2,0,5,0,45,6,x,2,0,45,1,x,2,,6.8,6.8,,0,2,-12,108,-4,0
,739,R1.1,,93,3,3,5,1,18,2,x,6,1,18,6,x,6,,5.6,6.2,,0,2,-12,108,-4,0
,740,R0.1,,93,4,1,5,0,45,2,x,6,0,45,5,x,6,,6.7,6.6,,0,2,-12,108,-4,0
,741,R1.0,,93,5,2,5,1,19,6,x,2,1,19,2,x,2,,5.6,6.0,,0,2,-12,108,-4,0
,742,R0.0,,93,6,0,5,0,44,6,x,2,0,44,1,x,2,,6.5,6.8,,0,2,-12,108,-4,0
,743,R1.1,,93,7,3,5,1,19,2,x,6,1,19,6,x,6,,5.6,6.0,,0,2,-12,108,-4,0
,744,R0.1,,93,8,1,5,0,44,2,x,6,0,44,5,x,6,,6.4,6.7,,0,2,-12,108,-4,0
,745,R1.0,,94,1,2,5,1,16,6,x,2,1,16,3,x,2,,5.0,5.5,,0,0,-8,104,-4,0
,746,R0.0,,94,2,0,5,0,47,6,x,2,0,47,2,x,2,,8.0,7.8,,0,2,-16,116,-8,0
,747,R1.1,,94,3,3,5,1,16,2,x,6,1,16,7,x,6,,5.0,5.4,,0,0,-8,104,-4,0
,748,R0.1,,94,4,1,5,0,47,2,x,6,0,47,6,x,6,,7.9,7.9,,0,2,-16,116,-8,0
,749,R1.0,,94,5,2,5,1,17,6,x,2,1,17,3,x,2,,4.9,5.3,,0,0,-8,104,-4,0
,750,R0.0,,94,6,0,5,0,46,6,x,2,0,46,2,x,2,,7.7,7.8,,0,2,-16,116,-8,0
,751,R1.1,,94,7,3,5,1,17,2,x,6,1,17,7,x,6,,4.9,5.1,,0,0,-8,104,-4,0
,752,R0.1,,94,8,1,5,0,46,2,x,6,0,46,6,x,6,,7.6,7.9,,0,2,-16,116,-8,0
,753,R1.0,,95,1,2,5,1,18,7,x,3,1,18,3,x,3,,3.6,4.4,,0,0,-8,104,-4,0
,754,R0.0,,95,2,0,5,0,45,7,x,3,0,45,2,x,3,,8.4,8.4,,0,2,-16,120,-8,0
,755,R1.1,,95,3,3,5,1,18,3,x,7,1,18,7,x,7,,3.9,4.2,,0,0,-8,104,-4,0
,756,R0.1,,95,4,1,5,0,45,3,x,7,0,45,6,x,7,,8.5,8.5,,0,2,-16,120,-8,0
,757,R1.0,,95,5,2,5,1,19,7,x,3,1,19,3,x,3,,3.6,4.1,,0,0,-8,104,-4,0
,758,R0.0,,95,6,0,5,0,44,7,x,3,0,44,2,x,3,,8.1,8.5,,0,2,-16,120,-8,0
,759,R1.1,,95,7,3,5,1,19,3,x,7,1,19,7,x,7,,3.9,4.0,,0,0,-8,104,-4,0
,760,R0.1,,95,8,1,5,0,44,3,x,7,0,44,6,x,7,,8.2,8.6,,0,2,-16,120,-8,0
,761,R1.0,,96,1,2,5,1,16,7,x,3,1,16,0,x,3,,3.0,3.6,,0,0,-8,96,0,0
,762,R0.0,,96,2,0,5,0,47,7,x,3,0,47,3,x,3,,9.6,9.0,,0,2,-16,120,-8,0
,763,R1.1,,96,3,3,5,1,16,3,x,7,1,16,4,x,7,,3.2,3.5,,0,0,-8,96,0,0
,764,R0.1,,96,4,1,5,0,47,3,x,7,0,47,7,x,7,,9.7,9.0,,0,2,-16,120,-8,0
,765,R1.0,,96,5,2,5,1,17,7,x,3,1,17,0,x,3,,3.0,3.3,,0,0,-8,96,0,0
,766,R0.0,,96,6,0,5,0,46,7,x,3,0,46,3,x,3,,9.3,9.0,,0,2,-16,120,-8,0
,767,R1.1,,96,7,3,5,1,17,3,x,7,1,17,4,x,7,,3.2,3.2,,0,0,-8,96,0,0
,768,R0.1,,96,8,1,5,0,46,3,x,7,0,46,7,x,7,,9.4,9.0,,0,2,-16,120,-8,0
,769,R1.1,,97,1,3,6,1,14,0,x,4,1,14,4,x,4,,9.7,9.9,,0,2,-16,120,-4,0
,770,R0.1,,97,2,1,6,0,49,0,x,4,0,49,7,x,4,,3.8,3.1,,0,0,-8,104,-4,0
,771,R1.0,,97,3,2,6,1,14,4,x,0,1,14,0,x,0,,9.9,9.8,,0,2,-16,120,-4,0
,772,R0.0,,97,4,0,6,0,49,4,x,0,0,49,3,x,0,,3.8,3.1,,0,0,-8,104,-4,0
,773,R1.1,,97,5,3,6,1,15,0,x,4,1,15,4,x,4,,9.7,9.6,,0,2,-16,120,-4,0
,774,R0.1,,97,6,1,6,0,48,0,x,4,0,48,7,x,4,,3.5,3.1,,0,0,-8,104,-4,0
,775,R1.0,,97,7,2,6,1,15,4,x,0,1,15,0,x,0,,9.9,9.5,,0,2,-16,120,-4,0
,776,R0.0,,97,8,0,6,0,48,4,x,0,0,48,3,x,0,,3.5,3.1,,0,0,-8,104,-4,0
,777,R1.1,,98,1,3,6,1,12,0,x,4,1,12,5,x,4,,9.0,9.7,,0,2,-16,120,-4,0
,778,R0.1,,98,2,1,6,0,51,0,x,4,0,51,4,x,4,,4.9,4.6,,0,0,-8,104,-4,0
,779,R1.0,,98,3,2,6,1,12,4,x,0,1,12,1,x,0,,9.2,9.7,,0,2,-16,120,-4,0
,780,R0.0,,98,4,0,6,0,51,4,x,0,0,51,0,x,0,,4.9,4.6,,0,0,-8,104,-4,0
,781,R1.1,,98,5,3,6,1,13,0,x,4,1,13,5,x,4,,9.0,9.4,,0,2,-16,120,-4,0
,782,R0.1,,98,6,1,6,0,50,0,x,4,0,50,4,x,4,,4.6,4.6,,0,0,-8,104,-4,0
,783,R1.0,,98,7,2,6,1,13,4,x,0,1,13,1,x,0,,9.2,9.4,,0,2,-16,120,-4,0
,784,R0.0,,98,8,0,6,0,50,4,x,0,0,50,0,x,0,,4.6,4.6,,0,0,-8,104,-4,0
,785,R1.1,,99,1,3,6,1,14,1,x,5,1,14,5,x,5,,7.9,8.5,,0,2,-16,120,-4,0
,786,R0.1,,99,2,1,6,0,49,1,x,5,0,49,4,x,5,,5.6,5.3,,0,0,-8,104,-4,0
,787,R1.0,,99,3,2,6,1,14,5,x,1,1,14,1,x,1,,7.9,8.5,,0,2,-16,120,-4,0
,788,R0.0,,99,4,0,6,0,49,5,x,1,0,49,0,x,1,,5.4,5.3,,0,0,-8,104,-4,0
,789,R1.1,,99,5,3,6,1,15,1,x,5,1,15,5,x,5,,8.0,8.2,,0,2,-16,120,-4,0
,790,R0.1,,99,6,1,6,0,48,1,x,5,0,48,4,x,5,,5.3,5.3,,0,0,-8,104,-4,0
,791,R1.0,,99,7,2,6,1,15,5,x,1,1,15,1,x,1,,7.9,8.3,,0,2,-16,120,-4,0
,792,R0.0,,99,8,0,6,0,48,5,x,1,0,48,0,x,1,,5.1,5.3,,0,0,-8,104,-4,0
,793,R1.1,,100,1,3,6,1,12,1,x,5,1,12,6,x,5,,7.3,8.0,,0,2,-16,112,-4,0
,794,R0.1,,100,2,1,6,0,51,1,x,5,0,51,5,x,5,,6.7,6.4,,0,2,-12,108,-4,0
,795,R1.0,,100,3,2,6,1,12,5,x,1,1,12,2,x,1,,7.2,7.7,,0,2,-16,112,-4,0
,796,R0.0,,100,4,0,6,0,51,5,x,1,0,51,1,x,1,,6.5,6.5,,0,2,-12,108,-4,0
,797,R1.1,,100,5,3,6,1,13,1,x,5,1,13,6,x,5,,7.3,7.8,,0,2,-16,112,-4,0
,798,R0.1,,100,6,1,6,0,50,1,x,5,0,50,5,x,5,,6.5,6.4,,0,2,-12,108,-4,0
,799,R1.0,,100,7,2,6,1,13,5,x,1,1,13,2,x,1,,7.2,7.5,,0,2,-16,112,-4,0
,800,R0.0,,100,8,0,6,0,50,5,x,1,0,50,1,x,1,,6.3,6.6,,0,2,-12,108,-4,0
,801,R1.0,,101,1,2,6,1,14,2,,2,1,14,6,x,2,,6.2,6.8,,0,2,-12,108,-4,0
,802,R0.0,,101,2,0,6,0,49,2,,2,0,49,5,x,2,,7.4,7.0,,0,2,-12,108,-4,0
,803,R1.1,,101,3,3,6,1,14,6,,6,1,14,2,x,6,,6.3,6.6,,0,2,-12,108,-4,0
,804,R0.1,,101,4,1,6,0,49,6,,6,0,49,1,x,6,,7.3,7.2,,0,2,-12,108,-4,0
,805,R1.0,,101,5,2,6,1,15,2,,2,1,15,6,x,2,,6.2,6.6,,0,2,-12,108,-4,0
,806,R0.0,,101,6,0,6,0,48,2,,2,0,48,5,x,2,,7.1,7.1,,0,2,-12,108,-4,0
,807,R1.1,,101,7,3,6,1,15,6,,6,1,15,2,x,6,,6.3,6.3,,0,2,-12,108,-4,0
,808,R0.1,,101,8,1,6,0,48,6,,6,0,48,1,x,6,,7.0,7.2,,0,2,-12,108,-4,0
,809,R1.0,,102,1,2,6,1,12,2,,2,1,12,7,x,2,,5.5,6.0,,0,0,-8,104,-4,0
,810,R0.0,,102,2,0,6,0,51,2,,2,0,51,6,x,2,,8.5,8.3,,0,2,-12,108,-4,0
,811,R1.1,,102,3,3,6,1,12,6,,6,1,12,3,x,6,,5.6,5.8,,0,0,-8,104,-4,0
,812,R0.1,,102,4,1,6,0,51,6,,6,0,51,2,x,6,,8.5,8.2,,0,2,-12,108,-4,0
,813,R1.0,,102,5,2,6,1,13,2,,2,1,13,7,x,2,,5.5,5.7,,0,0,-8,104,-4,0
,814,R0.0,,102,6,0,6,0,50,2,,2,0,50,6,x,2,,8.3,8.4,,0,2,-12,108,-4,0
,815,R1.1,,102,7,3,6,1,13,6,,6,1,13,3,x,6,,5.6,5.5,,0,0,-8,104,-4,0
,816,R0.1,,102,8,1,6,0,50,6,,6,0,50,2,x,6,,8.2,8.2,,0,2,-12,108,-4,0
,817,R1.0,,103,1,2,6,1,14,3,,3,1,14,7,x,3,,4.5,4.8,,0,0,-8,104,-4,0
,818,R0.0,,103,2,0,6,0,49,3,,3,0,49,6,x,3,,9.2,9.0,,0,2,-16,116,-4,0
,819,R1.1,,103,3,3,6,1,14,7,,7,1,14,3,x,7,,4.3,4.6,,0,0,-8,104,-4,0
,820,R0.1,,103,4,1,6,0,49,7,,7,0,49,2,x,7,,8.9,8.9,,0,2,-16,116,-4,0
,821,R1.0,,103,5,2,6,1,15,3,,3,1,15,7,x,3,,4.5,4.5,,0,0,-8,104,-4,0
,822,R0.0,,103,6,0,6,0,48,3,,3,0,48,6,x,3,,8.9,9.1,,0,2,-16,116,-4,0
,823,R1.1,,103,7,3,6,1,15,7,,7,1,15,3,x,7,,4.3,4.4,,0,0,-8,104,-4,0
,824,R0.1,,103,8,1,6,0,48,7,,7,0,48,2,x,7,,8.6,8.9,,0,2,-16,116,-4,0
,825,R1.0,,104,1,2,6,1,12,3,,3,1,12,4,x,3,,3.8,4.0,,0,0,-8,104,-4,0
,826,R0.0,,104,2,0,6,0,51,3,,3,0,51,7,x,3,,10.3,9.4,,0,2,-16,116,-4,0
,827,R1.1,,104,3,3,6,1,12,7,,7,1,12,0,x,7,,3.7,3.8,,0,0,-8,104,-4,0
,828,R0.1,,104,4,1,6,0,51,7,,7,0,51,3,x,7,,10.1,9.4,,0,2,-16,116,-4,0
,829,R1.0,,104,5,2,6,1,13,3,,3,1,13,4,x,3,,3.8,3.7,,0,0,-8,104,-4,0
,830,R0.0,,104,6,0,6,0,50,3,,3,0,50,7,x,3,,10.1,9.4,,0,2,-16,116,-4,0
,831,R1.1,,104,7,3,6,1,13,7,,7,1,13,0,x,7,,3.7,3.5,,0,0,-8,104,-4,0
,832,R0.1,,104,8,1,6,0,50,7,,7,0,50,3,x,7,,9.8,9.4,,0,2,-16,116,-4,0
,833,R1.1,,105,1,3,6,1,10,0,x,4,1,10,4,x,4,,9.9,10.5,,0,2,-16,124,-4,0
,834,R0.1,,105,2,1,6,0,53,0,x,4,0,53,7,x,4,,4.3,3.7,,0,0,-8,104,-4,0
,835,R1.0,,105,3,2,6,1,10,4,x,0,1,10,0,x,0,,10.0,10.3,,0,2,-16,124,-4,0
,836,R0.0,,105,4,0,6,0,53,4,x,0,0,53,3,x,0,,4.4,3.7,,0,0,-8,104,-4,0
,837,R1.1,,105,5,3,6,1,11,0,x,4,1,11,4,x,4,,9.9,10.2,,0,2,-16,124,-4,0
,838,R0.1,,105,6,1,6,0,52,0,x,4,0,52,7,x,4,,4.1,3.7,,0,0,-8,104,-4,0
,839,R1.0,,105,7,2,6,1,11,4,x,0,1,11,0,x,0,,10.0,10.0,,0,2,-16,124,-4,0
,840,R0.0,,105,8,0,6,0,52,4,x,0,0,52,3,x,0,,4.1,3.7,,0,0,-8,104,-4,0
,841,R1.1,,106,1,3,6,1,8,0,x,4,1,8,5,x,4,,9.2,9.8,,0,2,-16,116,-4,0
,842,R0.1,,106,2,1,6,0,55,0,x,4,0,55,4,x,4,,5.5,4.9,,0,0,-8,104,-4,0
,843,R1.0,,106,3,2,6,1,8,4,x,0,1,8,1,x,0,,9.3,9.8,,0,2,-16,116,-4,0
,844,R0.0,,106,4,0,6,0,55,4,x,0,0,55,0,x,0,,5.5,4.9,,0,0,-8,104,-4,0
,845,R1.1,,106,5,3,6,1,9,0,x,4,1,9,5,x,4,,9.2,9.5,,0,2,-16,116,-4,0
,846,R0.1,,106,6,1,6,0,54,0,x,4,0,54,4,x,4,,5.2,4.9,,0,0,-8,104,-4,0
,847,R1.0,,106,7,2,6,1,9,4,x,0,1,9,1,x,0,,9.4,9.6,,0,2,-16,116,-4,0
,848,R0.0,,106,8,0,6,0,54,4,x,0,0,54,0,x,0,,5.2,5.0,,0,0,-8,104,-4,0
,849,R1.1,,107,1,3,6,1,10,1,x,5,1,10,5,x,5,,8.2,8.7,,0,2,-16,120,-8,0
,850,R0.1,,107,2,1,6,0,53,1,x,5,0,53,4,x,5,,6.1,5.6,,0,0,-8,100,0,0
,851,R1.0,,107,3,2,6,1,10,5,x,1,1,10,1,x,1,,8.1,8.7,,0,2,-16,120,-8,0
,852,R0.0,,107,4,0,6,0,53,5,x,1,0,53,0,x,1,,5.9,5.6,,0,0,-8,100,0,0
,853,R1.1,,107,5,3,6,1,11,1,x,5,1,11,5,x,5,,8.2,8.4,,0,2,-16,120,-8,0
,854,R0.1,,107,6,1,6,0,52,1,x,5,0,52,4,x,5,,5.9,5.6,,0,0,-8,100,0,0
,855,R1.0,,107,7,2,6,1,11,5,x,1,1,11,1,x,1,,8.1,8.4,,0,2,-16,120,-8,0
,856,R0.0,,107,8,0,6,0,52,5,x,1,0,52,0,x,1,,5.7,5.6,,0,0,-8,100,0,0
,857,R1.1,,108,1,3,6,1,8,1,x,5,1,8,6,x,5,,7.5,8.2,,0,2,-16,112,-4,0
,858,R0.1,,108,2,1,6,0,55,1,x,5,0,55,5,x,5,,7.3,6.6,,0,0,-8,108,-4,0
,859,R1.0,,108,3,2,6,1,8,5,x,1,1,8,2,x,1,,7.5,7.9,,0,2,-16,112,-4,0
,860,R0.0,,108,4,0,6,0,55,5,x,1,0,55,1,x,1,,7.1,6.7,,0,0,-8,108,-4,0
,861,R1.1,,108,5,3,6,1,9,1,x,5,1,9,6,x,5,,7.5,7.9,,0,2,-16,112,-4,0
,862,R0.1,,108,6,1,6,0,54,1,x,5,0,54,5,x,5,,7.0,6.6,,0,0,-8,108,-4,0
,863,R1.0,,108,7,2,6,1,9,5,x,1,1,9,2,x,1,,7.5,7.7,,0,2,-16,112,-4,0
,864,R0.0,,108,8,0,6,0,54,5,x,1,0,54,1,x,1,,6.8,6.8,,0,0,-8,108,-4,0
,865,R1.0,,109,1,2,6,1,10,2,,2,1,10,6,x,2,,6.5,7.1,,0,2,-12,108,-4,0
,866,R0.0,,109,2,0,6,0,53,2,,2,0,53,5,x,2,,8.0,7.2,,0,2,-12,108,-4,0
,867,R1.1,,109,3,3,6,1,10,6,,6,1,10,2,x,6,,6.6,6.8,,0,2,-12,108,-4,0
,868,R0.1,,109,4,1,6,0,53,6,,6,0,53,1,x,6,,7.9,7.4,,0,2,-12,108,-4,0
,869,R1.0,,109,5,2,6,1,11,2,,2,1,11,6,x,2,,6.5,6.8,,0,2,-12,108,-4,0
,870,R0.0,,109,6,0,6,0,52,2,,2,0,52,5,x,2,,7.7,7.3,,0,2,-12,108,-4,0
,871,R1.1,,109,7,3,6,1,11,6,,6,1,11,2,x,6,,6.6,6.5,,0,2,-12,108,-4,0
,872,R0.1,,109,8,1,6,0,52,6,,6,0,52,1,x,6,,7.6,7.4,,0,2,-12,108,-4,0
,873,R1.0,,110,1,2,6,1,8,2,,2,1,8,7,x,2,,5.9,6.3,,0,2,-12,108,-4,0
,874,R0.0,,110,2,0,6,0,55,2,,2,0,55,6,x,2,,9.1,8.5,,0,2,-16,112,-4,0
,875,R1.1,,110,3,3,6,1,8,6,,6,1,8,3,x,6,,5.9,6.1,,0,2,-12,108,-4,0
,876,R0.1,,110,4,1,6,0,55,6,,6,0,55,2,x,6,,9.0,8.3,,0,2,-16,112,-4,0
,877,R1.0,,110,5,2,6,1,9,2,,2,1,9,7,x,2,,5.9,6.0,,0,2,-12,108,-4,0
,878,R0.0,,110,6,0,6,0,54,2,,2,0,54,6,x,2,,8.8,8.5,,0,2,-16,112,-4,0
,879,R1.1,,110,7,3,6,1,9,6,,6,1,9,3,x,6,,6.0,5.8,,0,2,-12,108,-4,0
,880,R0.1,,110,8,1,6,0,54,6,,6,0,54,2,x,6,,8.8,8.4,,0,2,-16,112,-4,0
,881,R1.0,,111,1,2,6,1,10,3,,3,1,10,7,x,3,,4.9,5.1,,0,0,-8,104,-4,0
,882,R0.0,,111,2,0,6,0,53,3,,3,0,53,6,x,3,,9.8,9.1,,0,2,-16,116,-4,0
,883,R1.1,,111,3,3,6,1,10,7,,7,1,10,3,x,7,,4.7,5.0,,0,0,-8,104,-4,0
,884,R0.1,,111,4,1,6,0,53,7,,7,0,53,2,x,7,,9.5,9.0,,0,2,-16,116,-4,0
,885,R1.0,,111,5,2,6,1,11,3,,3,1,11,7,x,3,,4.9,4.8,,0,0,-8,104,-4,0
,886,R0.0,,111,6,0,6,0,52,3,,3,0,52,6,x,3,,9.5,9.2,,0,2,-16,116,-4,0
,887,R1.1,,111,7,3,6,1,11,7,,7,1,11,3,x,7,,4.7,4.7,,0,0,-8,104,-4,0
,888,R0.1,,111,8,1,6,0,52,7,,7,0,52,2,x,7,,9.2,9.0,,0,2,-16,116,-4,0
,889,R1.0,,112,1,2,6,1,8,3,,3,1,8,4,x,3,,4.2,4.5,,0,0,-8,104,-4,0
,890,R0.0,,112,2,0,6,0,55,3,,3,0,55,7,x,3,,10.9,10.0,,0,2,-16,124,-4,0
,891,R1.1,,112,3,3,6,1,8,7,,7,1,8,0,x,7,,4.1,4.4,,0,0,-8,104,-4,0
,892,R0.1,,112,4,1,6,0,55,7,,7,0,55,3,x,7,,10.6,10.0,,0,2,-16,124,-4,0
,893,R1.0,,112,5,2,6,1,9,3,,3,1,9,4,x,3,,4.2,4.2,,0,0,-8,104,-4,0
,894,R0.0,,112,6,0,6,0,54,3,,3,0,54,7,x,3,,10.6,10.0,,0,2,-16,124,-4,0
,895,R1.1,,112,7,3,6,1,9,7,,7,1,9,0,x,7,,4.1,4.1,,0,0,-8,104,-4,0
,896,R0.1,,112,8,1,6,0,54,7,,7,0,54,3,x,7,,10.4,10.0,,0,2,-16,124,-4,0
,897,R1.1,,113,1,3,7,1,6,0,x,4,1,6,4,x,4,,10.4,11.0,,0,2,-12,132,-4,0
,898,R0.1,,113,2,1,7,0,57,0,x,4,0,57,7,x,4,,4.9,4.3,,0,0,-8,100,0,0
,899,R1.0,,113,3,2,7,1,6,4,x,0,1,6,0,x,0,,10.6,10.9,,0,2,-12,132,-4,0
,900,R0.0,,113,4,0,7,0,57,4,x,0,0,57,3,x,0,,4.9,4.3,,0,0,-8,100,0,0
,901,R1.1,,113,5,3,7,1,7,0,x,4,1,7,4,x,4,,10.5,10.8,,0,2,-12,132,-4,0
,902,R0.1,,113,6,1,7,0,56,0,x,4,0,56,7,x,4,,4.7,4.3,,0,0,-8,100,0,0
,903,R1.0,,113,7,2,7,1,7,4,x,0,1,7,0,x,0,,10.6,10.6,,0,2,-12,132,-4,0
,904,R0.0,,113,8,0,7,0,56,4,x,0,0,56,3,x,0,,4.7,4.3,,0,0,-8,100,0,0
,905,R1.0,,114,1,2,7,1,4,4,x,0,1,4,5,x,0,,9.9,10.3,,0,2,-12,132,-4,0
,906,R0.0,,114,2,0,7,0,59,4,x,0,0,59,4,x,0,,6.1,5.5,,0,2,-12,108,-4,0
,907,R1.1,,114,3,3,7,1,4,0,x,4,1,4,1,x,4,,9.9,10.3,,0,2,-12,132,-4,0
,908,R0.1,,114,4,1,7,0,59,0,x,4,0,59,0,x,4,,6.0,5.3,,0,2,-12,108,-4,0
,909,R1.1,,114,5,3,7,1,5,0,x,4,1,5,5,x,4,,9.8,10.1,,0,2,-12,132,-4,0
,910,R0.1,,114,6,1,7,0,58,0,x,4,0,58,4,x,4,,5.8,5.5,,0,2,-12,108,-4,0
,911,R1.0,,114,7,2,7,1,5,4,x,0,1,5,1,x,0,,10.0,10.1,,0,2,-12,132,-4,0
,912,R0.0,,114,8,0,7,0,58,4,x,0,0,58,0,x,0,,5.8,5.5,,0,2,-12,108,-4,0
,913,R1.1,,115,1,3,7,1,6,1,x,5,1,6,5,x,5,,8.8,9.2,,0,2,-16,120,-4,0
,914,R0.1,,115,2,1,7,0,57,1,x,5,0,57,4,x,5,,6.7,6.1,,0,0,-8,108,-4,0
,915,R1.0,,115,3,2,7,1,6,5,x,1,1,6,1,x,1,,8.7,9.2,,0,2,-16,120,-4,0
,916,R0.0,,115,4,0,7,0,57,5,x,1,0,57,0,x,1,,6.5,6.1,,0,0,-8,108,-4,0
,917,R1.1,,115,5,3,7,1,7,1,x,5,1,7,5,x,5,,8.8,9.0,,0,2,-16,120,-4,0
,918,R0.1,,115,6,1,7,0,56,1,x,5,0,56,4,x,5,,6.4,6.2,,0,0,-8,108,-4,0
,919,R1.0,,115,7,2,7,1,7,5,x,1,1,7,1,x,1,,8.7,9.0,,0,2,-16,120,-4,0
,920,R0.0,,115,8,0,7,0,56,5,x,1,0,56,0,x,1,,6.3,6.2,,0,0,-8,108,-4,0
,921,R1.0,,116,1,2,7,1,4,5,x,1,1,4,6,x,1,,8.3,8.6,,0,2,-16,116,-4,0
,922,R0.0,,116,2,0,7,0,59,5,x,1,0,59,5,x,1,,8.0,7.1,,0,0,-8,112,-4,0
,923,R1.1,,116,3,3,7,1,4,1,x,5,1,4,2,x,5,,8.3,8.5,,0,2,-16,116,-4,0
,924,R0.1,,116,4,1,7,0,59,1,x,5,0,59,1,x,5,,7.9,7.2,,0,0,-8,112,-4,0
,925,R1.1,,116,5,3,7,1,5,1,x,5,1,5,6,x,5,,8.1,8.5,,0,2,-16,116,-4,0
,926,R0.1,,116,6,1,7,0,58,1,x,5,0,58,5,x,5,,7.6,7.2,,0,0,-8,112,-4,0
,927,R1.0,,116,7,2,7,1,5,5,x,1,1,5,2,x,1,,8.1,8.2,,0,2,-16,116,-4,0
,928,R0.0,,116,8,0,7,0,58,5,x,1,0,58,1,x,1,,7.4,7.3,,0,0,-8,112,-4,0
,929,R1.0,,117,1,2,7,1,6,2,,2,1,6,6,x,2,,7.1,7.6,,0,2,-16,116,-8,0
,930,R0.0,,117,2,0,7,0,57,2,,2,0,57,5,x,2,,8.6,7.8,,0,2,-12,112,-4,0
,931,R1.1,,117,3,3,7,1,6,6,,6,1,6,2,x,6,,7.2,7.4,,0,2,-16,116,-8,0
,932,R0.1,,117,4,1,7,0,57,6,,6,0,57,1,x,6,,8.5,7.9,,0,2,-12,112,-4,0
,933,R1.0,,117,5,2,7,1,7,2,,2,1,7,6,x,2,,7.1,7.4,,0,2,-16,116,-8,0
,934,R0.0,,117,6,0,7,0,56,2,,2,0,56,5,x,2,,8.3,7.8,,0,2,-12,112,-4,0
,935,R1.1,,117,7,3,7,1,7,6,,6,1,7,2,x,6,,7.2,7.1,,0,2,-16,116,-8,0
,936,R0.1,,117,8,1,7,0,56,6,,6,0,56,1,x,6,,8.2,8.0,,0,2,-12,112,-4,0
,937,R1.1,,118,1,3,7,1,4,6,,6,1,4,7,x,6,,6.3,7.0,,0,2,-16,116,-8,0
,938,R0.1,,118,2,1,7,0,59,6,,6,0,59,6,-,6,,9.6,8.9,,0,2,-16,120,-8,0
,939,R1.0,,118,3,2,7,1,4,2,,2,1,4,3,x,2,,6.3,6.9,,0,2,-16,116,-8,0
,940,R0.0,,118,4,0,7,0,59,2,,2,0,59,2,-,2,,9.4,8.9,,0,2,-16,120,-8,0
,941,R1.0,,118,5,2,7,1,5,2,,2,1,5,7,x,2,,6.5,6.5,,0,2,-16,116,-8,0
,942,R0.0,,118,6,0,7,0,58,2,,2,0,58,6,x,2,,9.4,9.1,,0,2,-16,120,-8,0
,943,R1.1,,118,7,3,7,1,5,6,,6,1,5,3,x,6,,6.6,6.4,,0,2,-16,116,-8,0
,944,R0.1,,118,8,1,7,0,58,6,,6,0,58,2,x,6,,9.4,8.9,,0,2,-16,120,-8,0
,945,R1.0,,119,1,2,7,1,6,3,,3,1,6,7,x,3,,5.5,5.7,,0,0,-8,104,-4,0
,946,R0.0,,119,2,0,7,0,57,3,,3,0,57,6,x,3,,10.4,9.7,,0,2,-16,116,-4,0
,947,R1.1,,119,3,3,7,1,6,7,,7,1,6,3,x,7,,5.3,5.5,,0,0,-8,104,-4,0
,948,R0.1,,119,4,1,7,0,57,7,,7,0,57,2,x,7,,10.1,9.5,,0,2,-16,116,-4,0
,949,R1.0,,119,5,2,7,1,7,3,,3,1,7,7,x,3,,5.5,5.4,,0,0,-8,104,-4,0
,950,R0.0,,119,6,0,7,0,56,3,,3,0,56,6,x,3,,10.1,9.7,,0,2,-16,116,-4,0
,951,R1.1,,119,7,3,7,1,7,7,,7,1,7,3,x,7,,5.3,5.3,,0,0,-8,104,-4,0
,952,R0.1,,119,8,1,7,0,56,7,,7,0,56,2,x,7,,9.8,9.6,,0,2,-16,116,-4,0
,953,R1.1,,120,1,3,7,1,4,7,,7,1,4,4,x,7,,4.8,5.1,,0,0,-8,104,-4,0
,954,R0.1,,120,2,1,7,0,59,7,,7,0,59,7,-,7,,11.5,10.7,,0,2,-16,128,-4,0
,955,R1.0,,120,3,2,7,1,4,3,,3,1,4,0,x,3,,4.8,4.8,,0,0,-8,104,-4,0
,956,R0.0,,120,4,0,7,0,59,3,,3,0,59,3,-,3,,11.3,10.7,,0,2,-16,128,-4,0
,957,R1.0,,120,5,2,7,1,5,3,,3,1,5,4,x,3,,4.9,4.8,,0,0,-8,104,-4,0
,958,R0.0,,120,6,0,7,0,58,3,,3,0,58,7,x,3,,11.2,10.5,,0,2,-16,128,-4,0
,959,R1.1,,120,7,3,7,1,5,7,,7,1,5,0,x,7,,4.7,4.6,,0,0,-8,104,-4,0
,960,R0.1,,120,8,1,7,0,58,7,,7,0,58,3,x,7,,11.0,10.5,,0,2,-16,128,-4,0
,961,R1.0,,121,1,2,7,1,2,4,x,0,1,2,4,x,0,,12.4,12.7,,0,2,-20,136,-8,0
,962,R0.0,,121,2,0,7,0,61,4,x,0,0,61,5,x,0,,6.8,6.1,,0,0,-8,108,-4,0
,963,R1.1,,121,3,3,7,1,2,6,,6,1,2,6,-,6,,12.3,12.5,,0,2,-20,136,-8,0
,964,R0.1,,121,4,1,7,0,61,6,,6,0,61,7,x,6,,6.6,6.0,,0,0,-8,108,-4,0
,965,R1.0,,121,5,2,7,1,3,0,,0,1,3,0,-,0,,12.1,12.4,,0,2,-20,136,-8,0
,966,R0.0,,121,6,0,7,0,60,0,,0,0,60,1,x,0,,6.3,6.1,,0,0,-8,108,-4,0
,967,R1.1,,121,7,3,7,1,3,2,x,6,1,3,2,x,6,,12.1,12.2,,0,2,-20,136,-8,0
,968,R0.1,,121,8,1,7,0,60,2,x,6,0,60,3,x,6,,6.1,6.0,,0,0,-8,108,-4,0
,969,R1.0,,122,1,2,7,1,0,4,x,0,1,0,5,x,0,,12.0,12.4,,0,2,-16,128,-4,0
,970,R0.0,,122,2,0,7,0,63,4,x,0,0,63,4,x,0,,8.1,7.4,,0,2,-12,108,-4,0
,971,R1.1,,122,3,3,7,1,0,6,,6,1,0,7,x,6,,11.9,12.2,,0,2,-16,128,-4,0
,972,R0.1,,122,4,1,7,0,63,6,,6,0,63,6,-,6,,8.0,7.4,,0,2,-12,108,-4,0
,973,R1.0,,122,5,2,7,1,1,0,,0,1,1,1,x,0,,11.7,12.2,,0,2,-16,128,-4,0
,974,R0.0,,122,6,0,7,0,62,0,,0,0,62,0,-,0,,7.6,7.5,,0,2,-12,108,-4,0
,975,R1.1,,122,7,3,7,1,1,2,x,6,1,1,3,x,6,,11.7,12.0,,0,2,-16,128,-4,0
,976,R0.1,,122,8,1,7,0,62,2,x,6,0,62,2,x,6,,7.4,7.5,,0,2,-12,108,-4,0
,977,R1.0,,123,1,2,7,1,2,5,x,1,1,2,5,x,1,,10.6,11.0,,0,2,-16,128,-4,0
,978,R0.0,,123,2,0,7,0,61,5,x,1,0,61,4,x,1,,8.5,7.8,,0,2,-16,112,-4,0
,979,R1.1,,123,3,3,7,1,2,7,,7,1,2,7,-,7,,10.5,10.8,,0,2,-16,128,-4,0
,980,R0.1,,123,4,1,7,0,61,7,,7,0,61,6,x,7,,8.3,7.8,,0,2,-16,112,-4,0
,981,R1.0,,123,5,2,7,1,3,1,,1,1,3,1,-,1,,10.3,10.8,,0,2,-16,128,-4,0
,982,R0.0,,123,6,0,7,0,60,1,,1,0,60,0,x,1,,8.0,7.9,,0,2,-16,112,-4,0
,983,R1.1,,123,7,3,7,1,3,3,x,7,1,3,3,x,7,,10.3,10.5,,0,2,-16,128,-4,0
,984,R0.1,,123,8,1,7,0,60,3,x,7,0,60,2,x,7,,7.8,7.8,,0,2,-16,112,-4,0
,985,R1.0,,124,1,2,7,1,0,5,x,1,1,0,4,x,1,,10.1,10.7,,0,2,-16,116,-4,0
,986,R0.0,,124,2,0,7,0,63,5,x,1,0,63,5,x,1,,9.9,9.2,,0,2,-12,112,-4,0
,987,R1.1,,124,3,3,7,1,0,7,,7,1,0,6,x,7,,10.1,10.5,,0,2,-16,116,-4,0
,988,R0.1,,124,4,1,7,0,63,7,,7,0,63,7,-,7,,9.7,9.1,,0,2,-12,112,-4,0
,989,R1.0,,124,5,2,7,1,1,1,,1,1,1,0,x,1,,9.9,10.5,,0,2,-16,116,-4,0
,990,R0.0,,124,6,0,7,0,62,1,,1,0,62,1,-,1,,9.3,9.2,,0,2,-12,112,-4,0
,991,R1.1,,124,7,3,7,1,1,3,x,7,1,1,2,x,7,,9.8,10.3,,0,2,-16,116,-4,0
,992,R0.1,,124,8,1,7,0,62,3,x,7,0,62,3,x,7,,9.1,9.2,,0,2,-12,112,-4,0
,993,R1.1,,125,1,3,7,1,3,4,,4,1,3,4,-,4,,8.8,9.5,,0,2,-16,112,-4,0
,994,R0.1,,125,2,1,7,0,60,4,,4,0,60,5,x,4,,10.1,9.7,,0,2,-20,120,-8,0
,995,R1.0,,125,3,2,7,1,3,6,x,2,1,3,6,x,2,,8.7,9.3,,0,2,-16,112,-4,0
,996,R0.0,,125,4,0,7,0,60,6,x,2,0,60,7,x,2,,10.0,9.7,,0,2,-20,120,-8,0
,997,R1.1,,125,5,3,7,1,2,0,x,4,1,2,0,x,4,,8.8,8.9,,0,2,-16,112,-4,0
,998,R0.1,,125,6,1,7,0,61,0,x,4,0,61,1,x,4,,9.9,9.5,,0,2,-20,120,-8,0
,999,R1.0,,125,7,2,7,1,2,2,,2,1,2,2,-,2,,8.8,8.6,,0,2,-16,112,-4,0
,1000,R0.0,,125,8,0,7,0,61,2,,2,0,61,3,x,2,,9.8,9.3,,0,2,-20,120,-8,0
,1001,R1.1,,126,1,3,7,1,1,4,,4,1,1,5,x,4,,8.3,9.1,,0,2,-16,116,-8,0
,1002,R0.1,,126,2,1,7,0,62,4,,4,0,62,4,-,4,,11.5,11.1,,0,2,-16,116,-4,0
,1003,R1.0,,126,3,2,7,1,1,6,x,2,1,1,7,x,2,,8.3,8.9,,0,2,-16,116,-8,0
,1004,R0.0,,126,4,0,7,0,62,6,x,2,0,62,6,x,2,,11.3,11.1,,0,2,-16,116,-4,0
,1005,R1.1,,126,5,3,7,1,0,0,x,4,1,0,1,x,4,,8.4,8.5,,0,2,-16,116,-8,0
,1006,R0.1,,126,6,1,7,0,63,0,x,4,0,63,0,x,4,,11.3,10.8,,0,2,-16,116,-4,0
,1007,R1.0,,126,7,2,7,1,0,2,,2,1,0,3,x,2,,8.4,8.4,,0,2,-16,116,-8,0
,1008,R0.0,,126,8,0,7,0,63,2,,2,0,63,2,-,2,,11.1,10.8,,0,2,-16,116,-4,0
,1009,R1.1,,127,1,3,7,1,3,5,,5,1,3,5,-,5,,6.9,7.7,,0,0,-8,104,-4,0
,1010,R0.1,,127,2,1,7,0,60,5,,5,0,60,4,x,5,,11.8,11.5,,0,2,-16,120,-4,0
,1011,R1.0,,127,3,2,7,1,3,7,x,3,1,3,7,x,3,,6.9,7.5,,0,0,-8,104,-4,0
,1012,R0.0,,127,4,0,7,0,60,7,x,3,0,60,6,x,3,,11.6,11.4,,0,2,-16,120,-4,0
,1013,R1.1,,127,5,3,7,1,2,1,x,5,1,2,1,x,5,,7.0,7.1,,0,0,-8,104,-4,0
,1014,R0.1,,127,6,1,7,0,61,1,x,5,0,61,0,x,5,,11.6,11.2,,0,2,-16,120,-4,0
,1015,R1.0,,127,7,2,7,1,2,3,,3,1,2,3,-,3,,6.9,6.8,,0,0,-8,104,-4,0
,1016,R0.0,,127,8,0,7,0,61,3,,3,0,61,2,x,3,,11.5,11.1,,0,2,-16,120,-4,0
,1017,R1.1,,128,1,3,7,1,1,5,,5,1,1,4,x,5,,6.5,7.1,,0,0,-8,104,-4,0
,1018,R0.1,,128,2,1,7,0,62,5,,5,0,62,5,-,5,,13.2,12.7,,0,2,-16,124,-4,0
,1019,R1.0,,128,3,2,7,1,1,7,x,3,1,1,6,x,3,,6.5,6.9,,0,0,-8,104,-4,0
,1020,R0.0,,128,4,0,7,0,62,7,x,3,0,62,7,x,3,,13.0,12.6,,0,2,-16,124,-4,0
,1021,R1.1,,128,5,3,7,1,0,1,x,5,1,0,0,x,5,,6.6,6.5,,0,0,-8,104,-4,0
,1022,R0.1,,128,6,1,7,0,63,1,x,5,0,63,1,x,5,,12.9,12.4,,0,2,-16,124,-4,0
,1023,R1.0,,128,7,2,7,1,0,3,,3,1,0,2,x,3,,6.5,6.2,,0,0,-8,104,-4,0
,1024,R0.0,,128,8,0,7,0,63,3,,3,0,63,3,-,3,,12.8,12.3,,0,2,-16,124,-4,0
