TcvrId,TcvrLaneIdList,PimId,AccessControllerId,AccessControlType,ResetPath,ResetMask,ResetHoldHi,PresentPath,PresentMask,PresentHoldHi,IoControllerId,IoControlType,IoPath,LedId,LedBluePath,LedYellowPath
1,1 2 3 4,1,1,CPLD,/run/devmap/xcvrs/xcvr_ctrl_1/xcvr1_reset,1,0,/run/devmap/xcvrs/xcvr_ctrl_1/xcvr1_present,1,0,1,I2C,/run/devmap/i2c-busses/MERU800BIA_SMB_FPGA_SMBUS3_CH0,1,/sys/class/leds/port1_led1:blue:status,/sys/class/leds/port1_led1:yellow:status
1,1 2 3 4,1,1,CPLD,/run/devmap/xcvrs/xcvr_ctrl_1/xcvr1_reset,1,0,/run/devmap/xcvrs/xcvr_ctrl_1/xcvr1_present,1,0,1,I2C,/run/devmap/i2c-busses/MERU800BIA_SMB_FPGA_SMBUS3_CH0,2,/sys/class/leds/port1_led2:blue:status,/sys/class/leds/port1_led2:yellow:status
2,1 2 3 4,1,2,CPLD,/run/devmap/xcvrs/xcvr_ctrl_2/xcvr2_reset,1,0,/run/devmap/xcvrs/xcvr_ctrl_2/xcvr2_present,1,0,2,I2C,/run/devmap/i2c-busses/MERU800BIA_SMB_FPGA_SMBUS3_CH1,3,/sys/class/leds/port2_led1:blue:status,/sys/class/leds/port2_led1:yellow:status
2,1 2 3 4,1,2,CPLD,/run/devmap/xcvrs/xcvr_ctrl_2/xcvr2_reset,1,0,/run/devmap/xcvrs/xcvr_ctrl_2/xcvr2_present,1,0,2,I2C,/run/devmap/i2c-busses/MERU800BIA_SMB_FPGA_SMBUS3_CH1,4,/sys/class/leds/port2_led2:blue:status,/sys/class/leds/port2_led2:yellow:status
3,1 2 3 4,1,3,CPLD,/run/devmap/xcvrs/xcvr_ctrl_3/xcvr3_reset,1,0,/run/devmap/xcvrs/xcvr_ctrl_3/xcvr3_present,1,0,3,I2C,/run/devmap/i2c-busses/MERU800BIA_SMB_FPGA_SMBUS3_CH2,5,/sys/class/leds/port3_led1:blue:status,/sys/class/leds/port3_led1:yellow:status
3,1 2 3 4,1,3,CPLD,/run/devmap/xcvrs/xcvr_ctrl_3/xcvr3_reset,1,0,/run/devmap/xcvrs/xcvr_ctrl_3/xcvr3_present,1,0,3,I2C,/run/devmap/i2c-busses/MERU800BIA_SMB_FPGA_SMBUS3_CH2,6,/sys/class/leds/port3_led2:blue:status,/sys/class/leds/port3_led2:yellow:status
4,1 2 3 4,1,4,CPLD,/run/devmap/xcvrs/xcvr_ctrl_4/xcvr4_reset,1,0,/run/devmap/xcvrs/xcvr_ctrl_4/xcvr4_present,1,0,4,I2C,/run/devmap/i2c-busses/MERU800BIA_SMB_FPGA_SMBUS3_CH3,7,/sys/class/leds/port4_led1:blue:status,/sys/class/leds/port4_led1:yellow:status
4,1 2 3 4,1,4,CPLD,/run/devmap/xcvrs/xcvr_ctrl_4/xcvr4_reset,1,0,/run/devmap/xcvrs/xcvr_ctrl_4/xcvr4_present,1,0,4,I2C,/run/devmap/i2c-busses/MERU800BIA_SMB_FPGA_SMBUS3_CH3,8,/sys/class/leds/port4_led2:blue:status,/sys/class/leds/port4_led2:yellow:status
5,1 2 3 4,1,5,CPLD,/run/devmap/xcvrs/xcvr_ctrl_5/xcvr5_reset,1,0,/run/devmap/xcvrs/xcvr_ctrl_5/xcvr5_present,1,0,5,I2C,/run/devmap/i2c-busses/MERU800BIA_SMB_FPGA_SMBUS3_CH4,9,/sys/class/leds/port5_led1:blue:status,/sys/class/leds/port5_led1:yellow:status
5,1 2 3 4,1,5,CPLD,/run/devmap/xcvrs/xcvr_ctrl_5/xcvr5_reset,1,0,/run/devmap/xcvrs/xcvr_ctrl_5/xcvr5_present,1,0,5,I2C,/run/devmap/i2c-busses/MERU800BIA_SMB_FPGA_SMBUS3_CH4,10,/sys/class/leds/port5_led2:blue:status,/sys/class/leds/port5_led2:yellow:status
6,1 2 3 4,1,6,CPLD,/run/devmap/xcvrs/xcvr_ctrl_6/xcvr6_reset,1,0,/run/devmap/xcvrs/xcvr_ctrl_6/xcvr6_present,1,0,6,I2C,/run/devmap/i2c-busses/MERU800BIA_SMB_FPGA_SMBUS3_CH5,11,/sys/class/leds/port6_led1:blue:status,/sys/class/leds/port6_led1:yellow:status
6,1 2 3 4,1,6,CPLD,/run/devmap/xcvrs/xcvr_ctrl_6/xcvr6_reset,1,0,/run/devmap/xcvrs/xcvr_ctrl_6/xcvr6_present,1,0,6,I2C,/run/devmap/i2c-busses/MERU800BIA_SMB_FPGA_SMBUS3_CH5,12,/sys/class/leds/port6_led2:blue:status,/sys/class/leds/port6_led2:yellow:status
7,1 2 3 4,1,7,CPLD,/run/devmap/xcvrs/xcvr_ctrl_7/xcvr7_reset,1,0,/run/devmap/xcvrs/xcvr_ctrl_7/xcvr7_present,1,0,7,I2C,/run/devmap/i2c-busses/MERU800BIA_SMB_FPGA_SMBUS3_CH6,13,/sys/class/leds/port7_led1:blue:status,/sys/class/leds/port7_led1:yellow:status
7,1 2 3 4,1,7,CPLD,/run/devmap/xcvrs/xcvr_ctrl_7/xcvr7_reset,1,0,/run/devmap/xcvrs/xcvr_ctrl_7/xcvr7_present,1,0,7,I2C,/run/devmap/i2c-busses/MERU800BIA_SMB_FPGA_SMBUS3_CH6,14,/sys/class/leds/port7_led2:blue:status,/sys/class/leds/port7_led2:yellow:status
8,1 2 3 4,1,8,CPLD,/run/devmap/xcvrs/xcvr_ctrl_8/xcvr8_reset,1,0,/run/devmap/xcvrs/xcvr_ctrl_8/xcvr8_present,1,0,8,I2C,/run/devmap/i2c-busses/MERU800BIA_SMB_FPGA_SMBUS3_CH7,15,/sys/class/leds/port8_led1:blue:status,/sys/class/leds/port8_led1:yellow:status
8,1 2 3 4,1,8,CPLD,/run/devmap/xcvrs/xcvr_ctrl_8/xcvr8_reset,1,0,/run/devmap/xcvrs/xcvr_ctrl_8/xcvr8_present,1,0,8,I2C,/run/devmap/i2c-busses/MERU800BIA_SMB_FPGA_SMBUS3_CH7,16,/sys/class/leds/port8_led2:blue:status,/sys/class/leds/port8_led2:yellow:status
9,1 2 3 4,1,9,CPLD,/run/devmap/xcvrs/xcvr_ctrl_9/xcvr9_reset,1,0,/run/devmap/xcvrs/xcvr_ctrl_9/xcvr9_present,1,0,9,I2C,/run/devmap/i2c-busses/MERU800BIA_SMB_FPGA_SMBUS4_CH0,17,/sys/class/leds/port9_led1:blue:status,/sys/class/leds/port9_led1:yellow:status
9,1 2 3 4,1,9,CPLD,/run/devmap/xcvrs/xcvr_ctrl_9/xcvr9_reset,1,0,/run/devmap/xcvrs/xcvr_ctrl_9/xcvr9_present,1,0,9,I2C,/run/devmap/i2c-busses/MERU800BIA_SMB_FPGA_SMBUS4_CH0,18,/sys/class/leds/port9_led2:blue:status,/sys/class/leds/port9_led2:yellow:status
10,1 2 3 4,1,10,CPLD,/run/devmap/xcvrs/xcvr_ctrl_10/xcvr10_reset,1,0,/run/devmap/xcvrs/xcvr_ctrl_10/xcvr10_present,1,0,10,I2C,/run/devmap/i2c-busses/MERU800BIA_SMB_FPGA_SMBUS4_CH1,19,/sys/class/leds/port10_led1:blue:status,/sys/class/leds/port10_led1:yellow:status
10,1 2 3 4,1,10,CPLD,/run/devmap/xcvrs/xcvr_ctrl_10/xcvr10_reset,1,0,/run/devmap/xcvrs/xcvr_ctrl_10/xcvr10_present,1,0,10,I2C,/run/devmap/i2c-busses/MERU800BIA_SMB_FPGA_SMBUS4_CH1,20,/sys/class/leds/port10_led2:blue:status,/sys/class/leds/port10_led2:yellow:status
11,1 2 3 4,1,11,CPLD,/run/devmap/xcvrs/xcvr_ctrl_11/xcvr11_reset,1,0,/run/devmap/xcvrs/xcvr_ctrl_11/xcvr11_present,1,0,11,I2C,/run/devmap/i2c-busses/MERU800BIA_SMB_FPGA_SMBUS4_CH2,21,/sys/class/leds/port11_led1:blue:status,/sys/class/leds/port11_led1:yellow:status
11,1 2 3 4,1,11,CPLD,/run/devmap/xcvrs/xcvr_ctrl_11/xcvr11_reset,1,0,/run/devmap/xcvrs/xcvr_ctrl_11/xcvr11_present,1,0,11,I2C,/run/devmap/i2c-busses/MERU800BIA_SMB_FPGA_SMBUS4_CH2,22,/sys/class/leds/port11_led2:blue:status,/sys/class/leds/port11_led2:yellow:status
12,1 2 3 4,1,12,CPLD,/run/devmap/xcvrs/xcvr_ctrl_12/xcvr12_reset,1,0,/run/devmap/xcvrs/xcvr_ctrl_12/xcvr12_present,1,0,12,I2C,/run/devmap/i2c-busses/MERU800BIA_SMB_FPGA_SMBUS4_CH3,23,/sys/class/leds/port12_led1:blue:status,/sys/class/leds/port12_led1:yellow:status
12,1 2 3 4,1,12,CPLD,/run/devmap/xcvrs/xcvr_ctrl_12/xcvr12_reset,1,0,/run/devmap/xcvrs/xcvr_ctrl_12/xcvr12_present,1,0,12,I2C,/run/devmap/i2c-busses/MERU800BIA_SMB_FPGA_SMBUS4_CH3,24,/sys/class/leds/port12_led2:blue:status,/sys/class/leds/port12_led2:yellow:status
13,1 2 3 4,1,13,CPLD,/run/devmap/xcvrs/xcvr_ctrl_13/xcvr13_reset,1,0,/run/devmap/xcvrs/xcvr_ctrl_13/xcvr13_present,1,0,13,I2C,/run/devmap/i2c-busses/MERU800BIA_SMB_FPGA_SMBUS4_CH4,25,/sys/class/leds/port13_led1:blue:status,/sys/class/leds/port13_led1:yellow:status
13,1 2 3 4,1,13,CPLD,/run/devmap/xcvrs/xcvr_ctrl_13/xcvr13_reset,1,0,/run/devmap/xcvrs/xcvr_ctrl_13/xcvr13_present,1,0,13,I2C,/run/devmap/i2c-busses/MERU800BIA_SMB_FPGA_SMBUS4_CH4,26,/sys/class/leds/port13_led2:blue:status,/sys/class/leds/port13_led2:yellow:status
14,1 2 3 4,1,14,CPLD,/run/devmap/xcvrs/xcvr_ctrl_14/xcvr14_reset,1,0,/run/devmap/xcvrs/xcvr_ctrl_14/xcvr14_present,1,0,14,I2C,/run/devmap/i2c-busses/MERU800BIA_SMB_FPGA_SMBUS4_CH5,27,/sys/class/leds/port14_led1:blue:status,/sys/class/leds/port14_led1:yellow:status
14,1 2 3 4,1,14,CPLD,/run/devmap/xcvrs/xcvr_ctrl_14/xcvr14_reset,1,0,/run/devmap/xcvrs/xcvr_ctrl_14/xcvr14_present,1,0,14,I2C,/run/devmap/i2c-busses/MERU800BIA_SMB_FPGA_SMBUS4_CH5,28,/sys/class/leds/port14_led2:blue:status,/sys/class/leds/port14_led2:yellow:status
15,1 2 3 4,1,15,CPLD,/run/devmap/xcvrs/xcvr_ctrl_15/xcvr15_reset,1,0,/run/devmap/xcvrs/xcvr_ctrl_15/xcvr15_present,1,0,15,I2C,/run/devmap/i2c-busses/MERU800BIA_SMB_FPGA_SMBUS4_CH6,29,/sys/class/leds/port15_led1:blue:status,/sys/class/leds/port15_led1:yellow:status
15,1 2 3 4,1,15,CPLD,/run/devmap/xcvrs/xcvr_ctrl_15/xcvr15_reset,1,0,/run/devmap/xcvrs/xcvr_ctrl_15/xcvr15_present,1,0,15,I2C,/run/devmap/i2c-busses/MERU800BIA_SMB_FPGA_SMBUS4_CH6,30,/sys/class/leds/port15_led2:blue:status,/sys/class/leds/port15_led2:yellow:status
16,1 2 3 4,1,16,CPLD,/run/devmap/xcvrs/xcvr_ctrl_16/xcvr16_reset,1,0,/run/devmap/xcvrs/xcvr_ctrl_16/xcvr16_present,1,0,16,I2C,/run/devmap/i2c-busses/MERU800BIA_SMB_FPGA_SMBUS4_CH7,31,/sys/class/leds/port16_led1:blue:status,/sys/class/leds/port16_led1:yellow:status
16,1 2 3 4,1,16,CPLD,/run/devmap/xcvrs/xcvr_ctrl_16/xcvr16_reset,1,0,/run/devmap/xcvrs/xcvr_ctrl_16/xcvr16_present,1,0,16,I2C,/run/devmap/i2c-busses/MERU800BIA_SMB_FPGA_SMBUS4_CH7,32,/sys/class/leds/port16_led2:blue:status,/sys/class/leds/port16_led2:yellow:status
17,1 2 3 4,1,17,CPLD,/run/devmap/xcvrs/xcvr_ctrl_17/xcvr17_reset,1,0,/run/devmap/xcvrs/xcvr_ctrl_17/xcvr17_present,1,0,17,I2C,/run/devmap/i2c-busses/MERU800BIA_SMB_FPGA_SMBUS5_CH0,33,/sys/class/leds/port17_led1:blue:status,/sys/class/leds/port17_led1:yellow:status
17,1 2 3 4,1,17,CPLD,/run/devmap/xcvrs/xcvr_ctrl_17/xcvr17_reset,1,0,/run/devmap/xcvrs/xcvr_ctrl_17/xcvr17_present,1,0,17,I2C,/run/devmap/i2c-busses/MERU800BIA_SMB_FPGA_SMBUS5_CH0,34,/sys/class/leds/port17_led2:blue:status,/sys/class/leds/port17_led2:yellow:status
18,1 2 3 4,1,18,CPLD,/run/devmap/xcvrs/xcvr_ctrl_18/xcvr18_reset,1,0,/run/devmap/xcvrs/xcvr_ctrl_18/xcvr18_present,1,0,18,I2C,/run/devmap/i2c-busses/MERU800BIA_SMB_FPGA_SMBUS5_CH1,35,/sys/class/leds/port18_led1:blue:status,/sys/class/leds/port18_led1:yellow:status
18,1 2 3 4,1,18,CPLD,/run/devmap/xcvrs/xcvr_ctrl_18/xcvr18_reset,1,0,/run/devmap/xcvrs/xcvr_ctrl_18/xcvr18_present,1,0,18,I2C,/run/devmap/i2c-busses/MERU800BIA_SMB_FPGA_SMBUS5_CH1,36,/sys/class/leds/port18_led2:blue:status,/sys/class/leds/port18_led2:yellow:status
19,1 2 3 4,1,19,CPLD,/run/devmap/xcvrs/xcvr_ctrl_19/xcvr19_reset,1,0,/run/devmap/xcvrs/xcvr_ctrl_19/xcvr19_present,1,0,19,I2C,/run/devmap/i2c-busses/MERU800BIA_SMB_FPGA_SMBUS5_CH2,37,/sys/class/leds/port19_led1:blue:status,/sys/class/leds/port19_led1:yellow:status
19,1 2 3 4,1,19,CPLD,/run/devmap/xcvrs/xcvr_ctrl_19/xcvr19_reset,1,0,/run/devmap/xcvrs/xcvr_ctrl_19/xcvr19_present,1,0,19,I2C,/run/devmap/i2c-busses/MERU800BIA_SMB_FPGA_SMBUS5_CH2,38,/sys/class/leds/port19_led2:blue:status,/sys/class/leds/port19_led2:yellow:status
20,1 2 3 4,1,20,CPLD,/run/devmap/xcvrs/xcvr_ctrl_20/xcvr20_reset,1,0,/run/devmap/xcvrs/xcvr_ctrl_20/xcvr20_present,1,0,20,I2C,/run/devmap/i2c-busses/MERU800BIA_SMB_FPGA_SMBUS5_CH3,39,/sys/class/leds/port20_led1:blue:status,/sys/class/leds/port20_led1:yellow:status
20,1 2 3 4,1,20,CPLD,/run/devmap/xcvrs/xcvr_ctrl_20/xcvr20_reset,1,0,/run/devmap/xcvrs/xcvr_ctrl_20/xcvr20_present,1,0,20,I2C,/run/devmap/i2c-busses/MERU800BIA_SMB_FPGA_SMBUS5_CH3,40,/sys/class/leds/port20_led2:blue:status,/sys/class/leds/port20_led2:yellow:status
21,1 2 3 4,1,21,CPLD,/run/devmap/xcvrs/xcvr_ctrl_21/xcvr21_reset,1,0,/run/devmap/xcvrs/xcvr_ctrl_21/xcvr21_present,1,0,21,I2C,/run/devmap/i2c-busses/MERU800BIA_SMB_FPGA_SMBUS5_CH4,41,/sys/class/leds/port21_led1:blue:status,/sys/class/leds/port21_led1:yellow:status
21,1 2 3 4,1,21,CPLD,/run/devmap/xcvrs/xcvr_ctrl_21/xcvr21_reset,1,0,/run/devmap/xcvrs/xcvr_ctrl_21/xcvr21_present,1,0,21,I2C,/run/devmap/i2c-busses/MERU800BIA_SMB_FPGA_SMBUS5_CH4,42,/sys/class/leds/port21_led2:blue:status,/sys/class/leds/port21_led2:yellow:status
22,1 2 3 4,1,22,CPLD,/run/devmap/xcvrs/xcvr_ctrl_22/xcvr22_reset,1,0,/run/devmap/xcvrs/xcvr_ctrl_22/xcvr22_present,1,0,22,I2C,/run/devmap/i2c-busses/MERU800BIA_SMB_FPGA_SMBUS5_CH5,43,/sys/class/leds/port22_led1:blue:status,/sys/class/leds/port22_led1:yellow:status
22,1 2 3 4,1,22,CPLD,/run/devmap/xcvrs/xcvr_ctrl_22/xcvr22_reset,1,0,/run/devmap/xcvrs/xcvr_ctrl_22/xcvr22_present,1,0,22,I2C,/run/devmap/i2c-busses/MERU800BIA_SMB_FPGA_SMBUS5_CH5,44,/sys/class/leds/port22_led2:blue:status,/sys/class/leds/port22_led2:yellow:status
23,1 2 3 4,1,23,CPLD,/run/devmap/xcvrs/xcvr_ctrl_23/xcvr23_reset,1,0,/run/devmap/xcvrs/xcvr_ctrl_23/xcvr23_present,1,0,23,I2C,/run/devmap/i2c-busses/MERU800BIA_SMB_FPGA_SMBUS5_CH6,45,/sys/class/leds/port23_led1:blue:status,/sys/class/leds/port23_led1:yellow:status
23,1 2 3 4,1,23,CPLD,/run/devmap/xcvrs/xcvr_ctrl_23/xcvr23_reset,1,0,/run/devmap/xcvrs/xcvr_ctrl_23/xcvr23_present,1,0,23,I2C,/run/devmap/i2c-busses/MERU800BIA_SMB_FPGA_SMBUS5_CH6,46,/sys/class/leds/port23_led2:blue:status,/sys/class/leds/port23_led2:yellow:status
24,1 2 3 4,1,24,CPLD,/run/devmap/xcvrs/xcvr_ctrl_24/xcvr24_reset,1,0,/run/devmap/xcvrs/xcvr_ctrl_24/xcvr24_present,1,0,24,I2C,/run/devmap/i2c-busses/MERU800BIA_SMB_FPGA_SMBUS5_CH7,47,/sys/class/leds/port24_led1:blue:status,/sys/class/leds/port24_led1:yellow:status
24,1 2 3 4,1,24,CPLD,/run/devmap/xcvrs/xcvr_ctrl_24/xcvr24_reset,1,0,/run/devmap/xcvrs/xcvr_ctrl_24/xcvr24_present,1,0,24,I2C,/run/devmap/i2c-busses/MERU800BIA_SMB_FPGA_SMBUS5_CH7,48,/sys/class/leds/port24_led2:blue:status,/sys/class/leds/port24_led2:yellow:status
25,1 2 3 4,1,25,CPLD,/run/devmap/xcvrs/xcvr_ctrl_25/xcvr25_reset,1,0,/run/devmap/xcvrs/xcvr_ctrl_25/xcvr25_present,1,0,25,I2C,/run/devmap/i2c-busses/MERU800BIA_SMB_FPGA_SMBUS6_CH0,49,/sys/class/leds/port25_led1:blue:status,/sys/class/leds/port25_led1:yellow:status
25,1 2 3 4,1,25,CPLD,/run/devmap/xcvrs/xcvr_ctrl_25/xcvr25_reset,1,0,/run/devmap/xcvrs/xcvr_ctrl_25/xcvr25_present,1,0,25,I2C,/run/devmap/i2c-busses/MERU800BIA_SMB_FPGA_SMBUS6_CH0,50,/sys/class/leds/port25_led2:blue:status,/sys/class/leds/port25_led2:yellow:status
26,1 2 3 4,1,26,CPLD,/run/devmap/xcvrs/xcvr_ctrl_26/xcvr26_reset,1,0,/run/devmap/xcvrs/xcvr_ctrl_26/xcvr26_present,1,0,26,I2C,/run/devmap/i2c-busses/MERU800BIA_SMB_FPGA_SMBUS6_CH1,51,/sys/class/leds/port26_led1:blue:status,/sys/class/leds/port26_led1:yellow:status
26,1 2 3 4,1,26,CPLD,/run/devmap/xcvrs/xcvr_ctrl_26/xcvr26_reset,1,0,/run/devmap/xcvrs/xcvr_ctrl_26/xcvr26_present,1,0,26,I2C,/run/devmap/i2c-busses/MERU800BIA_SMB_FPGA_SMBUS6_CH1,52,/sys/class/leds/port26_led2:blue:status,/sys/class/leds/port26_led2:yellow:status
27,1 2 3 4,1,27,CPLD,/run/devmap/xcvrs/xcvr_ctrl_27/xcvr27_reset,1,0,/run/devmap/xcvrs/xcvr_ctrl_27/xcvr27_present,1,0,27,I2C,/run/devmap/i2c-busses/MERU800BIA_SMB_FPGA_SMBUS6_CH2,53,/sys/class/leds/port27_led1:blue:status,/sys/class/leds/port27_led1:yellow:status
27,1 2 3 4,1,27,CPLD,/run/devmap/xcvrs/xcvr_ctrl_27/xcvr27_reset,1,0,/run/devmap/xcvrs/xcvr_ctrl_27/xcvr27_present,1,0,27,I2C,/run/devmap/i2c-busses/MERU800BIA_SMB_FPGA_SMBUS6_CH2,54,/sys/class/leds/port27_led2:blue:status,/sys/class/leds/port27_led2:yellow:status
28,1 2 3 4,1,28,CPLD,/run/devmap/xcvrs/xcvr_ctrl_28/xcvr28_reset,1,0,/run/devmap/xcvrs/xcvr_ctrl_28/xcvr28_present,1,0,28,I2C,/run/devmap/i2c-busses/MERU800BIA_SMB_FPGA_SMBUS6_CH3,55,/sys/class/leds/port28_led1:blue:status,/sys/class/leds/port28_led1:yellow:status
28,1 2 3 4,1,28,CPLD,/run/devmap/xcvrs/xcvr_ctrl_28/xcvr28_reset,1,0,/run/devmap/xcvrs/xcvr_ctrl_28/xcvr28_present,1,0,28,I2C,/run/devmap/i2c-busses/MERU800BIA_SMB_FPGA_SMBUS6_CH3,56,/sys/class/leds/port28_led2:blue:status,/sys/class/leds/port28_led2:yellow:status
29,1 2 3 4,1,29,CPLD,/run/devmap/xcvrs/xcvr_ctrl_29/xcvr29_reset,1,0,/run/devmap/xcvrs/xcvr_ctrl_29/xcvr29_present,1,0,29,I2C,/run/devmap/i2c-busses/MERU800BIA_SMB_FPGA_SMBUS6_CH4,57,/sys/class/leds/port29_led1:blue:status,/sys/class/leds/port29_led1:yellow:status
29,1 2 3 4,1,29,CPLD,/run/devmap/xcvrs/xcvr_ctrl_29/xcvr29_reset,1,0,/run/devmap/xcvrs/xcvr_ctrl_29/xcvr29_present,1,0,29,I2C,/run/devmap/i2c-busses/MERU800BIA_SMB_FPGA_SMBUS6_CH4,58,/sys/class/leds/port29_led2:blue:status,/sys/class/leds/port29_led2:yellow:status
30,1 2 3 4,1,30,CPLD,/run/devmap/xcvrs/xcvr_ctrl_30/xcvr30_reset,1,0,/run/devmap/xcvrs/xcvr_ctrl_30/xcvr30_present,1,0,30,I2C,/run/devmap/i2c-busses/MERU800BIA_SMB_FPGA_SMBUS6_CH5,59,/sys/class/leds/port30_led1:blue:status,/sys/class/leds/port30_led1:yellow:status
30,1 2 3 4,1,30,CPLD,/run/devmap/xcvrs/xcvr_ctrl_30/xcvr30_reset,1,0,/run/devmap/xcvrs/xcvr_ctrl_30/xcvr30_present,1,0,30,I2C,/run/devmap/i2c-busses/MERU800BIA_SMB_FPGA_SMBUS6_CH5,60,/sys/class/leds/port30_led2:blue:status,/sys/class/leds/port30_led2:yellow:status
31,1 2 3 4,1,31,CPLD,/run/devmap/xcvrs/xcvr_ctrl_31/xcvr31_reset,1,0,/run/devmap/xcvrs/xcvr_ctrl_31/xcvr31_present,1,0,31,I2C,/run/devmap/i2c-busses/MERU800BIA_SMB_FPGA_SMBUS6_CH6,61,/sys/class/leds/port31_led1:blue:status,/sys/class/leds/port31_led1:yellow:status
31,1 2 3 4,1,31,CPLD,/run/devmap/xcvrs/xcvr_ctrl_31/xcvr31_reset,1,0,/run/devmap/xcvrs/xcvr_ctrl_31/xcvr31_present,1,0,31,I2C,/run/devmap/i2c-busses/MERU800BIA_SMB_FPGA_SMBUS6_CH6,62,/sys/class/leds/port31_led2:blue:status,/sys/class/leds/port31_led2:yellow:status
32,1 2 3 4,1,32,CPLD,/run/devmap/xcvrs/xcvr_ctrl_32/xcvr32_reset,1,0,/run/devmap/xcvrs/xcvr_ctrl_32/xcvr32_present,1,0,32,I2C,/run/devmap/i2c-busses/MERU800BIA_SMB_FPGA_SMBUS6_CH7,63,/sys/class/leds/port32_led1:blue:status,/sys/class/leds/port32_led1:yellow:status
32,1 2 3 4,1,32,CPLD,/run/devmap/xcvrs/xcvr_ctrl_32/xcvr32_reset,1,0,/run/devmap/xcvrs/xcvr_ctrl_32/xcvr32_present,1,0,32,I2C,/run/devmap/i2c-busses/MERU800BIA_SMB_FPGA_SMBUS6_CH7,64,/sys/class/leds/port32_led2:blue:status,/sys/class/leds/port32_led2:yellow:status
33,1 2 3 4,1,33,CPLD,/run/devmap/xcvrs/xcvr_ctrl_33/xcvr33_reset,1,0,/run/devmap/xcvrs/xcvr_ctrl_33/xcvr33_present,1,0,33,I2C,/run/devmap/i2c-busses/MERU800BIA_SMB_FPGA_SMBUS7_CH0,65,/sys/class/leds/port33_led1:blue:status,/sys/class/leds/port33_led1:yellow:status
33,1 2 3 4,1,33,CPLD,/run/devmap/xcvrs/xcvr_ctrl_33/xcvr33_reset,1,0,/run/devmap/xcvrs/xcvr_ctrl_33/xcvr33_present,1,0,33,I2C,/run/devmap/i2c-busses/MERU800BIA_SMB_FPGA_SMBUS7_CH0,66,/sys/class/leds/port33_led2:blue:status,/sys/class/leds/port33_led2:yellow:status
34,1 2 3 4,1,34,CPLD,/run/devmap/xcvrs/xcvr_ctrl_34/xcvr34_reset,1,0,/run/devmap/xcvrs/xcvr_ctrl_34/xcvr34_present,1,0,34,I2C,/run/devmap/i2c-busses/MERU800BIA_SMB_FPGA_SMBUS7_CH1,67,/sys/class/leds/port34_led1:blue:status,/sys/class/leds/port34_led1:yellow:status
34,1 2 3 4,1,34,CPLD,/run/devmap/xcvrs/xcvr_ctrl_34/xcvr34_reset,1,0,/run/devmap/xcvrs/xcvr_ctrl_34/xcvr34_present,1,0,34,I2C,/run/devmap/i2c-busses/MERU800BIA_SMB_FPGA_SMBUS7_CH1,68,/sys/class/leds/port34_led2:blue:status,/sys/class/leds/port34_led2:yellow:status
35,1 2 3 4,1,35,CPLD,/run/devmap/xcvrs/xcvr_ctrl_35/xcvr35_reset,1,0,/run/devmap/xcvrs/xcvr_ctrl_35/xcvr35_present,1,0,35,I2C,/run/devmap/i2c-busses/MERU800BIA_SMB_FPGA_SMBUS7_CH2,69,/sys/class/leds/port35_led1:blue:status,/sys/class/leds/port35_led1:yellow:status
35,1 2 3 4,1,35,CPLD,/run/devmap/xcvrs/xcvr_ctrl_35/xcvr35_reset,1,0,/run/devmap/xcvrs/xcvr_ctrl_35/xcvr35_present,1,0,35,I2C,/run/devmap/i2c-busses/MERU800BIA_SMB_FPGA_SMBUS7_CH2,70,/sys/class/leds/port35_led2:blue:status,/sys/class/leds/port35_led2:yellow:status
36,1 2 3 4,1,36,CPLD,/run/devmap/xcvrs/xcvr_ctrl_36/xcvr36_reset,1,0,/run/devmap/xcvrs/xcvr_ctrl_36/xcvr36_present,1,0,36,I2C,/run/devmap/i2c-busses/MERU800BIA_SMB_FPGA_SMBUS7_CH3,71,/sys/class/leds/port36_led1:blue:status,/sys/class/leds/port36_led1:yellow:status
36,1 2 3 4,1,36,CPLD,/run/devmap/xcvrs/xcvr_ctrl_36/xcvr36_reset,1,0,/run/devmap/xcvrs/xcvr_ctrl_36/xcvr36_present,1,0,36,I2C,/run/devmap/i2c-busses/MERU800BIA_SMB_FPGA_SMBUS7_CH3,72,/sys/class/leds/port36_led2:blue:status,/sys/class/leds/port36_led2:yellow:status
37,1 2 3 4,1,37,CPLD,/run/devmap/xcvrs/xcvr_ctrl_37/xcvr37_reset,1,0,/run/devmap/xcvrs/xcvr_ctrl_37/xcvr37_present,1,0,37,I2C,/run/devmap/i2c-busses/MERU800BIA_SMB_FPGA_SMBUS7_CH4,73,/sys/class/leds/port37_led1:blue:status,/sys/class/leds/port37_led1:yellow:status
37,1 2 3 4,1,37,CPLD,/run/devmap/xcvrs/xcvr_ctrl_37/xcvr37_reset,1,0,/run/devmap/xcvrs/xcvr_ctrl_37/xcvr37_present,1,0,37,I2C,/run/devmap/i2c-busses/MERU800BIA_SMB_FPGA_SMBUS7_CH4,74,/sys/class/leds/port37_led2:blue:status,/sys/class/leds/port37_led2:yellow:status
38,1 2 3 4,1,38,CPLD,/run/devmap/xcvrs/xcvr_ctrl_38/xcvr38_reset,1,0,/run/devmap/xcvrs/xcvr_ctrl_38/xcvr38_present,1,0,38,I2C,/run/devmap/i2c-busses/MERU800BIA_SMB_FPGA_SMBUS7_CH5,75,/sys/class/leds/port38_led1:blue:status,/sys/class/leds/port38_led1:yellow:status
38,1 2 3 4,1,38,CPLD,/run/devmap/xcvrs/xcvr_ctrl_38/xcvr38_reset,1,0,/run/devmap/xcvrs/xcvr_ctrl_38/xcvr38_present,1,0,38,I2C,/run/devmap/i2c-busses/MERU800BIA_SMB_FPGA_SMBUS7_CH5,76,/sys/class/leds/port38_led2:blue:status,/sys/class/leds/port38_led2:yellow:status
39,1 2 3 4,1,39,CPLD,/run/devmap/xcvrs/xcvr_ctrl_39/xcvr39_reset,1,0,/run/devmap/xcvrs/xcvr_ctrl_39/xcvr39_present,1,0,39,I2C,/run/devmap/i2c-busses/MERU800BIA_SMB_FPGA_SMBUS7_CH6,77,/sys/class/leds/port39_led1:blue:status,/sys/class/leds/port39_led1:yellow:status
39,1 2 3 4,1,39,CPLD,/run/devmap/xcvrs/xcvr_ctrl_39/xcvr39_reset,1,0,/run/devmap/xcvrs/xcvr_ctrl_39/xcvr39_present,1,0,39,I2C,/run/devmap/i2c-busses/MERU800BIA_SMB_FPGA_SMBUS7_CH6,78,/sys/class/leds/port39_led2:blue:status,/sys/class/leds/port39_led2:yellow:status
40,1 2 3 4,1,40,CPLD,/run/devmap/xcvrs/xcvr_ctrl_40/xcvr40_reset,1,0,/run/devmap/xcvrs/xcvr_ctrl_40/xcvr40_present,1,0,40,I2C,/run/devmap/i2c-busses/MERU800BIA_SMB_FPGA_SMBUS7_CH7,79,/sys/class/leds/port40_led1:blue:status,/sys/class/leds/port40_led1:yellow:status
40,1 2 3 4,1,40,CPLD,/run/devmap/xcvrs/xcvr_ctrl_40/xcvr40_reset,1,0,/run/devmap/xcvrs/xcvr_ctrl_40/xcvr40_present,1,0,40,I2C,/run/devmap/i2c-busses/MERU800BIA_SMB_FPGA_SMBUS7_CH7,80,/sys/class/leds/port40_led2:blue:status,/sys/class/leds/port40_led2:yellow:status
41,1 2 3 4,1,41,CPLD,/run/devmap/xcvrs/xcvr_ctrl_41/xcvr41_reset,1,0,/run/devmap/xcvrs/xcvr_ctrl_41/xcvr41_present,1,0,41,I2C,/run/devmap/i2c-busses/MERU800BIA_SMB_FPGA_SMBUS8_CH0,81,/sys/class/leds/port41_led1:blue:status,/sys/class/leds/port41_led1:yellow:status
41,1 2 3 4,1,41,CPLD,/run/devmap/xcvrs/xcvr_ctrl_41/xcvr41_reset,1,0,/run/devmap/xcvrs/xcvr_ctrl_41/xcvr41_present,1,0,41,I2C,/run/devmap/i2c-busses/MERU800BIA_SMB_FPGA_SMBUS8_CH0,82,/sys/class/leds/port41_led2:blue:status,/sys/class/leds/port41_led2:yellow:status
42,1 2 3 4,1,42,CPLD,/run/devmap/xcvrs/xcvr_ctrl_42/xcvr42_reset,1,0,/run/devmap/xcvrs/xcvr_ctrl_42/xcvr42_present,1,0,42,I2C,/run/devmap/i2c-busses/MERU800BIA_SMB_FPGA_SMBUS8_CH1,83,/sys/class/leds/port42_led1:blue:status,/sys/class/leds/port42_led1:yellow:status
42,1 2 3 4,1,42,CPLD,/run/devmap/xcvrs/xcvr_ctrl_42/xcvr42_reset,1,0,/run/devmap/xcvrs/xcvr_ctrl_42/xcvr42_present,1,0,42,I2C,/run/devmap/i2c-busses/MERU800BIA_SMB_FPGA_SMBUS8_CH1,84,/sys/class/leds/port42_led2:blue:status,/sys/class/leds/port42_led2:yellow:status
43,1 2 3 4,1,43,CPLD,/run/devmap/xcvrs/xcvr_ctrl_43/xcvr43_reset,1,0,/run/devmap/xcvrs/xcvr_ctrl_43/xcvr43_present,1,0,43,I2C,/run/devmap/i2c-busses/MERU800BIA_SMB_FPGA_SMBUS8_CH2,85,/sys/class/leds/port43_led1:blue:status,/sys/class/leds/port43_led1:yellow:status
43,1 2 3 4,1,43,CPLD,/run/devmap/xcvrs/xcvr_ctrl_43/xcvr43_reset,1,0,/run/devmap/xcvrs/xcvr_ctrl_43/xcvr43_present,1,0,43,I2C,/run/devmap/i2c-busses/MERU800BIA_SMB_FPGA_SMBUS8_CH2,86,/sys/class/leds/port43_led2:blue:status,/sys/class/leds/port43_led2:yellow:status
44,1 2 3 4,1,44,CPLD,/run/devmap/xcvrs/xcvr_ctrl_44/xcvr44_reset,1,0,/run/devmap/xcvrs/xcvr_ctrl_44/xcvr44_present,1,0,44,I2C,/run/devmap/i2c-busses/MERU800BIA_SMB_FPGA_SMBUS8_CH3,87,/sys/class/leds/port44_led1:blue:status,/sys/class/leds/port44_led1:yellow:status
44,1 2 3 4,1,44,CPLD,/run/devmap/xcvrs/xcvr_ctrl_44/xcvr44_reset,1,0,/run/devmap/xcvrs/xcvr_ctrl_44/xcvr44_present,1,0,44,I2C,/run/devmap/i2c-busses/MERU800BIA_SMB_FPGA_SMBUS8_CH3,88,/sys/class/leds/port44_led2:blue:status,/sys/class/leds/port44_led2:yellow:status
45,1 2 3 4,1,45,CPLD,/run/devmap/xcvrs/xcvr_ctrl_45/xcvr45_reset,1,0,/run/devmap/xcvrs/xcvr_ctrl_45/xcvr45_present,1,0,45,I2C,/run/devmap/i2c-busses/MERU800BIA_SMB_FPGA_SMBUS8_CH4,89,/sys/class/leds/port45_led1:blue:status,/sys/class/leds/port45_led1:yellow:status
45,1 2 3 4,1,45,CPLD,/run/devmap/xcvrs/xcvr_ctrl_45/xcvr45_reset,1,0,/run/devmap/xcvrs/xcvr_ctrl_45/xcvr45_present,1,0,45,I2C,/run/devmap/i2c-busses/MERU800BIA_SMB_FPGA_SMBUS8_CH4,90,/sys/class/leds/port45_led2:blue:status,/sys/class/leds/port45_led2:yellow:status
46,1 2 3 4,1,46,CPLD,/run/devmap/xcvrs/xcvr_ctrl_46/xcvr46_reset,1,0,/run/devmap/xcvrs/xcvr_ctrl_46/xcvr46_present,1,0,46,I2C,/run/devmap/i2c-busses/MERU800BIA_SMB_FPGA_SMBUS8_CH5,91,/sys/class/leds/port46_led1:blue:status,/sys/class/leds/port46_led1:yellow:status
46,1 2 3 4,1,46,CPLD,/run/devmap/xcvrs/xcvr_ctrl_46/xcvr46_reset,1,0,/run/devmap/xcvrs/xcvr_ctrl_46/xcvr46_present,1,0,46,I2C,/run/devmap/i2c-busses/MERU800BIA_SMB_FPGA_SMBUS8_CH5,92,/sys/class/leds/port46_led2:blue:status,/sys/class/leds/port46_led2:yellow:status
47,1 2 3 4,1,47,CPLD,/run/devmap/xcvrs/xcvr_ctrl_47/xcvr47_reset,1,0,/run/devmap/xcvrs/xcvr_ctrl_47/xcvr47_present,1,0,47,I2C,/run/devmap/i2c-busses/MERU800BIA_SMB_FPGA_SMBUS8_CH6,93,/sys/class/leds/port47_led1:blue:status,/sys/class/leds/port47_led1:yellow:status
47,1 2 3 4,1,47,CPLD,/run/devmap/xcvrs/xcvr_ctrl_47/xcvr47_reset,1,0,/run/devmap/xcvrs/xcvr_ctrl_47/xcvr47_present,1,0,47,I2C,/run/devmap/i2c-busses/MERU800BIA_SMB_FPGA_SMBUS8_CH6,94,/sys/class/leds/port47_led2:blue:status,/sys/class/leds/port47_led2:yellow:status
48,1 2 3 4,1,48,CPLD,/run/devmap/xcvrs/xcvr_ctrl_48/xcvr48_reset,1,0,/run/devmap/xcvrs/xcvr_ctrl_48/xcvr48_present,1,0,48,I2C,/run/devmap/i2c-busses/MERU800BIA_SMB_FPGA_SMBUS8_CH7,95,/sys/class/leds/port48_led1:blue:status,/sys/class/leds/port48_led1:yellow:status
48,1 2 3 4,1,48,CPLD,/run/devmap/xcvrs/xcvr_ctrl_48/xcvr48_reset,1,0,/run/devmap/xcvrs/xcvr_ctrl_48/xcvr48_present,1,0,48,I2C,/run/devmap/i2c-busses/MERU800BIA_SMB_FPGA_SMBUS8_CH7,96,/sys/class/leds/port48_led2:blue:status,/sys/class/leds/port48_led2:yellow:status
49,1 2 3 4,1,49,CPLD,/run/devmap/xcvrs/xcvr_ctrl_49/xcvr49_reset,1,0,/run/devmap/xcvrs/xcvr_ctrl_49/xcvr49_present,1,0,49,I2C,/run/devmap/i2c-busses/MERU800BIA_SMB_FPGA_SMBUS9_CH0,97,/sys/class/leds/port49_led1:blue:status,/sys/class/leds/port49_led1:yellow:status
49,1 2 3 4,1,49,CPLD,/run/devmap/xcvrs/xcvr_ctrl_49/xcvr49_reset,1,0,/run/devmap/xcvrs/xcvr_ctrl_49/xcvr49_present,1,0,49,I2C,/run/devmap/i2c-busses/MERU800BIA_SMB_FPGA_SMBUS9_CH0,98,/sys/class/leds/port49_led2:blue:status,/sys/class/leds/port49_led2:yellow:status
50,1 2 3 4,1,50,CPLD,/run/devmap/xcvrs/xcvr_ctrl_50/xcvr50_reset,1,0,/run/devmap/xcvrs/xcvr_ctrl_50/xcvr50_present,1,0,50,I2C,/run/devmap/i2c-busses/MERU800BIA_SMB_FPGA_SMBUS9_CH1,99,/sys/class/leds/port50_led1:blue:status,/sys/class/leds/port50_led1:yellow:status
50,1 2 3 4,1,50,CPLD,/run/devmap/xcvrs/xcvr_ctrl_50/xcvr50_reset,1,0,/run/devmap/xcvrs/xcvr_ctrl_50/xcvr50_present,1,0,50,I2C,/run/devmap/i2c-busses/MERU800BIA_SMB_FPGA_SMBUS9_CH1,100,/sys/class/leds/port50_led2:blue:status,/sys/class/leds/port50_led2:yellow:status
51,1 2 3 4,1,51,CPLD,/run/devmap/xcvrs/xcvr_ctrl_51/xcvr51_reset,1,0,/run/devmap/xcvrs/xcvr_ctrl_51/xcvr51_present,1,0,51,I2C,/run/devmap/i2c-busses/MERU800BIA_SMB_FPGA_SMBUS9_CH2,101,/sys/class/leds/port51_led1:blue:status,/sys/class/leds/port51_led1:yellow:status
51,1 2 3 4,1,51,CPLD,/run/devmap/xcvrs/xcvr_ctrl_51/xcvr51_reset,1,0,/run/devmap/xcvrs/xcvr_ctrl_51/xcvr51_present,1,0,51,I2C,/run/devmap/i2c-busses/MERU800BIA_SMB_FPGA_SMBUS9_CH2,102,/sys/class/leds/port51_led2:blue:status,/sys/class/leds/port51_led2:yellow:status
52,1 2 3 4,1,52,CPLD,/run/devmap/xcvrs/xcvr_ctrl_52/xcvr52_reset,1,0,/run/devmap/xcvrs/xcvr_ctrl_52/xcvr52_present,1,0,52,I2C,/run/devmap/i2c-busses/MERU800BIA_SMB_FPGA_SMBUS9_CH3,103,/sys/class/leds/port52_led1:blue:status,/sys/class/leds/port52_led1:yellow:status
52,1 2 3 4,1,52,CPLD,/run/devmap/xcvrs/xcvr_ctrl_52/xcvr52_reset,1,0,/run/devmap/xcvrs/xcvr_ctrl_52/xcvr52_present,1,0,52,I2C,/run/devmap/i2c-busses/MERU800BIA_SMB_FPGA_SMBUS9_CH3,104,/sys/class/leds/port52_led2:blue:status,/sys/class/leds/port52_led2:yellow:status
53,1 2 3 4,1,53,CPLD,/run/devmap/xcvrs/xcvr_ctrl_53/xcvr53_reset,1,0,/run/devmap/xcvrs/xcvr_ctrl_53/xcvr53_present,1,0,53,I2C,/run/devmap/i2c-busses/MERU800BIA_SMB_FPGA_SMBUS9_CH4,105,/sys/class/leds/port53_led1:blue:status,/sys/class/leds/port53_led1:yellow:status
53,1 2 3 4,1,53,CPLD,/run/devmap/xcvrs/xcvr_ctrl_53/xcvr53_reset,1,0,/run/devmap/xcvrs/xcvr_ctrl_53/xcvr53_present,1,0,53,I2C,/run/devmap/i2c-busses/MERU800BIA_SMB_FPGA_SMBUS9_CH4,106,/sys/class/leds/port53_led2:blue:status,/sys/class/leds/port53_led2:yellow:status
54,1 2 3 4,1,54,CPLD,/run/devmap/xcvrs/xcvr_ctrl_54/xcvr54_reset,1,0,/run/devmap/xcvrs/xcvr_ctrl_54/xcvr54_present,1,0,54,I2C,/run/devmap/i2c-busses/MERU800BIA_SMB_FPGA_SMBUS9_CH5,107,/sys/class/leds/port54_led1:blue:status,/sys/class/leds/port54_led1:yellow:status
54,1 2 3 4,1,54,CPLD,/run/devmap/xcvrs/xcvr_ctrl_54/xcvr54_reset,1,0,/run/devmap/xcvrs/xcvr_ctrl_54/xcvr54_present,1,0,54,I2C,/run/devmap/i2c-busses/MERU800BIA_SMB_FPGA_SMBUS9_CH5,108,/sys/class/leds/port54_led2:blue:status,/sys/class/leds/port54_led2:yellow:status
55,1 2 3 4,1,55,CPLD,/run/devmap/xcvrs/xcvr_ctrl_55/xcvr55_reset,1,0,/run/devmap/xcvrs/xcvr_ctrl_55/xcvr55_present,1,0,55,I2C,/run/devmap/i2c-busses/MERU800BIA_SMB_FPGA_SMBUS9_CH6,109,/sys/class/leds/port55_led1:blue:status,/sys/class/leds/port55_led1:yellow:status
55,1 2 3 4,1,55,CPLD,/run/devmap/xcvrs/xcvr_ctrl_55/xcvr55_reset,1,0,/run/devmap/xcvrs/xcvr_ctrl_55/xcvr55_present,1,0,55,I2C,/run/devmap/i2c-busses/MERU800BIA_SMB_FPGA_SMBUS9_CH6,110,/sys/class/leds/port55_led2:blue:status,/sys/class/leds/port55_led2:yellow:status
56,1 2 3 4,1,56,CPLD,/run/devmap/xcvrs/xcvr_ctrl_56/xcvr56_reset,1,0,/run/devmap/xcvrs/xcvr_ctrl_56/xcvr56_present,1,0,56,I2C,/run/devmap/i2c-busses/MERU800BIA_SMB_FPGA_SMBUS9_CH7,111,/sys/class/leds/port56_led1:blue:status,/sys/class/leds/port56_led1:yellow:status
56,1 2 3 4,1,56,CPLD,/run/devmap/xcvrs/xcvr_ctrl_56/xcvr56_reset,1,0,/run/devmap/xcvrs/xcvr_ctrl_56/xcvr56_present,1,0,56,I2C,/run/devmap/i2c-busses/MERU800BIA_SMB_FPGA_SMBUS9_CH7,112,/sys/class/leds/port56_led2:blue:status,/sys/class/leds/port56_led2:yellow:status
57,1 2 3 4,1,57,CPLD,/run/devmap/xcvrs/xcvr_ctrl_57/xcvr57_reset,1,0,/run/devmap/xcvrs/xcvr_ctrl_57/xcvr57_present,1,0,57,I2C,/run/devmap/i2c-busses/MERU800BIA_SMB_FPGA_SMBUS10_CH0,113,/sys/class/leds/port57_led1:blue:status,/sys/class/leds/port57_led1:yellow:status
57,1 2 3 4,1,57,CPLD,/run/devmap/xcvrs/xcvr_ctrl_57/xcvr57_reset,1,0,/run/devmap/xcvrs/xcvr_ctrl_57/xcvr57_present,1,0,57,I2C,/run/devmap/i2c-busses/MERU800BIA_SMB_FPGA_SMBUS10_CH0,114,/sys/class/leds/port57_led2:blue:status,/sys/class/leds/port57_led2:yellow:status
58,1 2 3 4,1,58,CPLD,/run/devmap/xcvrs/xcvr_ctrl_58/xcvr58_reset,1,0,/run/devmap/xcvrs/xcvr_ctrl_58/xcvr58_present,1,0,58,I2C,/run/devmap/i2c-busses/MERU800BIA_SMB_FPGA_SMBUS10_CH1,115,/sys/class/leds/port58_led1:blue:status,/sys/class/leds/port58_led1:yellow:status
58,1 2 3 4,1,58,CPLD,/run/devmap/xcvrs/xcvr_ctrl_58/xcvr58_reset,1,0,/run/devmap/xcvrs/xcvr_ctrl_58/xcvr58_present,1,0,58,I2C,/run/devmap/i2c-busses/MERU800BIA_SMB_FPGA_SMBUS10_CH1,116,/sys/class/leds/port58_led2:blue:status,/sys/class/leds/port58_led2:yellow:status
59,1 2 3 4,1,59,CPLD,/run/devmap/xcvrs/xcvr_ctrl_59/xcvr59_reset,1,0,/run/devmap/xcvrs/xcvr_ctrl_59/xcvr59_present,1,0,59,I2C,/run/devmap/i2c-busses/MERU800BIA_SMB_FPGA_SMBUS10_CH2,117,/sys/class/leds/port59_led1:blue:status,/sys/class/leds/port59_led1:yellow:status
59,1 2 3 4,1,59,CPLD,/run/devmap/xcvrs/xcvr_ctrl_59/xcvr59_reset,1,0,/run/devmap/xcvrs/xcvr_ctrl_59/xcvr59_present,1,0,59,I2C,/run/devmap/i2c-busses/MERU800BIA_SMB_FPGA_SMBUS10_CH2,118,/sys/class/leds/port59_led2:blue:status,/sys/class/leds/port59_led2:yellow:status
60,1 2 3 4,1,60,CPLD,/run/devmap/xcvrs/xcvr_ctrl_60/xcvr60_reset,1,0,/run/devmap/xcvrs/xcvr_ctrl_60/xcvr60_present,1,0,60,I2C,/run/devmap/i2c-busses/MERU800BIA_SMB_FPGA_SMBUS10_CH3,119,/sys/class/leds/port60_led1:blue:status,/sys/class/leds/port60_led1:yellow:status
60,1 2 3 4,1,60,CPLD,/run/devmap/xcvrs/xcvr_ctrl_60/xcvr60_reset,1,0,/run/devmap/xcvrs/xcvr_ctrl_60/xcvr60_present,1,0,60,I2C,/run/devmap/i2c-busses/MERU800BIA_SMB_FPGA_SMBUS10_CH3,120,/sys/class/leds/port60_led2:blue:status,/sys/class/leds/port60_led2:yellow:status
61,1 2 3 4,1,61,CPLD,/run/devmap/xcvrs/xcvr_ctrl_61/xcvr61_reset,1,0,/run/devmap/xcvrs/xcvr_ctrl_61/xcvr61_present,1,0,61,I2C,/run/devmap/i2c-busses/MERU800BIA_SMB_FPGA_SMBUS10_CH4,121,/sys/class/leds/port61_led1:blue:status,/sys/class/leds/port61_led1:yellow:status
61,1 2 3 4,1,61,CPLD,/run/devmap/xcvrs/xcvr_ctrl_61/xcvr61_reset,1,0,/run/devmap/xcvrs/xcvr_ctrl_61/xcvr61_present,1,0,61,I2C,/run/devmap/i2c-busses/MERU800BIA_SMB_FPGA_SMBUS10_CH4,122,/sys/class/leds/port61_led2:blue:status,/sys/class/leds/port61_led2:yellow:status
62,1 2 3 4,1,62,CPLD,/run/devmap/xcvrs/xcvr_ctrl_62/xcvr62_reset,1,0,/run/devmap/xcvrs/xcvr_ctrl_62/xcvr62_present,1,0,62,I2C,/run/devmap/i2c-busses/MERU800BIA_SMB_FPGA_SMBUS10_CH5,123,/sys/class/leds/port62_led1:blue:status,/sys/class/leds/port62_led1:yellow:status
62,1 2 3 4,1,62,CPLD,/run/devmap/xcvrs/xcvr_ctrl_62/xcvr62_reset,1,0,/run/devmap/xcvrs/xcvr_ctrl_62/xcvr62_present,1,0,62,I2C,/run/devmap/i2c-busses/MERU800BIA_SMB_FPGA_SMBUS10_CH5,124,/sys/class/leds/port62_led2:blue:status,/sys/class/leds/port62_led2:yellow:status
63,1 2 3 4,1,63,CPLD,/run/devmap/xcvrs/xcvr_ctrl_63/xcvr63_reset,1,0,/run/devmap/xcvrs/xcvr_ctrl_63/xcvr63_present,1,0,63,I2C,/run/devmap/i2c-busses/MERU800BIA_SMB_FPGA_SMBUS10_CH6,125,/sys/class/leds/port63_led1:blue:status,/sys/class/leds/port63_led1:yellow:status
63,1 2 3 4,1,63,CPLD,/run/devmap/xcvrs/xcvr_ctrl_63/xcvr63_reset,1,0,/run/devmap/xcvrs/xcvr_ctrl_63/xcvr63_present,1,0,63,I2C,/run/devmap/i2c-busses/MERU800BIA_SMB_FPGA_SMBUS10_CH6,126,/sys/class/leds/port63_led2:blue:status,/sys/class/leds/port63_led2:yellow:status
64,1 2 3 4,1,64,CPLD,/run/devmap/xcvrs/xcvr_ctrl_64/xcvr64_reset,1,0,/run/devmap/xcvrs/xcvr_ctrl_64/xcvr64_present,1,0,64,I2C,/run/devmap/i2c-busses/MERU800BIA_SMB_FPGA_SMBUS10_CH7,127,/sys/class/leds/port64_led1:blue:status,/sys/class/leds/port64_led1:yellow:status
64,1 2 3 4,1,64,CPLD,/run/devmap/xcvrs/xcvr_ctrl_64/xcvr64_reset,1,0,/run/devmap/xcvrs/xcvr_ctrl_64/xcvr64_present,1,0,64,I2C,/run/devmap/i2c-busses/MERU800BIA_SMB_FPGA_SMBUS10_CH7,128,/sys/class/leds/port64_led2:blue:status,/sys/class/leds/port64_led2:yellow:status