A_SLOT_ID,A_CHIP_ID,A_CHIP_TYPE,A_CORE_ID,A_CORE_TYPE,A_CORE_LANE,A_PHYSICAL_TX_LANE,A_PHYSICAL_RX_LANE,A_TX_POLARITY_SWAP,A_RX_POLARITY_SWAP,Z_SLOT_ID,Z_CHIP_ID,Z_CHIP_TYPE,Z_CORE_ID,Z_CORE_TYPE,Z_CORE_LANE,Z_PHYSICAL_TX_LANE,Z_PHYSICAL_RX_LANE,Z_TX_POLARITY_SWAP,Z_RX_POLARITY_SWAP
1,1,NPU,0,TH6_NIF,0,3,1,N,Y,1,1,TRANSCEIVER,0,OSFP,0,0,0,N,N
1,1,NPU,0,TH6_NIF,1,0,7,N,N,1,1,TRANSCEIVER,0,OSFP,1,1,1,N,N
1,1,NPU,0,TH6_NIF,2,1,4,Y,N,1,1,TRANSCEIVER,0,OSFP,2,2,2,N,N
1,1,NPU,0,TH6_NIF,3,6,6,Y,Y,1,1,TRANSCEIVER,0,OSFP,3,3,3,N,N
1,1,NPU,0,TH6_NIF,4,5,5,Y,N,1,1,TRANSCEIVER,0,OSFP,4,4,4,N,N
1,1,NPU,0,TH6_NIF,5,4,2,Y,Y,1,1,TRANSCEIVER,0,OSFP,5,5,5,N,N
1,1,NPU,0,TH6_NIF,6,7,3,Y,Y,1,1,TRANSCEIVER,0,OSFP,6,6,6,N,N
1,1,NPU,0,TH6_NIF,7,2,0,Y,Y,1,1,TRANSCEIVER,0,OSFP,7,7,7,N,N
1,1,NPU,1,TH6_NIF,0,11,9,N,Y,1,2,TRANSCEIVER,0,OSFP,0,0,0,N,N
1,1,NPU,1,TH6_NIF,1,8,15,N,N,1,2,TRANSCEIVER,0,OSFP,1,1,1,N,N
1,1,NPU,1,TH6_NIF,2,9,12,Y,N,1,2,TRANSCEIVER,0,OSFP,2,2,2,N,N
1,1,NPU,1,TH6_NIF,3,14,14,Y,Y,1,2,TRANSCEIVER,0,OSFP,3,3,3,N,N
1,1,NPU,1,TH6_NIF,4,13,13,Y,N,1,2,TRANSCEIVER,0,OSFP,4,4,4,N,N
1,1,NPU,1,TH6_NIF,5,12,10,Y,Y,1,2,TRANSCEIVER,0,OSFP,5,5,5,N,N
1,1,NPU,1,TH6_NIF,6,15,11,Y,Y,1,2,TRANSCEIVER,0,OSFP,6,6,6,N,N
1,1,NPU,1,TH6_NIF,7,10,8,Y,Y,1,2,TRANSCEIVER,0,OSFP,7,7,7,N,N
1,1,NPU,2,TH6_NIF,0,19,17,N,Y,1,3,TRANSCEIVER,0,OSFP,0,0,0,N,N
1,1,NPU,2,TH6_NIF,1,16,23,N,N,1,3,TRANSCEIVER,0,OSFP,1,1,1,N,N
1,1,NPU,2,TH6_NIF,2,17,20,Y,N,1,3,TRANSCEIVER,0,OSFP,2,2,2,N,N
1,1,NPU,2,TH6_NIF,3,22,22,Y,Y,1,3,TRANSCEIVER,0,OSFP,3,3,3,N,N
1,1,NPU,2,TH6_NIF,4,21,21,Y,N,1,3,TRANSCEIVER,0,OSFP,4,4,4,N,N
1,1,NPU,2,TH6_NIF,5,20,18,Y,Y,1,3,TRANSCEIVER,0,OSFP,5,5,5,N,N
1,1,NPU,2,TH6_NIF,6,23,19,Y,Y,1,3,TRANSCEIVER,0,OSFP,6,6,6,N,N
1,1,NPU,2,TH6_NIF,7,18,16,Y,Y,1,3,TRANSCEIVER,0,OSFP,7,7,7,N,N
1,1,NPU,3,TH6_NIF,0,27,25,N,Y,1,4,TRANSCEIVER,0,OSFP,0,0,0,N,N
1,1,NPU,3,TH6_NIF,1,24,31,N,N,1,4,TRANSCEIVER,0,OSFP,1,1,1,N,N
1,1,NPU,3,TH6_NIF,2,25,28,N,N,1,4,TRANSCEIVER,0,OSFP,2,2,2,N,N
1,1,NPU,3,TH6_NIF,3,30,30,Y,Y,1,4,TRANSCEIVER,0,OSFP,3,3,3,N,N
1,1,NPU,3,TH6_NIF,4,29,29,Y,N,1,4,TRANSCEIVER,0,OSFP,4,4,4,N,N
1,1,NPU,3,TH6_NIF,5,28,26,Y,Y,1,4,TRANSCEIVER,0,OSFP,5,5,5,N,N
1,1,NPU,3,TH6_NIF,6,31,27,Y,Y,1,4,TRANSCEIVER,0,OSFP,6,6,6,N,N
1,1,NPU,3,TH6_NIF,7,26,24,Y,Y,1,4,TRANSCEIVER,0,OSFP,7,7,7,N,N
1,1,NPU,4,TH6_NIF,0,32,32,Y,Y,1,12,TRANSCEIVER,0,OSFP,0,0,0,N,N
1,1,NPU,4,TH6_NIF,1,34,38,Y,Y,1,12,TRANSCEIVER,0,OSFP,1,1,1,N,N
1,1,NPU,4,TH6_NIF,2,35,36,Y,Y,1,12,TRANSCEIVER,0,OSFP,2,2,2,N,N
1,1,NPU,4,TH6_NIF,3,39,37,Y,N,1,12,TRANSCEIVER,0,OSFP,3,3,3,N,N
1,1,NPU,4,TH6_NIF,4,37,39,Y,Y,1,12,TRANSCEIVER,0,OSFP,4,4,4,N,N
1,1,NPU,4,TH6_NIF,5,36,34,Y,Y,1,12,TRANSCEIVER,0,OSFP,5,5,5,N,N
1,1,NPU,4,TH6_NIF,6,38,35,Y,N,1,12,TRANSCEIVER,0,OSFP,6,6,6,N,N
1,1,NPU,4,TH6_NIF,7,33,33,Y,Y,1,12,TRANSCEIVER,0,OSFP,7,7,7,N,N
1,1,NPU,5,TH6_NIF,0,42,40,Y,Y,1,11,TRANSCEIVER,0,OSFP,0,0,0,N,N
1,1,NPU,5,TH6_NIF,1,40,47,N,N,1,11,TRANSCEIVER,0,OSFP,1,1,1,N,N
1,1,NPU,5,TH6_NIF,2,43,45,N,N,1,11,TRANSCEIVER,0,OSFP,2,2,2,N,N
1,1,NPU,5,TH6_NIF,3,44,44,Y,N,1,11,TRANSCEIVER,0,OSFP,3,3,3,N,N
1,1,NPU,5,TH6_NIF,4,46,46,Y,Y,1,11,TRANSCEIVER,0,OSFP,4,4,4,N,N
1,1,NPU,5,TH6_NIF,5,47,43,Y,Y,1,11,TRANSCEIVER,0,OSFP,5,5,5,N,N
1,1,NPU,5,TH6_NIF,6,45,41,Y,Y,1,11,TRANSCEIVER,0,OSFP,6,6,6,N,N
1,1,NPU,5,TH6_NIF,7,41,42,N,Y,1,11,TRANSCEIVER,0,OSFP,7,7,7,N,N
1,1,NPU,6,TH6_NIF,0,50,48,Y,Y,1,10,TRANSCEIVER,0,OSFP,0,0,0,N,N
1,1,NPU,6,TH6_NIF,1,48,55,N,N,1,10,TRANSCEIVER,0,OSFP,1,1,1,N,N
1,1,NPU,6,TH6_NIF,2,51,53,N,N,1,10,TRANSCEIVER,0,OSFP,2,2,2,N,N
1,1,NPU,6,TH6_NIF,3,52,52,Y,N,1,10,TRANSCEIVER,0,OSFP,3,3,3,N,N
1,1,NPU,6,TH6_NIF,4,54,54,Y,Y,1,10,TRANSCEIVER,0,OSFP,4,4,4,N,N
1,1,NPU,6,TH6_NIF,5,55,51,Y,Y,1,10,TRANSCEIVER,0,OSFP,5,5,5,N,N
1,1,NPU,6,TH6_NIF,6,53,49,Y,Y,1,10,TRANSCEIVER,0,OSFP,6,6,6,N,N
1,1,NPU,6,TH6_NIF,7,49,50,N,Y,1,10,TRANSCEIVER,0,OSFP,7,7,7,N,N
1,1,NPU,7,TH6_NIF,0,58,56,Y,Y,1,9,TRANSCEIVER,0,OSFP,0,0,0,N,N
1,1,NPU,7,TH6_NIF,1,56,63,N,N,1,9,TRANSCEIVER,0,OSFP,1,1,1,N,N
1,1,NPU,7,TH6_NIF,2,59,61,N,N,1,9,TRANSCEIVER,0,OSFP,2,2,2,N,N
1,1,NPU,7,TH6_NIF,3,60,60,Y,N,1,9,TRANSCEIVER,0,OSFP,3,3,3,N,N
1,1,NPU,7,TH6_NIF,4,62,62,Y,Y,1,9,TRANSCEIVER,0,OSFP,4,4,4,N,N
1,1,NPU,7,TH6_NIF,5,63,59,Y,Y,1,9,TRANSCEIVER,0,OSFP,5,5,5,N,N
1,1,NPU,7,TH6_NIF,6,61,57,Y,Y,1,9,TRANSCEIVER,0,OSFP,6,6,6,N,N
1,1,NPU,7,TH6_NIF,7,57,58,N,Y,1,9,TRANSCEIVER,0,OSFP,7,7,7,N,N
1,1,NPU,8,TH6_NIF,0,67,67,Y,Y,1,17,TRANSCEIVER,0,OSFP,0,0,0,N,N
1,1,NPU,8,TH6_NIF,1,65,69,Y,N,1,17,TRANSCEIVER,0,OSFP,1,1,1,N,N
1,1,NPU,8,TH6_NIF,2,64,71,Y,N,1,17,TRANSCEIVER,0,OSFP,2,2,2,N,N
1,1,NPU,8,TH6_NIF,3,68,70,Y,Y,1,17,TRANSCEIVER,0,OSFP,3,3,3,N,N
1,1,NPU,8,TH6_NIF,4,70,68,Y,Y,1,17,TRANSCEIVER,0,OSFP,4,4,4,N,N
1,1,NPU,8,TH6_NIF,5,71,65,Y,Y,1,17,TRANSCEIVER,0,OSFP,5,5,5,N,N
1,1,NPU,8,TH6_NIF,6,69,64,Y,Y,1,17,TRANSCEIVER,0,OSFP,6,6,6,N,N
1,1,NPU,8,TH6_NIF,7,66,66,Y,Y,1,17,TRANSCEIVER,0,OSFP,7,7,7,N,N
1,1,NPU,9,TH6_NIF,0,74,72,N,N,1,18,TRANSCEIVER,0,OSFP,0,0,0,N,N
1,1,NPU,9,TH6_NIF,1,73,76,N,N,1,18,TRANSCEIVER,0,OSFP,1,1,1,N,N
1,1,NPU,9,TH6_NIF,2,75,79,Y,Y,1,18,TRANSCEIVER,0,OSFP,2,2,2,N,N
1,1,NPU,9,TH6_NIF,3,79,78,Y,N,1,18,TRANSCEIVER,0,OSFP,3,3,3,N,N
1,1,NPU,9,TH6_NIF,4,77,77,Y,N,1,18,TRANSCEIVER,0,OSFP,4,4,4,N,N
1,1,NPU,9,TH6_NIF,5,76,75,Y,N,1,18,TRANSCEIVER,0,OSFP,5,5,5,N,N
1,1,NPU,9,TH6_NIF,6,78,74,Y,N,1,18,TRANSCEIVER,0,OSFP,6,6,6,N,N
1,1,NPU,9,TH6_NIF,7,72,73,Y,N,1,18,TRANSCEIVER,0,OSFP,7,7,7,N,N
1,1,NPU,10,TH6_NIF,0,82,80,N,N,1,19,TRANSCEIVER,0,OSFP,0,0,0,N,N
1,1,NPU,10,TH6_NIF,1,81,84,N,N,1,19,TRANSCEIVER,0,OSFP,1,1,1,N,N
1,1,NPU,10,TH6_NIF,2,83,87,Y,Y,1,19,TRANSCEIVER,0,OSFP,2,2,2,N,N
1,1,NPU,10,TH6_NIF,3,87,86,Y,N,1,19,TRANSCEIVER,0,OSFP,3,3,3,N,N
1,1,NPU,10,TH6_NIF,4,85,85,Y,N,1,19,TRANSCEIVER,0,OSFP,4,4,4,N,N
1,1,NPU,10,TH6_NIF,5,84,83,Y,N,1,19,TRANSCEIVER,0,OSFP,5,5,5,N,N
1,1,NPU,10,TH6_NIF,6,86,82,Y,N,1,19,TRANSCEIVER,0,OSFP,6,6,6,N,N
1,1,NPU,10,TH6_NIF,7,80,81,Y,N,1,19,TRANSCEIVER,0,OSFP,7,7,7,N,N
1,1,NPU,11,TH6_NIF,0,90,88,N,N,1,20,TRANSCEIVER,0,OSFP,0,0,0,N,N
1,1,NPU,11,TH6_NIF,1,89,92,N,N,1,20,TRANSCEIVER,0,OSFP,1,1,1,N,N
1,1,NPU,11,TH6_NIF,2,91,95,Y,Y,1,20,TRANSCEIVER,0,OSFP,2,2,2,N,N
1,1,NPU,11,TH6_NIF,3,95,94,Y,N,1,20,TRANSCEIVER,0,OSFP,3,3,3,N,N
1,1,NPU,11,TH6_NIF,4,93,93,Y,N,1,20,TRANSCEIVER,0,OSFP,4,4,4,N,N
1,1,NPU,11,TH6_NIF,5,92,91,Y,N,1,20,TRANSCEIVER,0,OSFP,5,5,5,N,N
1,1,NPU,11,TH6_NIF,6,94,90,Y,N,1,20,TRANSCEIVER,0,OSFP,6,6,6,N,N
1,1,NPU,11,TH6_NIF,7,88,89,Y,N,1,20,TRANSCEIVER,0,OSFP,7,7,7,N,N
1,1,NPU,12,TH6_NIF,0,98,96,Y,Y,1,28,TRANSCEIVER,0,OSFP,0,0,0,N,N
1,1,NPU,12,TH6_NIF,1,96,103,N,N,1,28,TRANSCEIVER,0,OSFP,1,1,1,N,N
1,1,NPU,12,TH6_NIF,2,99,101,N,N,1,28,TRANSCEIVER,0,OSFP,2,2,2,N,N
1,1,NPU,12,TH6_NIF,3,100,100,Y,N,1,28,TRANSCEIVER,0,OSFP,3,3,3,N,N
1,1,NPU,12,TH6_NIF,4,102,102,Y,Y,1,28,TRANSCEIVER,0,OSFP,4,4,4,N,N
1,1,NPU,12,TH6_NIF,5,103,99,Y,Y,1,28,TRANSCEIVER,0,OSFP,5,5,5,N,N
1,1,NPU,12,TH6_NIF,6,101,97,Y,Y,1,28,TRANSCEIVER,0,OSFP,6,6,6,N,N
1,1,NPU,12,TH6_NIF,7,97,98,Y,Y,1,28,TRANSCEIVER,0,OSFP,7,7,7,N,N
1,1,NPU,13,TH6_NIF,0,106,104,Y,Y,1,27,TRANSCEIVER,0,OSFP,0,0,0,N,N
1,1,NPU,13,TH6_NIF,1,104,111,N,N,1,27,TRANSCEIVER,0,OSFP,1,1,1,N,N
1,1,NPU,13,TH6_NIF,2,107,109,N,N,1,27,TRANSCEIVER,0,OSFP,2,2,2,N,N
1,1,NPU,13,TH6_NIF,3,108,108,Y,N,1,27,TRANSCEIVER,0,OSFP,3,3,3,N,N
1,1,NPU,13,TH6_NIF,4,110,110,Y,Y,1,27,TRANSCEIVER,0,OSFP,4,4,4,N,N
1,1,NPU,13,TH6_NIF,5,111,107,Y,Y,1,27,TRANSCEIVER,0,OSFP,5,5,5,N,N
1,1,NPU,13,TH6_NIF,6,109,105,Y,Y,1,27,TRANSCEIVER,0,OSFP,6,6,6,N,N
1,1,NPU,13,TH6_NIF,7,105,106,Y,Y,1,27,TRANSCEIVER,0,OSFP,7,7,7,N,N
1,1,NPU,14,TH6_NIF,0,114,112,Y,Y,1,26,TRANSCEIVER,0,OSFP,0,0,0,N,N
1,1,NPU,14,TH6_NIF,1,112,119,N,N,1,26,TRANSCEIVER,0,OSFP,1,1,1,N,N
1,1,NPU,14,TH6_NIF,2,115,117,N,N,1,26,TRANSCEIVER,0,OSFP,2,2,2,N,N
1,1,NPU,14,TH6_NIF,3,116,116,Y,N,1,26,TRANSCEIVER,0,OSFP,3,3,3,N,N
1,1,NPU,14,TH6_NIF,4,118,118,Y,Y,1,26,TRANSCEIVER,0,OSFP,4,4,4,N,N
1,1,NPU,14,TH6_NIF,5,119,115,Y,Y,1,26,TRANSCEIVER,0,OSFP,5,5,5,N,N
1,1,NPU,14,TH6_NIF,6,117,113,Y,Y,1,26,TRANSCEIVER,0,OSFP,6,6,6,N,N
1,1,NPU,14,TH6_NIF,7,113,114,Y,Y,1,26,TRANSCEIVER,0,OSFP,7,7,7,N,N
1,1,NPU,15,TH6_NIF,0,122,120,Y,Y,1,25,TRANSCEIVER,0,OSFP,0,0,0,N,N
1,1,NPU,15,TH6_NIF,1,120,127,N,N,1,25,TRANSCEIVER,0,OSFP,1,1,1,N,N
1,1,NPU,15,TH6_NIF,2,123,125,N,N,1,25,TRANSCEIVER,0,OSFP,2,2,2,N,N
1,1,NPU,15,TH6_NIF,3,124,124,Y,N,1,25,TRANSCEIVER,0,OSFP,3,3,3,N,N
1,1,NPU,15,TH6_NIF,4,126,126,Y,Y,1,25,TRANSCEIVER,0,OSFP,4,4,4,N,N
1,1,NPU,15,TH6_NIF,5,127,123,Y,Y,1,25,TRANSCEIVER,0,OSFP,5,5,5,N,N
1,1,NPU,15,TH6_NIF,6,125,121,Y,Y,1,25,TRANSCEIVER,0,OSFP,6,6,6,N,N
1,1,NPU,15,TH6_NIF,7,121,122,Y,Y,1,25,TRANSCEIVER,0,OSFP,7,7,7,N,N
1,1,NPU,16,TH6_NIF,0,130,128,N,N,1,33,TRANSCEIVER,0,OSFP,0,0,0,N,N
1,1,NPU,16,TH6_NIF,1,129,132,N,N,1,33,TRANSCEIVER,0,OSFP,1,1,1,N,N
1,1,NPU,16,TH6_NIF,2,131,135,Y,Y,1,33,TRANSCEIVER,0,OSFP,2,2,2,N,N
1,1,NPU,16,TH6_NIF,3,135,134,Y,N,1,33,TRANSCEIVER,0,OSFP,3,3,3,N,N
1,1,NPU,16,TH6_NIF,4,133,133,Y,N,1,33,TRANSCEIVER,0,OSFP,4,4,4,N,N
1,1,NPU,16,TH6_NIF,5,132,131,Y,N,1,33,TRANSCEIVER,0,OSFP,5,5,5,N,N
1,1,NPU,16,TH6_NIF,6,134,130,Y,N,1,33,TRANSCEIVER,0,OSFP,6,6,6,N,N
1,1,NPU,16,TH6_NIF,7,128,129,Y,N,1,33,TRANSCEIVER,0,OSFP,7,7,7,N,N
1,1,NPU,17,TH6_NIF,0,138,136,N,N,1,34,TRANSCEIVER,0,OSFP,0,0,0,N,N
1,1,NPU,17,TH6_NIF,1,137,140,N,N,1,34,TRANSCEIVER,0,OSFP,1,1,1,N,N
1,1,NPU,17,TH6_NIF,2,139,143,Y,Y,1,34,TRANSCEIVER,0,OSFP,2,2,2,N,N
1,1,NPU,17,TH6_NIF,3,143,142,Y,N,1,34,TRANSCEIVER,0,OSFP,3,3,3,N,N
1,1,NPU,17,TH6_NIF,4,141,141,Y,N,1,34,TRANSCEIVER,0,OSFP,4,4,4,N,N
1,1,NPU,17,TH6_NIF,5,140,139,Y,N,1,34,TRANSCEIVER,0,OSFP,5,5,5,N,N
1,1,NPU,17,TH6_NIF,6,142,138,Y,N,1,34,TRANSCEIVER,0,OSFP,6,6,6,N,N
1,1,NPU,17,TH6_NIF,7,136,137,Y,N,1,34,TRANSCEIVER,0,OSFP,7,7,7,N,N
1,1,NPU,18,TH6_NIF,0,146,144,N,N,1,35,TRANSCEIVER,0,OSFP,0,0,0,N,N
1,1,NPU,18,TH6_NIF,1,145,148,N,N,1,35,TRANSCEIVER,0,OSFP,1,1,1,N,N
1,1,NPU,18,TH6_NIF,2,147,151,Y,Y,1,35,TRANSCEIVER,0,OSFP,2,2,2,N,N
1,1,NPU,18,TH6_NIF,3,151,150,Y,N,1,35,TRANSCEIVER,0,OSFP,3,3,3,N,N
1,1,NPU,18,TH6_NIF,4,149,149,Y,N,1,35,TRANSCEIVER,0,OSFP,4,4,4,N,N
1,1,NPU,18,TH6_NIF,5,148,147,Y,N,1,35,TRANSCEIVER,0,OSFP,5,5,5,N,N
1,1,NPU,18,TH6_NIF,6,150,146,Y,N,1,35,TRANSCEIVER,0,OSFP,6,6,6,N,N
1,1,NPU,18,TH6_NIF,7,144,145,Y,N,1,35,TRANSCEIVER,0,OSFP,7,7,7,N,N
1,1,NPU,19,TH6_NIF,0,154,152,N,N,1,36,TRANSCEIVER,0,OSFP,0,0,0,N,N
1,1,NPU,19,TH6_NIF,1,153,156,N,N,1,36,TRANSCEIVER,0,OSFP,1,1,1,N,N
1,1,NPU,19,TH6_NIF,2,155,159,Y,Y,1,36,TRANSCEIVER,0,OSFP,2,2,2,N,N
1,1,NPU,19,TH6_NIF,3,159,158,Y,N,1,36,TRANSCEIVER,0,OSFP,3,3,3,N,N
1,1,NPU,19,TH6_NIF,4,157,157,Y,N,1,36,TRANSCEIVER,0,OSFP,4,4,4,N,N
1,1,NPU,19,TH6_NIF,5,156,155,Y,N,1,36,TRANSCEIVER,0,OSFP,5,5,5,N,N
1,1,NPU,19,TH6_NIF,6,158,154,Y,N,1,36,TRANSCEIVER,0,OSFP,6,6,6,N,N
1,1,NPU,19,TH6_NIF,7,152,153,Y,N,1,36,TRANSCEIVER,0,OSFP,7,7,7,N,N
1,1,NPU,20,TH6_NIF,0,160,160,Y,Y,1,44,TRANSCEIVER,0,OSFP,0,0,0,N,N
1,1,NPU,20,TH6_NIF,1,162,166,Y,Y,1,44,TRANSCEIVER,0,OSFP,1,1,1,N,N
1,1,NPU,20,TH6_NIF,2,163,164,Y,Y,1,44,TRANSCEIVER,0,OSFP,2,2,2,N,N
1,1,NPU,20,TH6_NIF,3,167,165,Y,N,1,44,TRANSCEIVER,0,OSFP,3,3,3,N,N
1,1,NPU,20,TH6_NIF,4,165,167,Y,Y,1,44,TRANSCEIVER,0,OSFP,4,4,4,N,N
1,1,NPU,20,TH6_NIF,5,164,162,Y,Y,1,44,TRANSCEIVER,0,OSFP,5,5,5,N,N
1,1,NPU,20,TH6_NIF,6,166,163,Y,N,1,44,TRANSCEIVER,0,OSFP,6,6,6,N,N
1,1,NPU,20,TH6_NIF,7,161,161,Y,Y,1,44,TRANSCEIVER,0,OSFP,7,7,7,N,N
1,1,NPU,21,TH6_NIF,0,170,168,Y,Y,1,43,TRANSCEIVER,0,OSFP,0,0,0,N,N
1,1,NPU,21,TH6_NIF,1,168,175,N,N,1,43,TRANSCEIVER,0,OSFP,1,1,1,N,N
1,1,NPU,21,TH6_NIF,2,171,173,N,N,1,43,TRANSCEIVER,0,OSFP,2,2,2,N,N
1,1,NPU,21,TH6_NIF,3,172,172,Y,N,1,43,TRANSCEIVER,0,OSFP,3,3,3,N,N
1,1,NPU,21,TH6_NIF,4,174,174,Y,Y,1,43,TRANSCEIVER,0,OSFP,4,4,4,N,N
1,1,NPU,21,TH6_NIF,5,175,171,Y,Y,1,43,TRANSCEIVER,0,OSFP,5,5,5,N,N
1,1,NPU,21,TH6_NIF,6,173,169,Y,Y,1,43,TRANSCEIVER,0,OSFP,6,6,6,N,N
1,1,NPU,21,TH6_NIF,7,169,170,Y,Y,1,43,TRANSCEIVER,0,OSFP,7,7,7,N,N
1,1,NPU,22,TH6_NIF,0,178,176,Y,Y,1,42,TRANSCEIVER,0,OSFP,0,0,0,N,N
1,1,NPU,22,TH6_NIF,1,176,183,N,N,1,42,TRANSCEIVER,0,OSFP,1,1,1,N,N
1,1,NPU,22,TH6_NIF,2,179,181,N,N,1,42,TRANSCEIVER,0,OSFP,2,2,2,N,N
1,1,NPU,22,TH6_NIF,3,180,180,Y,N,1,42,TRANSCEIVER,0,OSFP,3,3,3,N,N
1,1,NPU,22,TH6_NIF,4,182,182,Y,Y,1,42,TRANSCEIVER,0,OSFP,4,4,4,N,N
1,1,NPU,22,TH6_NIF,5,183,179,Y,Y,1,42,TRANSCEIVER,0,OSFP,5,5,5,N,N
1,1,NPU,22,TH6_NIF,6,181,177,Y,Y,1,42,TRANSCEIVER,0,OSFP,6,6,6,N,N
1,1,NPU,22,TH6_NIF,7,177,178,Y,Y,1,42,TRANSCEIVER,0,OSFP,7,7,7,N,N
1,1,NPU,23,TH6_NIF,0,186,184,Y,Y,1,41,TRANSCEIVER,0,OSFP,0,0,0,N,N
1,1,NPU,23,TH6_NIF,1,184,191,N,N,1,41,TRANSCEIVER,0,OSFP,1,1,1,N,N
1,1,NPU,23,TH6_NIF,2,187,189,N,N,1,41,TRANSCEIVER,0,OSFP,2,2,2,N,N
1,1,NPU,23,TH6_NIF,3,188,188,Y,N,1,41,TRANSCEIVER,0,OSFP,3,3,3,N,N
1,1,NPU,23,TH6_NIF,4,190,190,Y,Y,1,41,TRANSCEIVER,0,OSFP,4,4,4,N,N
1,1,NPU,23,TH6_NIF,5,191,187,Y,Y,1,41,TRANSCEIVER,0,OSFP,5,5,5,N,N
1,1,NPU,23,TH6_NIF,6,189,185,Y,Y,1,41,TRANSCEIVER,0,OSFP,6,6,6,N,N
1,1,NPU,23,TH6_NIF,7,185,186,Y,Y,1,41,TRANSCEIVER,0,OSFP,7,7,7,N,N
1,1,NPU,24,TH6_NIF,0,195,195,Y,Y,1,49,TRANSCEIVER,0,OSFP,0,0,0,N,N
1,1,NPU,24,TH6_NIF,1,193,197,Y,N,1,49,TRANSCEIVER,0,OSFP,1,1,1,N,N
1,1,NPU,24,TH6_NIF,2,192,199,Y,N,1,49,TRANSCEIVER,0,OSFP,2,2,2,N,N
1,1,NPU,24,TH6_NIF,3,196,198,Y,Y,1,49,TRANSCEIVER,0,OSFP,3,3,3,N,N
1,1,NPU,24,TH6_NIF,4,198,196,Y,Y,1,49,TRANSCEIVER,0,OSFP,4,4,4,N,N
1,1,NPU,24,TH6_NIF,5,199,193,Y,Y,1,49,TRANSCEIVER,0,OSFP,5,5,5,N,N
1,1,NPU,24,TH6_NIF,6,197,192,Y,Y,1,49,TRANSCEIVER,0,OSFP,6,6,6,N,N
1,1,NPU,24,TH6_NIF,7,194,194,Y,Y,1,49,TRANSCEIVER,0,OSFP,7,7,7,N,N
1,1,NPU,25,TH6_NIF,0,202,200,N,N,1,50,TRANSCEIVER,0,OSFP,0,0,0,N,N
1,1,NPU,25,TH6_NIF,1,201,204,Y,N,1,50,TRANSCEIVER,0,OSFP,1,1,1,N,N
1,1,NPU,25,TH6_NIF,2,203,207,Y,Y,1,50,TRANSCEIVER,0,OSFP,2,2,2,N,N
1,1,NPU,25,TH6_NIF,3,207,206,Y,N,1,50,TRANSCEIVER,0,OSFP,3,3,3,N,N
1,1,NPU,25,TH6_NIF,4,205,205,Y,N,1,50,TRANSCEIVER,0,OSFP,4,4,4,N,N
1,1,NPU,25,TH6_NIF,5,204,203,Y,N,1,50,TRANSCEIVER,0,OSFP,5,5,5,N,N
1,1,NPU,25,TH6_NIF,6,206,202,Y,N,1,50,TRANSCEIVER,0,OSFP,6,6,6,N,N
1,1,NPU,25,TH6_NIF,7,200,201,Y,N,1,50,TRANSCEIVER,0,OSFP,7,7,7,N,N
1,1,NPU,26,TH6_NIF,0,210,208,N,N,1,51,TRANSCEIVER,0,OSFP,0,0,0,N,N
1,1,NPU,26,TH6_NIF,1,209,212,Y,N,1,51,TRANSCEIVER,0,OSFP,1,1,1,N,N
1,1,NPU,26,TH6_NIF,2,211,215,Y,Y,1,51,TRANSCEIVER,0,OSFP,2,2,2,N,N
1,1,NPU,26,TH6_NIF,3,215,214,Y,N,1,51,TRANSCEIVER,0,OSFP,3,3,3,N,N
1,1,NPU,26,TH6_NIF,4,213,213,Y,N,1,51,TRANSCEIVER,0,OSFP,4,4,4,N,N
1,1,NPU,26,TH6_NIF,5,212,211,Y,N,1,51,TRANSCEIVER,0,OSFP,5,5,5,N,N
1,1,NPU,26,TH6_NIF,6,214,210,Y,N,1,51,TRANSCEIVER,0,OSFP,6,6,6,N,N
1,1,NPU,26,TH6_NIF,7,208,209,Y,N,1,51,TRANSCEIVER,0,OSFP,7,7,7,N,N
1,1,NPU,27,TH6_NIF,0,218,216,N,N,1,52,TRANSCEIVER,0,OSFP,0,0,0,N,N
1,1,NPU,27,TH6_NIF,1,217,220,Y,N,1,52,TRANSCEIVER,0,OSFP,1,1,1,N,N
1,1,NPU,27,TH6_NIF,2,219,223,Y,Y,1,52,TRANSCEIVER,0,OSFP,2,2,2,N,N
1,1,NPU,27,TH6_NIF,3,223,222,Y,N,1,52,TRANSCEIVER,0,OSFP,3,3,3,N,N
1,1,NPU,27,TH6_NIF,4,221,221,Y,N,1,52,TRANSCEIVER,0,OSFP,4,4,4,N,N
1,1,NPU,27,TH6_NIF,5,220,219,Y,N,1,52,TRANSCEIVER,0,OSFP,5,5,5,N,N
1,1,NPU,27,TH6_NIF,6,222,218,Y,N,1,52,TRANSCEIVER,0,OSFP,6,6,6,N,N
1,1,NPU,27,TH6_NIF,7,216,217,Y,N,1,52,TRANSCEIVER,0,OSFP,7,7,7,N,N
1,1,NPU,28,TH6_NIF,0,225,227,N,Y,1,60,TRANSCEIVER,0,OSFP,0,0,0,N,N
1,1,NPU,28,TH6_NIF,1,226,230,N,N,1,60,TRANSCEIVER,0,OSFP,1,1,1,N,N
1,1,NPU,28,TH6_NIF,2,227,229,Y,Y,1,60,TRANSCEIVER,0,OSFP,2,2,2,N,N
1,1,NPU,28,TH6_NIF,3,228,231,Y,Y,1,60,TRANSCEIVER,0,OSFP,3,3,3,N,N
1,1,NPU,28,TH6_NIF,4,231,228,N,Y,1,60,TRANSCEIVER,0,OSFP,4,4,4,N,N
1,1,NPU,28,TH6_NIF,5,230,224,Y,Y,1,60,TRANSCEIVER,0,OSFP,5,5,5,N,N
1,1,NPU,28,TH6_NIF,6,229,225,N,Y,1,60,TRANSCEIVER,0,OSFP,6,6,6,N,N
1,1,NPU,28,TH6_NIF,7,224,226,Y,Y,1,60,TRANSCEIVER,0,OSFP,7,7,7,N,N
1,1,NPU,29,TH6_NIF,0,233,235,N,Y,1,59,TRANSCEIVER,0,OSFP,0,0,0,N,N
1,1,NPU,29,TH6_NIF,1,234,238,N,N,1,59,TRANSCEIVER,0,OSFP,1,1,1,N,N
1,1,NPU,29,TH6_NIF,2,235,237,Y,Y,1,59,TRANSCEIVER,0,OSFP,2,2,2,N,N
1,1,NPU,29,TH6_NIF,3,236,239,Y,Y,1,59,TRANSCEIVER,0,OSFP,3,3,3,N,N
1,1,NPU,29,TH6_NIF,4,239,236,N,Y,1,59,TRANSCEIVER,0,OSFP,4,4,4,N,N
1,1,NPU,29,TH6_NIF,5,238,232,Y,Y,1,59,TRANSCEIVER,0,OSFP,5,5,5,N,N
1,1,NPU,29,TH6_NIF,6,237,233,N,Y,1,59,TRANSCEIVER,0,OSFP,6,6,6,N,N
1,1,NPU,29,TH6_NIF,7,232,234,Y,Y,1,59,TRANSCEIVER,0,OSFP,7,7,7,N,N
1,1,NPU,30,TH6_NIF,0,241,243,N,Y,1,58,TRANSCEIVER,0,OSFP,0,0,0,N,N
1,1,NPU,30,TH6_NIF,1,242,246,N,N,1,58,TRANSCEIVER,0,OSFP,1,1,1,N,N
1,1,NPU,30,TH6_NIF,2,243,245,Y,Y,1,58,TRANSCEIVER,0,OSFP,2,2,2,N,N
1,1,NPU,30,TH6_NIF,3,244,247,Y,Y,1,58,TRANSCEIVER,0,OSFP,3,3,3,N,N
1,1,NPU,30,TH6_NIF,4,247,244,N,Y,1,58,TRANSCEIVER,0,OSFP,4,4,4,N,N
1,1,NPU,30,TH6_NIF,5,246,240,Y,Y,1,58,TRANSCEIVER,0,OSFP,5,5,5,N,N
1,1,NPU,30,TH6_NIF,6,245,241,N,Y,1,58,TRANSCEIVER,0,OSFP,6,6,6,N,N
1,1,NPU,30,TH6_NIF,7,240,242,Y,Y,1,58,TRANSCEIVER,0,OSFP,7,7,7,N,N
1,1,NPU,31,TH6_NIF,0,249,251,Y,Y,1,57,TRANSCEIVER,0,OSFP,0,0,0,N,N
1,1,NPU,31,TH6_NIF,1,250,254,N,N,1,57,TRANSCEIVER,0,OSFP,1,1,1,N,N
1,1,NPU,31,TH6_NIF,2,251,253,Y,Y,1,57,TRANSCEIVER,0,OSFP,2,2,2,N,N
1,1,NPU,31,TH6_NIF,3,252,255,Y,Y,1,57,TRANSCEIVER,0,OSFP,3,3,3,N,N
1,1,NPU,31,TH6_NIF,4,255,252,N,Y,1,57,TRANSCEIVER,0,OSFP,4,4,4,N,N
1,1,NPU,31,TH6_NIF,5,254,248,Y,Y,1,57,TRANSCEIVER,0,OSFP,5,5,5,N,N
1,1,NPU,31,TH6_NIF,6,253,249,N,Y,1,57,TRANSCEIVER,0,OSFP,6,6,6,N,N
1,1,NPU,31,TH6_NIF,7,248,250,Y,Y,1,57,TRANSCEIVER,0,OSFP,7,7,7,N,N
1,1,NPU,32,TH6_NIF,0,259,257,N,N,1,61,TRANSCEIVER,0,OSFP,0,0,0,N,N
1,1,NPU,32,TH6_NIF,1,256,258,N,N,1,61,TRANSCEIVER,0,OSFP,1,1,1,N,N
1,1,NPU,32,TH6_NIF,2,257,260,Y,N,1,61,TRANSCEIVER,0,OSFP,2,2,2,N,N
1,1,NPU,32,TH6_NIF,3,262,256,N,N,1,61,TRANSCEIVER,0,OSFP,3,3,3,N,N
1,1,NPU,32,TH6_NIF,4,261,261,Y,N,1,61,TRANSCEIVER,0,OSFP,4,4,4,N,N
1,1,NPU,32,TH6_NIF,5,260,263,N,N,1,61,TRANSCEIVER,0,OSFP,5,5,5,N,N
1,1,NPU,32,TH6_NIF,6,263,259,Y,N,1,61,TRANSCEIVER,0,OSFP,6,6,6,N,N
1,1,NPU,32,TH6_NIF,7,258,262,Y,Y,1,61,TRANSCEIVER,0,OSFP,7,7,7,N,N
1,1,NPU,33,TH6_NIF,0,267,265,N,N,1,62,TRANSCEIVER,0,OSFP,0,0,0,N,N
1,1,NPU,33,TH6_NIF,1,264,266,N,N,1,62,TRANSCEIVER,0,OSFP,1,1,1,N,N
1,1,NPU,33,TH6_NIF,2,265,268,Y,N,1,62,TRANSCEIVER,0,OSFP,2,2,2,N,N
1,1,NPU,33,TH6_NIF,3,270,264,N,N,1,62,TRANSCEIVER,0,OSFP,3,3,3,N,N
1,1,NPU,33,TH6_NIF,4,269,269,Y,N,1,62,TRANSCEIVER,0,OSFP,4,4,4,N,N
1,1,NPU,33,TH6_NIF,5,268,271,N,N,1,62,TRANSCEIVER,0,OSFP,5,5,5,N,N
1,1,NPU,33,TH6_NIF,6,271,267,Y,N,1,62,TRANSCEIVER,0,OSFP,6,6,6,N,N
1,1,NPU,33,TH6_NIF,7,266,270,Y,Y,1,62,TRANSCEIVER,0,OSFP,7,7,7,N,N
1,1,NPU,34,TH6_NIF,0,275,273,N,N,1,63,TRANSCEIVER,0,OSFP,0,0,0,N,N
1,1,NPU,34,TH6_NIF,1,272,274,N,N,1,63,TRANSCEIVER,0,OSFP,1,1,1,N,N
1,1,NPU,34,TH6_NIF,2,273,276,Y,N,1,63,TRANSCEIVER,0,OSFP,2,2,2,N,N
1,1,NPU,34,TH6_NIF,3,278,272,N,N,1,63,TRANSCEIVER,0,OSFP,3,3,3,N,N
1,1,NPU,34,TH6_NIF,4,277,277,Y,N,1,63,TRANSCEIVER,0,OSFP,4,4,4,N,N
1,1,NPU,34,TH6_NIF,5,276,279,N,N,1,63,TRANSCEIVER,0,OSFP,5,5,5,N,N
1,1,NPU,34,TH6_NIF,6,279,275,Y,N,1,63,TRANSCEIVER,0,OSFP,6,6,6,N,N
1,1,NPU,34,TH6_NIF,7,274,278,Y,Y,1,63,TRANSCEIVER,0,OSFP,7,7,7,N,N
1,1,NPU,35,TH6_NIF,0,283,281,N,N,1,64,TRANSCEIVER,0,OSFP,0,0,0,N,N
1,1,NPU,35,TH6_NIF,1,280,282,N,N,1,64,TRANSCEIVER,0,OSFP,1,1,1,N,N
1,1,NPU,35,TH6_NIF,2,281,284,N,N,1,64,TRANSCEIVER,0,OSFP,2,2,2,N,N
1,1,NPU,35,TH6_NIF,3,286,280,N,N,1,64,TRANSCEIVER,0,OSFP,3,3,3,N,N
1,1,NPU,35,TH6_NIF,4,285,285,Y,N,1,64,TRANSCEIVER,0,OSFP,4,4,4,N,N
1,1,NPU,35,TH6_NIF,5,284,287,N,N,1,64,TRANSCEIVER,0,OSFP,5,5,5,N,N
1,1,NPU,35,TH6_NIF,6,287,283,Y,N,1,64,TRANSCEIVER,0,OSFP,6,6,6,N,N
1,1,NPU,35,TH6_NIF,7,282,286,Y,Y,1,64,TRANSCEIVER,0,OSFP,7,7,7,N,N
1,1,NPU,36,TH6_NIF,0,288,288,N,N,1,56,TRANSCEIVER,0,OSFP,0,0,0,N,N
1,1,NPU,36,TH6_NIF,1,290,290,N,N,1,56,TRANSCEIVER,0,OSFP,1,1,1,N,N
1,1,NPU,36,TH6_NIF,2,291,292,N,N,1,56,TRANSCEIVER,0,OSFP,2,2,2,N,N
1,1,NPU,36,TH6_NIF,3,295,289,N,N,1,56,TRANSCEIVER,0,OSFP,3,3,3,N,N
1,1,NPU,36,TH6_NIF,4,293,295,N,Y,1,56,TRANSCEIVER,0,OSFP,4,4,4,N,N
1,1,NPU,36,TH6_NIF,5,292,294,N,N,1,56,TRANSCEIVER,0,OSFP,5,5,5,N,N
1,1,NPU,36,TH6_NIF,6,294,291,N,N,1,56,TRANSCEIVER,0,OSFP,6,6,6,N,N
1,1,NPU,36,TH6_NIF,7,289,293,N,Y,1,56,TRANSCEIVER,0,OSFP,7,7,7,N,N
1,1,NPU,37,TH6_NIF,0,299,298,N,Y,1,55,TRANSCEIVER,0,OSFP,0,0,0,N,N
1,1,NPU,37,TH6_NIF,1,296,297,N,Y,1,55,TRANSCEIVER,0,OSFP,1,1,1,N,N
1,1,NPU,37,TH6_NIF,2,298,301,Y,Y,1,55,TRANSCEIVER,0,OSFP,2,2,2,N,N
1,1,NPU,37,TH6_NIF,3,300,299,N,Y,1,55,TRANSCEIVER,0,OSFP,3,3,3,N,N
1,1,NPU,37,TH6_NIF,4,302,303,N,N,1,55,TRANSCEIVER,0,OSFP,4,4,4,N,N
1,1,NPU,37,TH6_NIF,5,303,302,N,Y,1,55,TRANSCEIVER,0,OSFP,5,5,5,N,N
1,1,NPU,37,TH6_NIF,6,301,296,N,Y,1,55,TRANSCEIVER,0,OSFP,6,6,6,N,N
1,1,NPU,37,TH6_NIF,7,297,300,N,Y,1,55,TRANSCEIVER,0,OSFP,7,7,7,N,N
1,1,NPU,38,TH6_NIF,0,307,306,N,Y,1,54,TRANSCEIVER,0,OSFP,0,0,0,N,N
1,1,NPU,38,TH6_NIF,1,304,305,N,Y,1,54,TRANSCEIVER,0,OSFP,1,1,1,N,N
1,1,NPU,38,TH6_NIF,2,306,309,Y,Y,1,54,TRANSCEIVER,0,OSFP,2,2,2,N,N
1,1,NPU,38,TH6_NIF,3,308,307,N,Y,1,54,TRANSCEIVER,0,OSFP,3,3,3,N,N
1,1,NPU,38,TH6_NIF,4,310,311,N,N,1,54,TRANSCEIVER,0,OSFP,4,4,4,N,N
1,1,NPU,38,TH6_NIF,5,311,310,N,Y,1,54,TRANSCEIVER,0,OSFP,5,5,5,N,N
1,1,NPU,38,TH6_NIF,6,309,304,N,Y,1,54,TRANSCEIVER,0,OSFP,6,6,6,N,N
1,1,NPU,38,TH6_NIF,7,305,308,N,Y,1,54,TRANSCEIVER,0,OSFP,7,7,7,N,N
1,1,NPU,39,TH6_NIF,0,315,314,N,Y,1,53,TRANSCEIVER,0,OSFP,0,0,0,N,N
1,1,NPU,39,TH6_NIF,1,312,313,N,Y,1,53,TRANSCEIVER,0,OSFP,1,1,1,N,N
1,1,NPU,39,TH6_NIF,2,314,317,Y,Y,1,53,TRANSCEIVER,0,OSFP,2,2,2,N,N
1,1,NPU,39,TH6_NIF,3,316,315,N,Y,1,53,TRANSCEIVER,0,OSFP,3,3,3,N,N
1,1,NPU,39,TH6_NIF,4,318,319,N,N,1,53,TRANSCEIVER,0,OSFP,4,4,4,N,N
1,1,NPU,39,TH6_NIF,5,319,318,N,Y,1,53,TRANSCEIVER,0,OSFP,5,5,5,N,N
1,1,NPU,39,TH6_NIF,6,317,312,N,Y,1,53,TRANSCEIVER,0,OSFP,6,6,6,N,N
1,1,NPU,39,TH6_NIF,7,313,316,N,Y,1,53,TRANSCEIVER,0,OSFP,7,7,7,N,N
1,1,NPU,40,TH6_NIF,0,323,323,N,Y,1,45,TRANSCEIVER,0,OSFP,0,0,0,N,N
1,1,NPU,40,TH6_NIF,1,321,321,N,N,1,45,TRANSCEIVER,0,OSFP,1,1,1,N,N
1,1,NPU,40,TH6_NIF,2,320,327,N,N,1,45,TRANSCEIVER,0,OSFP,2,2,2,N,N
1,1,NPU,40,TH6_NIF,3,324,322,N,N,1,45,TRANSCEIVER,0,OSFP,3,3,3,N,N
1,1,NPU,40,TH6_NIF,4,326,324,N,N,1,45,TRANSCEIVER,0,OSFP,4,4,4,N,N
1,1,NPU,40,TH6_NIF,5,327,325,N,Y,1,45,TRANSCEIVER,0,OSFP,5,5,5,N,N
1,1,NPU,40,TH6_NIF,6,325,320,N,N,1,45,TRANSCEIVER,0,OSFP,6,6,6,N,N
1,1,NPU,40,TH6_NIF,7,322,326,N,N,1,45,TRANSCEIVER,0,OSFP,7,7,7,N,N
1,1,NPU,41,TH6_NIF,0,331,329,Y,N,1,46,TRANSCEIVER,0,OSFP,0,0,0,N,N
1,1,NPU,41,TH6_NIF,1,329,330,N,N,1,46,TRANSCEIVER,0,OSFP,1,1,1,N,N
1,1,NPU,41,TH6_NIF,2,330,334,N,N,1,46,TRANSCEIVER,0,OSFP,2,2,2,N,N
1,1,NPU,41,TH6_NIF,3,335,331,N,N,1,46,TRANSCEIVER,0,OSFP,3,3,3,N,N
1,1,NPU,41,TH6_NIF,4,333,333,N,Y,1,46,TRANSCEIVER,0,OSFP,4,4,4,N,N
1,1,NPU,41,TH6_NIF,5,332,332,N,Y,1,46,TRANSCEIVER,0,OSFP,5,5,5,N,N
1,1,NPU,41,TH6_NIF,6,334,328,N,N,1,46,TRANSCEIVER,0,OSFP,6,6,6,N,N
1,1,NPU,41,TH6_NIF,7,328,335,Y,Y,1,46,TRANSCEIVER,0,OSFP,7,7,7,N,N
1,1,NPU,42,TH6_NIF,0,339,337,Y,N,1,47,TRANSCEIVER,0,OSFP,0,0,0,N,N
1,1,NPU,42,TH6_NIF,1,337,338,N,N,1,47,TRANSCEIVER,0,OSFP,1,1,1,N,N
1,1,NPU,42,TH6_NIF,2,338,342,N,N,1,47,TRANSCEIVER,0,OSFP,2,2,2,N,N
1,1,NPU,42,TH6_NIF,3,343,339,N,N,1,47,TRANSCEIVER,0,OSFP,3,3,3,N,N
1,1,NPU,42,TH6_NIF,4,341,341,N,Y,1,47,TRANSCEIVER,0,OSFP,4,4,4,N,N
1,1,NPU,42,TH6_NIF,5,340,340,N,Y,1,47,TRANSCEIVER,0,OSFP,5,5,5,N,N
1,1,NPU,42,TH6_NIF,6,342,336,N,N,1,47,TRANSCEIVER,0,OSFP,6,6,6,N,N
1,1,NPU,42,TH6_NIF,7,336,343,Y,Y,1,47,TRANSCEIVER,0,OSFP,7,7,7,N,N
1,1,NPU,43,TH6_NIF,0,347,345,Y,N,1,48,TRANSCEIVER,0,OSFP,0,0,0,N,N
1,1,NPU,43,TH6_NIF,1,345,346,N,N,1,48,TRANSCEIVER,0,OSFP,1,1,1,N,N
1,1,NPU,43,TH6_NIF,2,346,350,N,N,1,48,TRANSCEIVER,0,OSFP,2,2,2,N,N
1,1,NPU,43,TH6_NIF,3,351,347,N,N,1,48,TRANSCEIVER,0,OSFP,3,3,3,N,N
1,1,NPU,43,TH6_NIF,4,349,349,N,Y,1,48,TRANSCEIVER,0,OSFP,4,4,4,N,N
1,1,NPU,43,TH6_NIF,5,348,348,N,Y,1,48,TRANSCEIVER,0,OSFP,5,5,5,N,N
1,1,NPU,43,TH6_NIF,6,350,344,N,N,1,48,TRANSCEIVER,0,OSFP,6,6,6,N,N
1,1,NPU,43,TH6_NIF,7,344,351,Y,Y,1,48,TRANSCEIVER,0,OSFP,7,7,7,N,N
1,1,NPU,44,TH6_NIF,0,355,354,N,Y,1,40,TRANSCEIVER,0,OSFP,0,0,0,N,N
1,1,NPU,44,TH6_NIF,1,352,353,N,Y,1,40,TRANSCEIVER,0,OSFP,1,1,1,N,N
1,1,NPU,44,TH6_NIF,2,354,357,Y,Y,1,40,TRANSCEIVER,0,OSFP,2,2,2,N,N
1,1,NPU,44,TH6_NIF,3,356,355,N,Y,1,40,TRANSCEIVER,0,OSFP,3,3,3,N,N
1,1,NPU,44,TH6_NIF,4,358,359,N,N,1,40,TRANSCEIVER,0,OSFP,4,4,4,N,N
1,1,NPU,44,TH6_NIF,5,359,358,N,Y,1,40,TRANSCEIVER,0,OSFP,5,5,5,N,N
1,1,NPU,44,TH6_NIF,6,357,352,N,Y,1,40,TRANSCEIVER,0,OSFP,6,6,6,N,N
1,1,NPU,44,TH6_NIF,7,353,356,Y,Y,1,40,TRANSCEIVER,0,OSFP,7,7,7,N,N
1,1,NPU,45,TH6_NIF,0,363,362,N,Y,1,39,TRANSCEIVER,0,OSFP,0,0,0,N,N
1,1,NPU,45,TH6_NIF,1,360,361,N,Y,1,39,TRANSCEIVER,0,OSFP,1,1,1,N,N
1,1,NPU,45,TH6_NIF,2,362,365,Y,Y,1,39,TRANSCEIVER,0,OSFP,2,2,2,N,N
1,1,NPU,45,TH6_NIF,3,364,363,N,Y,1,39,TRANSCEIVER,0,OSFP,3,3,3,N,N
1,1,NPU,45,TH6_NIF,4,366,367,N,N,1,39,TRANSCEIVER,0,OSFP,4,4,4,N,N
1,1,NPU,45,TH6_NIF,5,367,366,N,Y,1,39,TRANSCEIVER,0,OSFP,5,5,5,N,N
1,1,NPU,45,TH6_NIF,6,365,360,N,Y,1,39,TRANSCEIVER,0,OSFP,6,6,6,N,N
1,1,NPU,45,TH6_NIF,7,361,364,Y,Y,1,39,TRANSCEIVER,0,OSFP,7,7,7,N,N
1,1,NPU,46,TH6_NIF,0,371,370,N,Y,1,38,TRANSCEIVER,0,OSFP,0,0,0,N,N
1,1,NPU,46,TH6_NIF,1,368,369,N,Y,1,38,TRANSCEIVER,0,OSFP,1,1,1,N,N
1,1,NPU,46,TH6_NIF,2,370,373,Y,Y,1,38,TRANSCEIVER,0,OSFP,2,2,2,N,N
1,1,NPU,46,TH6_NIF,3,372,371,N,Y,1,38,TRANSCEIVER,0,OSFP,3,3,3,N,N
1,1,NPU,46,TH6_NIF,4,374,375,N,N,1,38,TRANSCEIVER,0,OSFP,4,4,4,N,N
1,1,NPU,46,TH6_NIF,5,375,374,N,Y,1,38,TRANSCEIVER,0,OSFP,5,5,5,N,N
1,1,NPU,46,TH6_NIF,6,373,368,N,Y,1,38,TRANSCEIVER,0,OSFP,6,6,6,N,N
1,1,NPU,46,TH6_NIF,7,369,372,Y,Y,1,38,TRANSCEIVER,0,OSFP,7,7,7,N,N
1,1,NPU,47,TH6_NIF,0,379,378,N,Y,1,37,TRANSCEIVER,0,OSFP,0,0,0,N,N
1,1,NPU,47,TH6_NIF,1,376,377,N,Y,1,37,TRANSCEIVER,0,OSFP,1,1,1,N,N
1,1,NPU,47,TH6_NIF,2,378,381,Y,Y,1,37,TRANSCEIVER,0,OSFP,2,2,2,N,N
1,1,NPU,47,TH6_NIF,3,380,379,N,Y,1,37,TRANSCEIVER,0,OSFP,3,3,3,N,N
1,1,NPU,47,TH6_NIF,4,382,383,N,N,1,37,TRANSCEIVER,0,OSFP,4,4,4,N,N
1,1,NPU,47,TH6_NIF,5,383,382,N,Y,1,37,TRANSCEIVER,0,OSFP,5,5,5,N,N
1,1,NPU,47,TH6_NIF,6,381,376,N,Y,1,37,TRANSCEIVER,0,OSFP,6,6,6,N,N
1,1,NPU,47,TH6_NIF,7,377,380,Y,Y,1,37,TRANSCEIVER,0,OSFP,7,7,7,N,N
1,1,NPU,48,TH6_NIF,0,387,385,Y,N,1,29,TRANSCEIVER,0,OSFP,0,0,0,N,N
1,1,NPU,48,TH6_NIF,1,385,386,N,N,1,29,TRANSCEIVER,0,OSFP,1,1,1,N,N
1,1,NPU,48,TH6_NIF,2,386,390,N,N,1,29,TRANSCEIVER,0,OSFP,2,2,2,N,N
1,1,NPU,48,TH6_NIF,3,391,387,N,N,1,29,TRANSCEIVER,0,OSFP,3,3,3,N,N
1,1,NPU,48,TH6_NIF,4,389,389,N,Y,1,29,TRANSCEIVER,0,OSFP,4,4,4,N,N
1,1,NPU,48,TH6_NIF,5,388,388,N,Y,1,29,TRANSCEIVER,0,OSFP,5,5,5,N,N
1,1,NPU,48,TH6_NIF,6,390,384,N,N,1,29,TRANSCEIVER,0,OSFP,6,6,6,N,N
1,1,NPU,48,TH6_NIF,7,384,391,Y,Y,1,29,TRANSCEIVER,0,OSFP,7,7,7,N,N
1,1,NPU,49,TH6_NIF,0,395,393,Y,N,1,30,TRANSCEIVER,0,OSFP,0,0,0,N,N
1,1,NPU,49,TH6_NIF,1,393,394,N,N,1,30,TRANSCEIVER,0,OSFP,1,1,1,N,N
1,1,NPU,49,TH6_NIF,2,394,398,N,N,1,30,TRANSCEIVER,0,OSFP,2,2,2,N,N
1,1,NPU,49,TH6_NIF,3,399,395,N,N,1,30,TRANSCEIVER,0,OSFP,3,3,3,N,N
1,1,NPU,49,TH6_NIF,4,397,397,N,Y,1,30,TRANSCEIVER,0,OSFP,4,4,4,N,N
1,1,NPU,49,TH6_NIF,5,396,396,N,Y,1,30,TRANSCEIVER,0,OSFP,5,5,5,N,N
1,1,NPU,49,TH6_NIF,6,398,392,N,N,1,30,TRANSCEIVER,0,OSFP,6,6,6,N,N
1,1,NPU,49,TH6_NIF,7,392,399,Y,Y,1,30,TRANSCEIVER,0,OSFP,7,7,7,N,N
1,1,NPU,50,TH6_NIF,0,403,401,Y,N,1,31,TRANSCEIVER,0,OSFP,0,0,0,N,N
1,1,NPU,50,TH6_NIF,1,401,402,N,N,1,31,TRANSCEIVER,0,OSFP,1,1,1,N,N
1,1,NPU,50,TH6_NIF,2,402,406,N,N,1,31,TRANSCEIVER,0,OSFP,2,2,2,N,N
1,1,NPU,50,TH6_NIF,3,407,403,N,N,1,31,TRANSCEIVER,0,OSFP,3,3,3,N,N
1,1,NPU,50,TH6_NIF,4,405,405,N,Y,1,31,TRANSCEIVER,0,OSFP,4,4,4,N,N
1,1,NPU,50,TH6_NIF,5,404,404,N,Y,1,31,TRANSCEIVER,0,OSFP,5,5,5,N,N
1,1,NPU,50,TH6_NIF,6,406,400,N,N,1,31,TRANSCEIVER,0,OSFP,6,6,6,N,N
1,1,NPU,50,TH6_NIF,7,400,407,Y,Y,1,31,TRANSCEIVER,0,OSFP,7,7,7,N,N
1,1,NPU,51,TH6_NIF,0,411,409,Y,N,1,32,TRANSCEIVER,0,OSFP,0,0,0,N,N
1,1,NPU,51,TH6_NIF,1,409,410,N,N,1,32,TRANSCEIVER,0,OSFP,1,1,1,N,N
1,1,NPU,51,TH6_NIF,2,410,414,N,N,1,32,TRANSCEIVER,0,OSFP,2,2,2,N,N
1,1,NPU,51,TH6_NIF,3,415,411,N,N,1,32,TRANSCEIVER,0,OSFP,3,3,3,N,N
1,1,NPU,51,TH6_NIF,4,413,413,N,Y,1,32,TRANSCEIVER,0,OSFP,4,4,4,N,N
1,1,NPU,51,TH6_NIF,5,412,412,N,Y,1,32,TRANSCEIVER,0,OSFP,5,5,5,N,N
1,1,NPU,51,TH6_NIF,6,414,408,N,N,1,32,TRANSCEIVER,0,OSFP,6,6,6,N,N
1,1,NPU,51,TH6_NIF,7,408,415,Y,Y,1,32,TRANSCEIVER,0,OSFP,7,7,7,N,N
1,1,NPU,52,TH6_NIF,0,416,416,N,N,1,24,TRANSCEIVER,0,OSFP,0,0,0,N,N
1,1,NPU,52,TH6_NIF,1,418,418,N,N,1,24,TRANSCEIVER,0,OSFP,1,1,1,N,N
1,1,NPU,52,TH6_NIF,2,419,420,N,N,1,24,TRANSCEIVER,0,OSFP,2,2,2,N,N
1,1,NPU,52,TH6_NIF,3,423,417,N,N,1,24,TRANSCEIVER,0,OSFP,3,3,3,N,N
1,1,NPU,52,TH6_NIF,4,421,423,N,Y,1,24,TRANSCEIVER,0,OSFP,4,4,4,N,N
1,1,NPU,52,TH6_NIF,5,420,422,N,N,1,24,TRANSCEIVER,0,OSFP,5,5,5,N,N
1,1,NPU,52,TH6_NIF,6,422,419,N,N,1,24,TRANSCEIVER,0,OSFP,6,6,6,N,N
1,1,NPU,52,TH6_NIF,7,417,421,N,Y,1,24,TRANSCEIVER,0,OSFP,7,7,7,N,N
1,1,NPU,53,TH6_NIF,0,427,426,N,Y,1,23,TRANSCEIVER,0,OSFP,0,0,0,N,N
1,1,NPU,53,TH6_NIF,1,424,425,N,Y,1,23,TRANSCEIVER,0,OSFP,1,1,1,N,N
1,1,NPU,53,TH6_NIF,2,426,429,Y,Y,1,23,TRANSCEIVER,0,OSFP,2,2,2,N,N
1,1,NPU,53,TH6_NIF,3,428,427,N,Y,1,23,TRANSCEIVER,0,OSFP,3,3,3,N,N
1,1,NPU,53,TH6_NIF,4,430,431,N,N,1,23,TRANSCEIVER,0,OSFP,4,4,4,N,N
1,1,NPU,53,TH6_NIF,5,431,430,N,Y,1,23,TRANSCEIVER,0,OSFP,5,5,5,N,N
1,1,NPU,53,TH6_NIF,6,429,424,N,Y,1,23,TRANSCEIVER,0,OSFP,6,6,6,N,N
1,1,NPU,53,TH6_NIF,7,425,428,Y,Y,1,23,TRANSCEIVER,0,OSFP,7,7,7,N,N
1,1,NPU,54,TH6_NIF,0,435,434,N,Y,1,22,TRANSCEIVER,0,OSFP,0,0,0,N,N
1,1,NPU,54,TH6_NIF,1,432,433,N,Y,1,22,TRANSCEIVER,0,OSFP,1,1,1,N,N
1,1,NPU,54,TH6_NIF,2,434,437,Y,Y,1,22,TRANSCEIVER,0,OSFP,2,2,2,N,N
1,1,NPU,54,TH6_NIF,3,436,435,N,Y,1,22,TRANSCEIVER,0,OSFP,3,3,3,N,N
1,1,NPU,54,TH6_NIF,4,438,439,N,N,1,22,TRANSCEIVER,0,OSFP,4,4,4,N,N
1,1,NPU,54,TH6_NIF,5,439,438,N,Y,1,22,TRANSCEIVER,0,OSFP,5,5,5,N,N
1,1,NPU,54,TH6_NIF,6,437,432,N,Y,1,22,TRANSCEIVER,0,OSFP,6,6,6,N,N
1,1,NPU,54,TH6_NIF,7,433,436,Y,Y,1,22,TRANSCEIVER,0,OSFP,7,7,7,N,N
1,1,NPU,55,TH6_NIF,0,443,442,N,Y,1,21,TRANSCEIVER,0,OSFP,0,0,0,N,N
1,1,NPU,55,TH6_NIF,1,440,441,N,Y,1,21,TRANSCEIVER,0,OSFP,1,1,1,N,N
1,1,NPU,55,TH6_NIF,2,442,445,Y,Y,1,21,TRANSCEIVER,0,OSFP,2,2,2,N,N
1,1,NPU,55,TH6_NIF,3,444,443,N,Y,1,21,TRANSCEIVER,0,OSFP,3,3,3,N,N
1,1,NPU,55,TH6_NIF,4,446,447,N,N,1,21,TRANSCEIVER,0,OSFP,4,4,4,N,N
1,1,NPU,55,TH6_NIF,5,447,446,N,Y,1,21,TRANSCEIVER,0,OSFP,5,5,5,N,N
1,1,NPU,55,TH6_NIF,6,445,440,N,Y,1,21,TRANSCEIVER,0,OSFP,6,6,6,N,N
1,1,NPU,55,TH6_NIF,7,441,444,Y,Y,1,21,TRANSCEIVER,0,OSFP,7,7,7,N,N
1,1,NPU,56,TH6_NIF,0,451,451,N,Y,1,13,TRANSCEIVER,0,OSFP,0,0,0,N,N
1,1,NPU,56,TH6_NIF,1,449,449,N,N,1,13,TRANSCEIVER,0,OSFP,1,1,1,N,N
1,1,NPU,56,TH6_NIF,2,448,455,N,N,1,13,TRANSCEIVER,0,OSFP,2,2,2,N,N
1,1,NPU,56,TH6_NIF,3,452,450,N,N,1,13,TRANSCEIVER,0,OSFP,3,3,3,N,N
1,1,NPU,56,TH6_NIF,4,454,452,N,N,1,13,TRANSCEIVER,0,OSFP,4,4,4,N,N
1,1,NPU,56,TH6_NIF,5,455,453,N,Y,1,13,TRANSCEIVER,0,OSFP,5,5,5,N,N
1,1,NPU,56,TH6_NIF,6,453,448,N,N,1,13,TRANSCEIVER,0,OSFP,6,6,6,N,N
1,1,NPU,56,TH6_NIF,7,450,454,N,N,1,13,TRANSCEIVER,0,OSFP,7,7,7,N,N
1,1,NPU,57,TH6_NIF,0,459,457,Y,N,1,14,TRANSCEIVER,0,OSFP,0,0,0,N,N
1,1,NPU,57,TH6_NIF,1,457,458,Y,N,1,14,TRANSCEIVER,0,OSFP,1,1,1,N,N
1,1,NPU,57,TH6_NIF,2,458,462,N,N,1,14,TRANSCEIVER,0,OSFP,2,2,2,N,N
1,1,NPU,57,TH6_NIF,3,463,459,N,N,1,14,TRANSCEIVER,0,OSFP,3,3,3,N,N
1,1,NPU,57,TH6_NIF,4,461,461,N,Y,1,14,TRANSCEIVER,0,OSFP,4,4,4,N,N
1,1,NPU,57,TH6_NIF,5,460,460,N,Y,1,14,TRANSCEIVER,0,OSFP,5,5,5,N,N
1,1,NPU,57,TH6_NIF,6,462,456,N,N,1,14,TRANSCEIVER,0,OSFP,6,6,6,N,N
1,1,NPU,57,TH6_NIF,7,456,463,Y,Y,1,14,TRANSCEIVER,0,OSFP,7,7,7,N,N
1,1,NPU,58,TH6_NIF,0,467,465,Y,N,1,15,TRANSCEIVER,0,OSFP,0,0,0,N,N
1,1,NPU,58,TH6_NIF,1,465,466,Y,N,1,15,TRANSCEIVER,0,OSFP,1,1,1,N,N
1,1,NPU,58,TH6_NIF,2,466,470,N,N,1,15,TRANSCEIVER,0,OSFP,2,2,2,N,N
1,1,NPU,58,TH6_NIF,3,471,467,N,N,1,15,TRANSCEIVER,0,OSFP,3,3,3,N,N
1,1,NPU,58,TH6_NIF,4,469,469,N,Y,1,15,TRANSCEIVER,0,OSFP,4,4,4,N,N
1,1,NPU,58,TH6_NIF,5,468,468,N,Y,1,15,TRANSCEIVER,0,OSFP,5,5,5,N,N
1,1,NPU,58,TH6_NIF,6,470,464,N,N,1,15,TRANSCEIVER,0,OSFP,6,6,6,N,N
1,1,NPU,58,TH6_NIF,7,464,471,Y,Y,1,15,TRANSCEIVER,0,OSFP,7,7,7,N,N
1,1,NPU,59,TH6_NIF,0,475,473,Y,N,1,16,TRANSCEIVER,0,OSFP,0,0,0,N,N
1,1,NPU,59,TH6_NIF,1,473,474,Y,N,1,16,TRANSCEIVER,0,OSFP,1,1,1,N,N
1,1,NPU,59,TH6_NIF,2,474,478,N,N,1,16,TRANSCEIVER,0,OSFP,2,2,2,N,N
1,1,NPU,59,TH6_NIF,3,479,475,N,N,1,16,TRANSCEIVER,0,OSFP,3,3,3,N,N
1,1,NPU,59,TH6_NIF,4,477,477,N,Y,1,16,TRANSCEIVER,0,OSFP,4,4,4,N,N
1,1,NPU,59,TH6_NIF,5,476,476,N,Y,1,16,TRANSCEIVER,0,OSFP,5,5,5,N,N
1,1,NPU,59,TH6_NIF,6,478,472,N,N,1,16,TRANSCEIVER,0,OSFP,6,6,6,N,N
1,1,NPU,59,TH6_NIF,7,472,479,Y,Y,1,16,TRANSCEIVER,0,OSFP,7,7,7,N,N
1,1,NPU,60,TH6_NIF,0,481,483,N,N,1,8,TRANSCEIVER,0,OSFP,0,0,0,N,N
1,1,NPU,60,TH6_NIF,1,482,480,N,N,1,8,TRANSCEIVER,0,OSFP,1,1,1,N,N
1,1,NPU,60,TH6_NIF,2,483,485,Y,Y,1,8,TRANSCEIVER,0,OSFP,2,2,2,N,N
1,1,NPU,60,TH6_NIF,3,484,482,N,N,1,8,TRANSCEIVER,0,OSFP,3,3,3,N,N
1,1,NPU,60,TH6_NIF,4,487,484,N,Y,1,8,TRANSCEIVER,0,OSFP,4,4,4,N,N
1,1,NPU,60,TH6_NIF,5,486,486,N,N,1,8,TRANSCEIVER,0,OSFP,5,5,5,N,N
1,1,NPU,60,TH6_NIF,6,485,481,N,N,1,8,TRANSCEIVER,0,OSFP,6,6,6,N,N
1,1,NPU,60,TH6_NIF,7,480,487,Y,Y,1,8,TRANSCEIVER,0,OSFP,7,7,7,N,N
1,1,NPU,61,TH6_NIF,0,489,491,N,N,1,7,TRANSCEIVER,0,OSFP,0,0,0,N,N
1,1,NPU,61,TH6_NIF,1,490,488,N,N,1,7,TRANSCEIVER,0,OSFP,1,1,1,N,N
1,1,NPU,61,TH6_NIF,2,491,493,Y,Y,1,7,TRANSCEIVER,0,OSFP,2,2,2,N,N
1,1,NPU,61,TH6_NIF,3,492,490,N,N,1,7,TRANSCEIVER,0,OSFP,3,3,3,N,N
1,1,NPU,61,TH6_NIF,4,495,492,N,Y,1,7,TRANSCEIVER,0,OSFP,4,4,4,N,N
1,1,NPU,61,TH6_NIF,5,494,494,N,N,1,7,TRANSCEIVER,0,OSFP,5,5,5,N,N
1,1,NPU,61,TH6_NIF,6,493,489,N,N,1,7,TRANSCEIVER,0,OSFP,6,6,6,N,N
1,1,NPU,61,TH6_NIF,7,488,495,Y,Y,1,7,TRANSCEIVER,0,OSFP,7,7,7,N,N
1,1,NPU,62,TH6_NIF,0,497,499,N,N,1,6,TRANSCEIVER,0,OSFP,0,0,0,N,N
1,1,NPU,62,TH6_NIF,1,498,496,N,N,1,6,TRANSCEIVER,0,OSFP,1,1,1,N,N
1,1,NPU,62,TH6_NIF,2,499,501,Y,Y,1,6,TRANSCEIVER,0,OSFP,2,2,2,N,N
1,1,NPU,62,TH6_NIF,3,500,498,N,N,1,6,TRANSCEIVER,0,OSFP,3,3,3,N,N
1,1,NPU,62,TH6_NIF,4,503,500,N,Y,1,6,TRANSCEIVER,0,OSFP,4,4,4,N,N
1,1,NPU,62,TH6_NIF,5,502,502,N,N,1,6,TRANSCEIVER,0,OSFP,5,5,5,N,N
1,1,NPU,62,TH6_NIF,6,501,497,N,N,1,6,TRANSCEIVER,0,OSFP,6,6,6,N,N
1,1,NPU,62,TH6_NIF,7,496,503,Y,Y,1,6,TRANSCEIVER,0,OSFP,7,7,7,N,N
1,1,NPU,63,TH6_NIF,0,505,507,Y,N,1,5,TRANSCEIVER,0,OSFP,0,0,0,N,N
1,1,NPU,63,TH6_NIF,1,506,504,N,N,1,5,TRANSCEIVER,0,OSFP,1,1,1,N,N
1,1,NPU,63,TH6_NIF,2,507,509,Y,Y,1,5,TRANSCEIVER,0,OSFP,2,2,2,N,N
1,1,NPU,63,TH6_NIF,3,508,506,N,N,1,5,TRANSCEIVER,0,OSFP,3,3,3,N,N
1,1,NPU,63,TH6_NIF,4,511,508,N,Y,1,5,TRANSCEIVER,0,OSFP,4,4,4,N,N
1,1,NPU,63,TH6_NIF,5,510,510,N,N,1,5,TRANSCEIVER,0,OSFP,5,5,5,N,N
1,1,NPU,63,TH6_NIF,6,509,505,N,N,1,5,TRANSCEIVER,0,OSFP,6,6,6,N,N
1,1,NPU,63,TH6_NIF,7,504,511,Y,Y,1,5,TRANSCEIVER,0,OSFP,7,7,7,N,N
