0,0,fab1/1/1,36-37-41-42,,
1,1,fab1/1/2,36-37-41-42,,
2,2,fab1/1/3,36-37-41-42,,
3,3,fab1/1/4,36-37-41-42,,
4,4,fab1/1/5,36-37-41-42,,
5,5,fab1/1/6,36-37-41-42,,
6,6,fab1/1/7,36-37-41-42,,
7,7,fab1/1/8,36-37-41-42,,
8,8,fab1/2/1,36-37-41-42,,
9,9,fab1/2/2,36-37-41-42,,
10,10,fab1/2/3,36-37-41-42,,
11,11,fab1/2/4,36-37-41-42,,
12,12,fab1/2/5,36-37-41-42,,
13,13,fab1/2/6,36-37-41-42,,
14,14,fab1/2/7,36-37-41-42,,
15,15,fab1/2/8,36-37-41-42,,
16,16,fab1/3/1,36-37-41-42,,
17,17,fab1/3/2,36-37-41-42,,
18,18,fab1/3/3,36-37-41-42,,
19,19,fab1/3/4,36-37-41-42,,
20,20,fab1/3/5,36-37-41-42,,
21,21,fab1/3/6,36-37-41-42,,
22,22,fab1/3/7,36-37-41-42,,
23,23,fab1/3/8,36-37-41-42,,
24,24,fab1/4/1,36-37-41-42,,
25,25,fab1/4/2,36-37-41-42,,
26,26,fab1/4/3,36-37-41-42,,
27,27,fab1/4/4,36-37-41-42,,
28,28,fab1/4/5,36-37-41-42,,
29,29,fab1/4/6,36-37-41-42,,
30,30,fab1/4/7,36-37-41-42,,
31,31,fab1/4/8,36-37-41-42,,
32,32,fab1/5/1,36-37-41-42,,
33,33,fab1/5/2,36-37-41-42,,
34,34,fab1/5/3,36-37-41-42,,
35,35,fab1/5/4,36-37-41-42,,
36,36,fab1/5/5,36-37-41-42,,
37,37,fab1/5/6,36-37-41-42,,
38,38,fab1/5/7,36-37-41-42,,
39,39,fab1/5/8,36-37-41-42,,
40,40,fab1/6/1,36-37-41-42,,
41,41,fab1/6/2,36-37-41-42,,
42,42,fab1/6/3,36-37-41-42,,
43,43,fab1/6/4,36-37-41-42,,
44,44,fab1/6/5,36-37-41-42,,
45,45,fab1/6/6,36-37-41-42,,
46,46,fab1/6/7,36-37-41-42,,
47,47,fab1/6/8,36-37-41-42,,
48,48,fab1/7/1,36-37-41-42,,
49,49,fab1/7/2,36-37-41-42,,
50,50,fab1/7/3,36-37-41-42,,
51,51,fab1/7/4,36-37-41-42,,
52,52,fab1/7/5,36-37-41-42,,
53,53,fab1/7/6,36-37-41-42,,
54,54,fab1/7/7,36-37-41-42,,
55,55,fab1/7/8,36-37-41-42,,
56,56,fab1/8/1,36-37-41-42,,
57,57,fab1/8/2,36-37-41-42,,
58,58,fab1/8/3,36-37-41-42,,
59,59,fab1/8/4,36-37-41-42,,
60,60,fab1/8/5,36-37-41-42,,
61,61,fab1/8/6,36-37-41-42,,
62,62,fab1/8/7,36-37-41-42,,
63,63,fab1/8/8,36-37-41-42,,
64,64,fab1/9/1,36-37-41-42,,
65,65,fab1/9/2,36-37-41-42,,
66,66,fab1/9/3,36-37-41-42,,
67,67,fab1/9/4,36-37-41-42,,
68,68,fab1/9/5,36-37-41-42,,
69,69,fab1/9/6,36-37-41-42,,
70,70,fab1/9/7,36-37-41-42,,
71,71,fab1/9/8,36-37-41-42,,
72,72,fab1/10/1,36-37-41-42,,
73,73,fab1/10/2,36-37-41-42,,
74,74,fab1/10/3,36-37-41-42,,
75,75,fab1/10/4,36-37-41-42,,
76,76,fab1/10/5,36-37-41-42,,
77,77,fab1/10/6,36-37-41-42,,
78,78,fab1/10/7,36-37-41-42,,
79,79,fab1/10/8,36-37-41-42,,
80,80,fab1/11/1,36-37-41-42,,
81,81,fab1/11/2,36-37-41-42,,
82,82,fab1/11/3,36-37-41-42,,
83,83,fab1/11/4,36-37-41-42,,
84,84,fab1/11/5,36-37-41-42,,
85,85,fab1/11/6,36-37-41-42,,
86,86,fab1/11/7,36-37-41-42,,
87,87,fab1/11/8,36-37-41-42,,
88,88,fab1/12/1,36-37-41-42,,
89,89,fab1/12/2,36-37-41-42,,
90,90,fab1/12/3,36-37-41-42,,
91,91,fab1/12/4,36-37-41-42,,
92,92,fab1/12/5,36-37-41-42,,
93,93,fab1/12/6,36-37-41-42,,
94,94,fab1/12/7,36-37-41-42,,
95,95,fab1/12/8,36-37-41-42,,
96,96,fab1/13/1,36-37-41-42,,
97,97,fab1/13/2,36-37-41-42,,
98,98,fab1/13/3,36-37-41-42,,
99,99,fab1/13/4,36-37-41-42,,
100,100,fab1/13/5,36-37-41-42,,
101,101,fab1/13/6,36-37-41-42,,
102,102,fab1/13/7,36-37-41-42,,
103,103,fab1/13/8,36-37-41-42,,
104,104,fab1/14/1,36-37-41-42,,
105,105,fab1/14/2,36-37-41-42,,
106,106,fab1/14/3,36-37-41-42,,
107,107,fab1/14/4,36-37-41-42,,
108,108,fab1/14/5,36-37-41-42,,
109,109,fab1/14/6,36-37-41-42,,
110,110,fab1/14/7,36-37-41-42,,
111,111,fab1/14/8,36-37-41-42,,
112,112,fab1/15/1,36-37-41-42,,
113,113,fab1/15/2,36-37-41-42,,
114,114,fab1/15/3,36-37-41-42,,
115,115,fab1/15/4,36-37-41-42,,
116,116,fab1/15/5,36-37-41-42,,
117,117,fab1/15/6,36-37-41-42,,
118,118,fab1/15/7,36-37-41-42,,
119,119,fab1/15/8,36-37-41-42,,
120,120,fab1/16/1,36-37-41-42,,
121,121,fab1/16/2,36-37-41-42,,
122,122,fab1/16/3,36-37-41-42,,
123,123,fab1/16/4,36-37-41-42,,
124,124,fab1/16/5,36-37-41-42,,
125,125,fab1/16/6,36-37-41-42,,
126,126,fab1/16/7,36-37-41-42,,
127,127,fab1/16/8,36-37-41-42,,
128,128,fab1/17/1,36-37-41-42,,
129,129,fab1/17/2,36-37-41-42,,
130,130,fab1/17/3,36-37-41-42,,
131,131,fab1/17/4,36-37-41-42,,
132,132,fab1/17/5,36-37-41-42,,
133,133,fab1/17/6,36-37-41-42,,
134,134,fab1/17/7,36-37-41-42,,
135,135,fab1/17/8,36-37-41-42,,
136,136,fab1/18/1,36-37-41-42,,
137,137,fab1/18/2,36-37-41-42,,
138,138,fab1/18/3,36-37-41-42,,
139,139,fab1/18/4,36-37-41-42,,
140,140,fab1/18/5,36-37-41-42,,
141,141,fab1/18/6,36-37-41-42,,
142,142,fab1/18/7,36-37-41-42,,
143,143,fab1/18/8,36-37-41-42,,
144,144,fab1/19/1,36-37-41-42,,
145,145,fab1/19/2,36-37-41-42,,
146,146,fab1/19/3,36-37-41-42,,
147,147,fab1/19/4,36-37-41-42,,
148,148,fab1/19/5,36-37-41-42,,
149,149,fab1/19/6,36-37-41-42,,
150,150,fab1/19/7,36-37-41-42,,
151,151,fab1/19/8,36-37-41-42,,
152,152,fab1/20/1,36-37-41-42,,
153,153,fab1/20/2,36-37-41-42,,
154,154,fab1/20/3,36-37-41-42,,
155,155,fab1/20/4,36-37-41-42,,
156,156,fab1/20/5,36-37-41-42,,
157,157,fab1/20/6,36-37-41-42,,
158,158,fab1/20/7,36-37-41-42,,
159,159,fab1/20/8,36-37-41-42,,
160,160,fab1/21/1,36-37-41-42,,
161,161,fab1/21/2,36-37-41-42,,
162,162,fab1/21/3,36-37-41-42,,
163,163,fab1/21/4,36-37-41-42,,
164,164,fab1/21/5,36-37-41-42,,
165,165,fab1/21/6,36-37-41-42,,
166,166,fab1/21/7,36-37-41-42,,
167,167,fab1/21/8,36-37-41-42,,
168,168,fab1/22/1,36-37-41-42,,
169,169,fab1/22/2,36-37-41-42,,
170,170,fab1/22/3,36-37-41-42,,
171,171,fab1/22/4,36-37-41-42,,
172,172,fab1/22/5,36-37-41-42,,
173,173,fab1/22/6,36-37-41-42,,
174,174,fab1/22/7,36-37-41-42,,
175,175,fab1/22/8,36-37-41-42,,
176,176,fab1/23/1,36-37-41-42,,
177,177,fab1/23/2,36-37-41-42,,
178,178,fab1/23/3,36-37-41-42,,
179,179,fab1/23/4,36-37-41-42,,
180,180,fab1/23/5,36-37-41-42,,
181,181,fab1/23/6,36-37-41-42,,
182,182,fab1/23/7,36-37-41-42,,
183,183,fab1/23/8,36-37-41-42,,
184,184,fab1/24/1,36-37-41-42,,
185,185,fab1/24/2,36-37-41-42,,
186,186,fab1/24/3,36-37-41-42,,
187,187,fab1/24/4,36-37-41-42,,
188,188,fab1/24/5,36-37-41-42,,
189,189,fab1/24/6,36-37-41-42,,
190,190,fab1/24/7,36-37-41-42,,
191,191,fab1/24/8,36-37-41-42,,
192,192,fab1/25/1,36-37-41-42,,
193,193,fab1/25/2,36-37-41-42,,
194,194,fab1/25/3,36-37-41-42,,
195,195,fab1/25/4,36-37-41-42,,
196,196,fab1/25/5,36-37-41-42,,
197,197,fab1/25/6,36-37-41-42,,
198,198,fab1/25/7,36-37-41-42,,
199,199,fab1/25/8,36-37-41-42,,
200,200,fab1/26/1,36-37-41-42,,
201,201,fab1/26/2,36-37-41-42,,
202,202,fab1/26/3,36-37-41-42,,
203,203,fab1/26/4,36-37-41-42,,
204,204,fab1/26/5,36-37-41-42,,
205,205,fab1/26/6,36-37-41-42,,
206,206,fab1/26/7,36-37-41-42,,
207,207,fab1/26/8,36-37-41-42,,
208,208,fab1/27/1,36-37-41-42,,
209,209,fab1/27/2,36-37-41-42,,
210,210,fab1/27/3,36-37-41-42,,
211,211,fab1/27/4,36-37-41-42,,
212,212,fab1/27/5,36-37-41-42,,
213,213,fab1/27/6,36-37-41-42,,
214,214,fab1/27/7,36-37-41-42,,
215,215,fab1/27/8,36-37-41-42,,
216,216,fab1/28/1,36-37-41-42,,
217,217,fab1/28/2,36-37-41-42,,
218,218,fab1/28/3,36-37-41-42,,
219,219,fab1/28/4,36-37-41-42,,
220,220,fab1/28/5,36-37-41-42,,
221,221,fab1/28/6,36-37-41-42,,
222,222,fab1/28/7,36-37-41-42,,
223,223,fab1/28/8,36-37-41-42,,
224,224,fab1/29/1,36-37-41-42,,
225,225,fab1/29/2,36-37-41-42,,
226,226,fab1/29/3,36-37-41-42,,
227,227,fab1/29/4,36-37-41-42,,
228,228,fab1/29/5,36-37-41-42,,
229,229,fab1/29/6,36-37-41-42,,
230,230,fab1/29/7,36-37-41-42,,
231,231,fab1/29/8,36-37-41-42,,
232,232,fab1/30/1,36-37-41-42,,
233,233,fab1/30/2,36-37-41-42,,
234,234,fab1/30/3,36-37-41-42,,
235,235,fab1/30/4,36-37-41-42,,
236,236,fab1/30/5,36-37-41-42,,
237,237,fab1/30/6,36-37-41-42,,
238,238,fab1/30/7,36-37-41-42,,
239,239,fab1/30/8,36-37-41-42,,
240,240,fab1/31/1,36-37-41-42,,
241,241,fab1/31/2,36-37-41-42,,
242,242,fab1/31/3,36-37-41-42,,
243,243,fab1/31/4,36-37-41-42,,
244,244,fab1/31/5,36-37-41-42,,
245,245,fab1/31/6,36-37-41-42,,
246,246,fab1/31/7,36-37-41-42,,
247,247,fab1/31/8,36-37-41-42,,
248,248,fab1/32/1,36-37-41-42,,
249,249,fab1/32/2,36-37-41-42,,
250,250,fab1/32/3,36-37-41-42,,
251,251,fab1/32/4,36-37-41-42,,
252,252,fab1/32/5,36-37-41-42,,
253,253,fab1/32/6,36-37-41-42,,
254,254,fab1/32/7,36-37-41-42,,
255,255,fab1/32/8,36-37-41-42,,
256,256,fab1/33/1,36-37-41-42,,
257,257,fab1/33/2,36-37-41-42,,
258,258,fab1/33/3,36-37-41-42,,
259,259,fab1/33/4,36-37-41-42,,
260,260,fab1/33/5,36-37-41-42,,
261,261,fab1/33/6,36-37-41-42,,
262,262,fab1/33/7,36-37-41-42,,
263,263,fab1/33/8,36-37-41-42,,
264,264,fab1/34/1,36-37-41-42,,
265,265,fab1/34/2,36-37-41-42,,
266,266,fab1/34/3,36-37-41-42,,
267,267,fab1/34/4,36-37-41-42,,
268,268,fab1/34/5,36-37-41-42,,
269,269,fab1/34/6,36-37-41-42,,
270,270,fab1/34/7,36-37-41-42,,
271,271,fab1/34/8,36-37-41-42,,
272,272,fab1/35/1,36-37-41-42,,
273,273,fab1/35/2,36-37-41-42,,
274,274,fab1/35/3,36-37-41-42,,
275,275,fab1/35/4,36-37-41-42,,
276,276,fab1/35/5,36-37-41-42,,
277,277,fab1/35/6,36-37-41-42,,
278,278,fab1/35/7,36-37-41-42,,
279,279,fab1/35/8,36-37-41-42,,
280,280,fab1/36/1,36-37-41-42,,
281,281,fab1/36/2,36-37-41-42,,
282,282,fab1/36/3,36-37-41-42,,
283,283,fab1/36/4,36-37-41-42,,
284,284,fab1/36/5,36-37-41-42,,
285,285,fab1/36/6,36-37-41-42,,
286,286,fab1/36/7,36-37-41-42,,
287,287,fab1/36/8,36-37-41-42,,
288,288,fab1/37/1,36-37-41-42,,
289,289,fab1/37/2,36-37-41-42,,
290,290,fab1/37/3,36-37-41-42,,
291,291,fab1/37/4,36-37-41-42,,
292,292,fab1/37/5,36-37-41-42,,
293,293,fab1/37/6,36-37-41-42,,
294,294,fab1/37/7,36-37-41-42,,
295,295,fab1/37/8,36-37-41-42,,
296,296,fab1/38/1,36-37-41-42,,
297,297,fab1/38/2,36-37-41-42,,
298,298,fab1/38/3,36-37-41-42,,
299,299,fab1/38/4,36-37-41-42,,
300,300,fab1/38/5,36-37-41-42,,
301,301,fab1/38/6,36-37-41-42,,
302,302,fab1/38/7,36-37-41-42,,
303,303,fab1/38/8,36-37-41-42,,
304,304,fab1/39/1,36-37-41-42,,
305,305,fab1/39/2,36-37-41-42,,
306,306,fab1/39/3,36-37-41-42,,
307,307,fab1/39/4,36-37-41-42,,
308,308,fab1/39/5,36-37-41-42,,
309,309,fab1/39/6,36-37-41-42,,
310,310,fab1/39/7,36-37-41-42,,
311,311,fab1/39/8,36-37-41-42,,
312,312,fab1/40/1,36-37-41-42,,
313,313,fab1/40/2,36-37-41-42,,
314,314,fab1/40/3,36-37-41-42,,
315,315,fab1/40/4,36-37-41-42,,
316,316,fab1/40/5,36-37-41-42,,
317,317,fab1/40/6,36-37-41-42,,
318,318,fab1/40/7,36-37-41-42,,
319,319,fab1/40/8,36-37-41-42,,
320,320,fab1/41/1,36-37-41-42,,
321,321,fab1/41/2,36-37-41-42,,
322,322,fab1/41/3,36-37-41-42,,
323,323,fab1/41/4,36-37-41-42,,
324,324,fab1/41/5,36-37-41-42,,
325,325,fab1/41/6,36-37-41-42,,
326,326,fab1/41/7,36-37-41-42,,
327,327,fab1/41/8,36-37-41-42,,
328,328,fab1/42/1,36-37-41-42,,
329,329,fab1/42/2,36-37-41-42,,
330,330,fab1/42/3,36-37-41-42,,
331,331,fab1/42/4,36-37-41-42,,
332,332,fab1/42/5,36-37-41-42,,
333,333,fab1/42/6,36-37-41-42,,
334,334,fab1/42/7,36-37-41-42,,
335,335,fab1/42/8,36-37-41-42,,
336,336,fab1/43/1,36-37-41-42,,
337,337,fab1/43/2,36-37-41-42,,
338,338,fab1/43/3,36-37-41-42,,
339,339,fab1/43/4,36-37-41-42,,
340,340,fab1/43/5,36-37-41-42,,
341,341,fab1/43/6,36-37-41-42,,
342,342,fab1/43/7,36-37-41-42,,
343,343,fab1/43/8,36-37-41-42,,
344,344,fab1/44/1,36-37-41-42,,
345,345,fab1/44/2,36-37-41-42,,
346,346,fab1/44/3,36-37-41-42,,
347,347,fab1/44/4,36-37-41-42,,
348,348,fab1/44/5,36-37-41-42,,
349,349,fab1/44/6,36-37-41-42,,
350,350,fab1/44/7,36-37-41-42,,
351,351,fab1/44/8,36-37-41-42,,
352,352,fab1/45/1,36-37-41-42,,
353,353,fab1/45/2,36-37-41-42,,
354,354,fab1/45/3,36-37-41-42,,
355,355,fab1/45/4,36-37-41-42,,
356,356,fab1/45/5,36-37-41-42,,
357,357,fab1/45/6,36-37-41-42,,
358,358,fab1/45/7,36-37-41-42,,
359,359,fab1/45/8,36-37-41-42,,
360,360,fab1/46/1,36-37-41-42,,
361,361,fab1/46/2,36-37-41-42,,
362,362,fab1/46/3,36-37-41-42,,
363,363,fab1/46/4,36-37-41-42,,
364,364,fab1/46/5,36-37-41-42,,
365,365,fab1/46/6,36-37-41-42,,
366,366,fab1/46/7,36-37-41-42,,
367,367,fab1/46/8,36-37-41-42,,
368,368,fab1/47/1,36-37-41-42,,
369,369,fab1/47/2,36-37-41-42,,
370,370,fab1/47/3,36-37-41-42,,
371,371,fab1/47/4,36-37-41-42,,
372,372,fab1/47/5,36-37-41-42,,
373,373,fab1/47/6,36-37-41-42,,
374,374,fab1/47/7,36-37-41-42,,
375,375,fab1/47/8,36-37-41-42,,
376,376,fab1/48/1,36-37-41-42,,
377,377,fab1/48/2,36-37-41-42,,
378,378,fab1/48/3,36-37-41-42,,
379,379,fab1/48/4,36-37-41-42,,
380,380,fab1/48/5,36-37-41-42,,
381,381,fab1/48/6,36-37-41-42,,
382,382,fab1/48/7,36-37-41-42,,
383,383,fab1/48/8,36-37-41-42,,
384,384,fab1/49/1,36-37-41-42,,
385,385,fab1/49/2,36-37-41-42,,
386,386,fab1/49/3,36-37-41-42,,
387,387,fab1/49/4,36-37-41-42,,
388,388,fab1/49/5,36-37-41-42,,
389,389,fab1/49/6,36-37-41-42,,
390,390,fab1/49/7,36-37-41-42,,
391,391,fab1/49/8,36-37-41-42,,
392,392,fab1/50/1,36-37-41-42,,
393,393,fab1/50/2,36-37-41-42,,
394,394,fab1/50/3,36-37-41-42,,
395,395,fab1/50/4,36-37-41-42,,
396,396,fab1/50/5,36-37-41-42,,
397,397,fab1/50/6,36-37-41-42,,
398,398,fab1/50/7,36-37-41-42,,
399,399,fab1/50/8,36-37-41-42,,
400,400,fab1/51/1,36-37-41-42,,
401,401,fab1/51/2,36-37-41-42,,
402,402,fab1/51/3,36-37-41-42,,
403,403,fab1/51/4,36-37-41-42,,
404,404,fab1/51/5,36-37-41-42,,
405,405,fab1/51/6,36-37-41-42,,
406,406,fab1/51/7,36-37-41-42,,
407,407,fab1/51/8,36-37-41-42,,
408,408,fab1/52/1,36-37-41-42,,
409,409,fab1/52/2,36-37-41-42,,
410,410,fab1/52/3,36-37-41-42,,
411,411,fab1/52/4,36-37-41-42,,
412,412,fab1/52/5,36-37-41-42,,
413,413,fab1/52/6,36-37-41-42,,
414,414,fab1/52/7,36-37-41-42,,
415,415,fab1/52/8,36-37-41-42,,
416,416,fab1/53/1,36-37-41-42,,
417,417,fab1/53/2,36-37-41-42,,
418,418,fab1/53/3,36-37-41-42,,
419,419,fab1/53/4,36-37-41-42,,
420,420,fab1/53/5,36-37-41-42,,
421,421,fab1/53/6,36-37-41-42,,
422,422,fab1/53/7,36-37-41-42,,
423,423,fab1/53/8,36-37-41-42,,
424,424,fab1/54/1,36-37-41-42,,
425,425,fab1/54/2,36-37-41-42,,
426,426,fab1/54/3,36-37-41-42,,
427,427,fab1/54/4,36-37-41-42,,
428,428,fab1/54/5,36-37-41-42,,
429,429,fab1/54/6,36-37-41-42,,
430,430,fab1/54/7,36-37-41-42,,
431,431,fab1/54/8,36-37-41-42,,
432,432,fab1/55/1,36-37-41-42,,
433,433,fab1/55/2,36-37-41-42,,
434,434,fab1/55/3,36-37-41-42,,
435,435,fab1/55/4,36-37-41-42,,
436,436,fab1/55/5,36-37-41-42,,
437,437,fab1/55/6,36-37-41-42,,
438,438,fab1/55/7,36-37-41-42,,
439,439,fab1/55/8,36-37-41-42,,
440,440,fab1/56/1,36-37-41-42,,
441,441,fab1/56/2,36-37-41-42,,
442,442,fab1/56/3,36-37-41-42,,
443,443,fab1/56/4,36-37-41-42,,
444,444,fab1/56/5,36-37-41-42,,
445,445,fab1/56/6,36-37-41-42,,
446,446,fab1/56/7,36-37-41-42,,
447,447,fab1/56/8,36-37-41-42,,
448,448,fab1/57/1,36-37-41-42,,
449,449,fab1/57/2,36-37-41-42,,
450,450,fab1/57/3,36-37-41-42,,
451,451,fab1/57/4,36-37-41-42,,
452,452,fab1/57/5,36-37-41-42,,
453,453,fab1/57/6,36-37-41-42,,
454,454,fab1/57/7,36-37-41-42,,
455,455,fab1/57/8,36-37-41-42,,
456,456,fab1/58/1,36-37-41-42,,
457,457,fab1/58/2,36-37-41-42,,
458,458,fab1/58/3,36-37-41-42,,
459,459,fab1/58/4,36-37-41-42,,
460,460,fab1/58/5,36-37-41-42,,
461,461,fab1/58/6,36-37-41-42,,
462,462,fab1/58/7,36-37-41-42,,
463,463,fab1/58/8,36-37-41-42,,
464,464,fab1/59/1,36-37-41-42,,
465,465,fab1/59/2,36-37-41-42,,
466,466,fab1/59/3,36-37-41-42,,
467,467,fab1/59/4,36-37-41-42,,
468,468,fab1/59/5,36-37-41-42,,
469,469,fab1/59/6,36-37-41-42,,
470,470,fab1/59/7,36-37-41-42,,
471,471,fab1/59/8,36-37-41-42,,
472,472,fab1/60/1,36-37-41-42,,
473,473,fab1/60/2,36-37-41-42,,
474,474,fab1/60/3,36-37-41-42,,
475,475,fab1/60/4,36-37-41-42,,
476,476,fab1/60/5,36-37-41-42,,
477,477,fab1/60/6,36-37-41-42,,
478,478,fab1/60/7,36-37-41-42,,
479,479,fab1/60/8,36-37-41-42,,
480,480,fab1/61/1,36-37-41-42,,
481,481,fab1/61/2,36-37-41-42,,
482,482,fab1/61/3,36-37-41-42,,
483,483,fab1/61/4,36-37-41-42,,
484,484,fab1/61/5,36-37-41-42,,
485,485,fab1/61/6,36-37-41-42,,
486,486,fab1/61/7,36-37-41-42,,
487,487,fab1/61/8,36-37-41-42,,
488,488,fab1/62/1,36-37-41-42,,
489,489,fab1/62/2,36-37-41-42,,
490,490,fab1/62/3,36-37-41-42,,
491,491,fab1/62/4,36-37-41-42,,
492,492,fab1/62/5,36-37-41-42,,
493,493,fab1/62/6,36-37-41-42,,
494,494,fab1/62/7,36-37-41-42,,
495,495,fab1/62/8,36-37-41-42,,
496,496,fab1/63/1,36-37-41-42,,
497,497,fab1/63/2,36-37-41-42,,
498,498,fab1/63/3,36-37-41-42,,
499,499,fab1/63/4,36-37-41-42,,
500,500,fab1/63/5,36-37-41-42,,
501,501,fab1/63/6,36-37-41-42,,
502,502,fab1/63/7,36-37-41-42,,
503,503,fab1/63/8,36-37-41-42,,
504,504,fab1/64/1,36-37-41-42,,
505,505,fab1/64/2,36-37-41-42,,
506,506,fab1/64/3,36-37-41-42,,
507,507,fab1/64/4,36-37-41-42,,
508,508,fab1/64/5,36-37-41-42,,
509,509,fab1/64/6,36-37-41-42,,
510,510,fab1/64/7,36-37-41-42,,
511,511,fab1/64/8,36-37-41-42,,
512,0,fab1/65/1,36-37-41-42,,
513,1,fab1/65/2,36-37-41-42,,
514,2,fab1/65/3,36-37-41-42,,
515,3,fab1/65/4,36-37-41-42,,
516,4,fab1/65/5,36-37-41-42,,
517,5,fab1/65/6,36-37-41-42,,
518,6,fab1/65/7,36-37-41-42,,
519,7,fab1/65/8,36-37-41-42,,
520,8,fab1/66/1,36-37-41-42,,
521,9,fab1/66/2,36-37-41-42,,
522,10,fab1/66/3,36-37-41-42,,
523,11,fab1/66/4,36-37-41-42,,
524,12,fab1/66/5,36-37-41-42,,
525,13,fab1/66/6,36-37-41-42,,
526,14,fab1/66/7,36-37-41-42,,
527,15,fab1/66/8,36-37-41-42,,
528,16,fab1/67/1,36-37-41-42,,
529,17,fab1/67/2,36-37-41-42,,
530,18,fab1/67/3,36-37-41-42,,
531,19,fab1/67/4,36-37-41-42,,
532,20,fab1/67/5,36-37-41-42,,
533,21,fab1/67/6,36-37-41-42,,
534,22,fab1/67/7,36-37-41-42,,
535,23,fab1/67/8,36-37-41-42,,
536,24,fab1/68/1,36-37-41-42,,
537,25,fab1/68/2,36-37-41-42,,
538,26,fab1/68/3,36-37-41-42,,
539,27,fab1/68/4,36-37-41-42,,
540,28,fab1/68/5,36-37-41-42,,
541,29,fab1/68/6,36-37-41-42,,
542,30,fab1/68/7,36-37-41-42,,
543,31,fab1/68/8,36-37-41-42,,
544,32,fab1/69/1,36-37-41-42,,
545,33,fab1/69/2,36-37-41-42,,
546,34,fab1/69/3,36-37-41-42,,
547,35,fab1/69/4,36-37-41-42,,
548,36,fab1/69/5,36-37-41-42,,
549,37,fab1/69/6,36-37-41-42,,
550,38,fab1/69/7,36-37-41-42,,
551,39,fab1/69/8,36-37-41-42,,
552,40,fab1/70/1,36-37-41-42,,
553,41,fab1/70/2,36-37-41-42,,
554,42,fab1/70/3,36-37-41-42,,
555,43,fab1/70/4,36-37-41-42,,
556,44,fab1/70/5,36-37-41-42,,
557,45,fab1/70/6,36-37-41-42,,
558,46,fab1/70/7,36-37-41-42,,
559,47,fab1/70/8,36-37-41-42,,
560,48,fab1/71/1,36-37-41-42,,
561,49,fab1/71/2,36-37-41-42,,
562,50,fab1/71/3,36-37-41-42,,
563,51,fab1/71/4,36-37-41-42,,
564,52,fab1/71/5,36-37-41-42,,
565,53,fab1/71/6,36-37-41-42,,
566,54,fab1/71/7,36-37-41-42,,
567,55,fab1/71/8,36-37-41-42,,
568,56,fab1/72/1,36-37-41-42,,
569,57,fab1/72/2,36-37-41-42,,
570,58,fab1/72/3,36-37-41-42,,
571,59,fab1/72/4,36-37-41-42,,
572,60,fab1/72/5,36-37-41-42,,
573,61,fab1/72/6,36-37-41-42,,
574,62,fab1/72/7,36-37-41-42,,
575,63,fab1/72/8,36-37-41-42,,
576,64,fab1/73/1,36-37-41-42,,
577,65,fab1/73/2,36-37-41-42,,
578,66,fab1/73/3,36-37-41-42,,
579,67,fab1/73/4,36-37-41-42,,
580,68,fab1/73/5,36-37-41-42,,
581,69,fab1/73/6,36-37-41-42,,
582,70,fab1/73/7,36-37-41-42,,
583,71,fab1/73/8,36-37-41-42,,
584,72,fab1/74/1,36-37-41-42,,
585,73,fab1/74/2,36-37-41-42,,
586,74,fab1/74/3,36-37-41-42,,
587,75,fab1/74/4,36-37-41-42,,
588,76,fab1/74/5,36-37-41-42,,
589,77,fab1/74/6,36-37-41-42,,
590,78,fab1/74/7,36-37-41-42,,
591,79,fab1/74/8,36-37-41-42,,
592,80,fab1/75/1,36-37-41-42,,
593,81,fab1/75/2,36-37-41-42,,
594,82,fab1/75/3,36-37-41-42,,
595,83,fab1/75/4,36-37-41-42,,
596,84,fab1/75/5,36-37-41-42,,
597,85,fab1/75/6,36-37-41-42,,
598,86,fab1/75/7,36-37-41-42,,
599,87,fab1/75/8,36-37-41-42,,
600,88,fab1/76/1,36-37-41-42,,
601,89,fab1/76/2,36-37-41-42,,
602,90,fab1/76/3,36-37-41-42,,
603,91,fab1/76/4,36-37-41-42,,
604,92,fab1/76/5,36-37-41-42,,
605,93,fab1/76/6,36-37-41-42,,
606,94,fab1/76/7,36-37-41-42,,
607,95,fab1/76/8,36-37-41-42,,
608,96,fab1/77/1,36-37-41-42,,
609,97,fab1/77/2,36-37-41-42,,
610,98,fab1/77/3,36-37-41-42,,
611,99,fab1/77/4,36-37-41-42,,
612,100,fab1/77/5,36-37-41-42,,
613,101,fab1/77/6,36-37-41-42,,
614,102,fab1/77/7,36-37-41-42,,
615,103,fab1/77/8,36-37-41-42,,
616,104,fab1/78/1,36-37-41-42,,
617,105,fab1/78/2,36-37-41-42,,
618,106,fab1/78/3,36-37-41-42,,
619,107,fab1/78/4,36-37-41-42,,
620,108,fab1/78/5,36-37-41-42,,
621,109,fab1/78/6,36-37-41-42,,
622,110,fab1/78/7,36-37-41-42,,
623,111,fab1/78/8,36-37-41-42,,
624,112,fab1/79/1,36-37-41-42,,
625,113,fab1/79/2,36-37-41-42,,
626,114,fab1/79/3,36-37-41-42,,
627,115,fab1/79/4,36-37-41-42,,
628,116,fab1/79/5,36-37-41-42,,
629,117,fab1/79/6,36-37-41-42,,
630,118,fab1/79/7,36-37-41-42,,
631,119,fab1/79/8,36-37-41-42,,
632,120,fab1/80/1,36-37-41-42,,
633,121,fab1/80/2,36-37-41-42,,
634,122,fab1/80/3,36-37-41-42,,
635,123,fab1/80/4,36-37-41-42,,
636,124,fab1/80/5,36-37-41-42,,
637,125,fab1/80/6,36-37-41-42,,
638,126,fab1/80/7,36-37-41-42,,
639,127,fab1/80/8,36-37-41-42,,
640,128,fab1/81/1,36-37-41-42,,
641,129,fab1/81/2,36-37-41-42,,
642,130,fab1/81/3,36-37-41-42,,
643,131,fab1/81/4,36-37-41-42,,
644,132,fab1/81/5,36-37-41-42,,
645,133,fab1/81/6,36-37-41-42,,
646,134,fab1/81/7,36-37-41-42,,
647,135,fab1/81/8,36-37-41-42,,
648,136,fab1/82/1,36-37-41-42,,
649,137,fab1/82/2,36-37-41-42,,
650,138,fab1/82/3,36-37-41-42,,
651,139,fab1/82/4,36-37-41-42,,
652,140,fab1/82/5,36-37-41-42,,
653,141,fab1/82/6,36-37-41-42,,
654,142,fab1/82/7,36-37-41-42,,
655,143,fab1/82/8,36-37-41-42,,
656,144,fab1/83/1,36-37-41-42,,
657,145,fab1/83/2,36-37-41-42,,
658,146,fab1/83/3,36-37-41-42,,
659,147,fab1/83/4,36-37-41-42,,
660,148,fab1/83/5,36-37-41-42,,
661,149,fab1/83/6,36-37-41-42,,
662,150,fab1/83/7,36-37-41-42,,
663,151,fab1/83/8,36-37-41-42,,
664,152,fab1/84/1,36-37-41-42,,
665,153,fab1/84/2,36-37-41-42,,
666,154,fab1/84/3,36-37-41-42,,
667,155,fab1/84/4,36-37-41-42,,
668,156,fab1/84/5,36-37-41-42,,
669,157,fab1/84/6,36-37-41-42,,
670,158,fab1/84/7,36-37-41-42,,
671,159,fab1/84/8,36-37-41-42,,
672,160,fab1/85/1,36-37-41-42,,
673,161,fab1/85/2,36-37-41-42,,
674,162,fab1/85/3,36-37-41-42,,
675,163,fab1/85/4,36-37-41-42,,
676,164,fab1/85/5,36-37-41-42,,
677,165,fab1/85/6,36-37-41-42,,
678,166,fab1/85/7,36-37-41-42,,
679,167,fab1/85/8,36-37-41-42,,
680,168,fab1/86/1,36-37-41-42,,
681,169,fab1/86/2,36-37-41-42,,
682,170,fab1/86/3,36-37-41-42,,
683,171,fab1/86/4,36-37-41-42,,
684,172,fab1/86/5,36-37-41-42,,
685,173,fab1/86/6,36-37-41-42,,
686,174,fab1/86/7,36-37-41-42,,
687,175,fab1/86/8,36-37-41-42,,
688,176,fab1/87/1,36-37-41-42,,
689,177,fab1/87/2,36-37-41-42,,
690,178,fab1/87/3,36-37-41-42,,
691,179,fab1/87/4,36-37-41-42,,
692,180,fab1/87/5,36-37-41-42,,
693,181,fab1/87/6,36-37-41-42,,
694,182,fab1/87/7,36-37-41-42,,
695,183,fab1/87/8,36-37-41-42,,
696,184,fab1/88/1,36-37-41-42,,
697,185,fab1/88/2,36-37-41-42,,
698,186,fab1/88/3,36-37-41-42,,
699,187,fab1/88/4,36-37-41-42,,
700,188,fab1/88/5,36-37-41-42,,
701,189,fab1/88/6,36-37-41-42,,
702,190,fab1/88/7,36-37-41-42,,
703,191,fab1/88/8,36-37-41-42,,
704,192,fab1/89/1,36-37-41-42,,
705,193,fab1/89/2,36-37-41-42,,
706,194,fab1/89/3,36-37-41-42,,
707,195,fab1/89/4,36-37-41-42,,
708,196,fab1/89/5,36-37-41-42,,
709,197,fab1/89/6,36-37-41-42,,
710,198,fab1/89/7,36-37-41-42,,
711,199,fab1/89/8,36-37-41-42,,
712,200,fab1/90/1,36-37-41-42,,
713,201,fab1/90/2,36-37-41-42,,
714,202,fab1/90/3,36-37-41-42,,
715,203,fab1/90/4,36-37-41-42,,
716,204,fab1/90/5,36-37-41-42,,
717,205,fab1/90/6,36-37-41-42,,
718,206,fab1/90/7,36-37-41-42,,
719,207,fab1/90/8,36-37-41-42,,
720,208,fab1/91/1,36-37-41-42,,
721,209,fab1/91/2,36-37-41-42,,
722,210,fab1/91/3,36-37-41-42,,
723,211,fab1/91/4,36-37-41-42,,
724,212,fab1/91/5,36-37-41-42,,
725,213,fab1/91/6,36-37-41-42,,
726,214,fab1/91/7,36-37-41-42,,
727,215,fab1/91/8,36-37-41-42,,
728,216,fab1/92/1,36-37-41-42,,
729,217,fab1/92/2,36-37-41-42,,
730,218,fab1/92/3,36-37-41-42,,
731,219,fab1/92/4,36-37-41-42,,
732,220,fab1/92/5,36-37-41-42,,
733,221,fab1/92/6,36-37-41-42,,
734,222,fab1/92/7,36-37-41-42,,
735,223,fab1/92/8,36-37-41-42,,
736,224,fab1/93/1,36-37-41-42,,
737,225,fab1/93/2,36-37-41-42,,
738,226,fab1/93/3,36-37-41-42,,
739,227,fab1/93/4,36-37-41-42,,
740,228,fab1/93/5,36-37-41-42,,
741,229,fab1/93/6,36-37-41-42,,
742,230,fab1/93/7,36-37-41-42,,
743,231,fab1/93/8,36-37-41-42,,
744,232,fab1/94/1,36-37-41-42,,
745,233,fab1/94/2,36-37-41-42,,
746,234,fab1/94/3,36-37-41-42,,
747,235,fab1/94/4,36-37-41-42,,
748,236,fab1/94/5,36-37-41-42,,
749,237,fab1/94/6,36-37-41-42,,
750,238,fab1/94/7,36-37-41-42,,
751,239,fab1/94/8,36-37-41-42,,
752,240,fab1/95/1,36-37-41-42,,
753,241,fab1/95/2,36-37-41-42,,
754,242,fab1/95/3,36-37-41-42,,
755,243,fab1/95/4,36-37-41-42,,
756,244,fab1/95/5,36-37-41-42,,
757,245,fab1/95/6,36-37-41-42,,
758,246,fab1/95/7,36-37-41-42,,
759,247,fab1/95/8,36-37-41-42,,
760,248,fab1/96/1,36-37-41-42,,
761,249,fab1/96/2,36-37-41-42,,
762,250,fab1/96/3,36-37-41-42,,
763,251,fab1/96/4,36-37-41-42,,
764,252,fab1/96/5,36-37-41-42,,
765,253,fab1/96/6,36-37-41-42,,
766,254,fab1/96/7,36-37-41-42,,
767,255,fab1/96/8,36-37-41-42,,
768,256,fab1/97/1,36-37-41-42,,
769,257,fab1/97/2,36-37-41-42,,
770,258,fab1/97/3,36-37-41-42,,
771,259,fab1/97/4,36-37-41-42,,
772,260,fab1/97/5,36-37-41-42,,
773,261,fab1/97/6,36-37-41-42,,
774,262,fab1/97/7,36-37-41-42,,
775,263,fab1/97/8,36-37-41-42,,
776,264,fab1/98/1,36-37-41-42,,
777,265,fab1/98/2,36-37-41-42,,
778,266,fab1/98/3,36-37-41-42,,
779,267,fab1/98/4,36-37-41-42,,
780,268,fab1/98/5,36-37-41-42,,
781,269,fab1/98/6,36-37-41-42,,
782,270,fab1/98/7,36-37-41-42,,
783,271,fab1/98/8,36-37-41-42,,
784,272,fab1/99/1,36-37-41-42,,
785,273,fab1/99/2,36-37-41-42,,
786,274,fab1/99/3,36-37-41-42,,
787,275,fab1/99/4,36-37-41-42,,
788,276,fab1/99/5,36-37-41-42,,
789,277,fab1/99/6,36-37-41-42,,
790,278,fab1/99/7,36-37-41-42,,
791,279,fab1/99/8,36-37-41-42,,
792,280,fab1/100/1,36-37-41-42,,
793,281,fab1/100/2,36-37-41-42,,
794,282,fab1/100/3,36-37-41-42,,
795,283,fab1/100/4,36-37-41-42,,
796,284,fab1/100/5,36-37-41-42,,
797,285,fab1/100/6,36-37-41-42,,
798,286,fab1/100/7,36-37-41-42,,
799,287,fab1/100/8,36-37-41-42,,
800,288,fab1/101/1,36-37-41-42,,
801,289,fab1/101/2,36-37-41-42,,
802,290,fab1/101/3,36-37-41-42,,
803,291,fab1/101/4,36-37-41-42,,
804,292,fab1/101/5,36-37-41-42,,
805,293,fab1/101/6,36-37-41-42,,
806,294,fab1/101/7,36-37-41-42,,
807,295,fab1/101/8,36-37-41-42,,
808,296,fab1/102/1,36-37-41-42,,
809,297,fab1/102/2,36-37-41-42,,
810,298,fab1/102/3,36-37-41-42,,
811,299,fab1/102/4,36-37-41-42,,
812,300,fab1/102/5,36-37-41-42,,
813,301,fab1/102/6,36-37-41-42,,
814,302,fab1/102/7,36-37-41-42,,
815,303,fab1/102/8,36-37-41-42,,
816,304,fab1/103/1,36-37-41-42,,
817,305,fab1/103/2,36-37-41-42,,
818,306,fab1/103/3,36-37-41-42,,
819,307,fab1/103/4,36-37-41-42,,
820,308,fab1/103/5,36-37-41-42,,
821,309,fab1/103/6,36-37-41-42,,
822,310,fab1/103/7,36-37-41-42,,
823,311,fab1/103/8,36-37-41-42,,
824,312,fab1/104/1,36-37-41-42,,
825,313,fab1/104/2,36-37-41-42,,
826,314,fab1/104/3,36-37-41-42,,
827,315,fab1/104/4,36-37-41-42,,
828,316,fab1/104/5,36-37-41-42,,
829,317,fab1/104/6,36-37-41-42,,
830,318,fab1/104/7,36-37-41-42,,
831,319,fab1/104/8,36-37-41-42,,
832,320,fab1/105/1,36-37-41-42,,
833,321,fab1/105/2,36-37-41-42,,
834,322,fab1/105/3,36-37-41-42,,
835,323,fab1/105/4,36-37-41-42,,
836,324,fab1/105/5,36-37-41-42,,
837,325,fab1/105/6,36-37-41-42,,
838,326,fab1/105/7,36-37-41-42,,
839,327,fab1/105/8,36-37-41-42,,
840,328,fab1/106/1,36-37-41-42,,
841,329,fab1/106/2,36-37-41-42,,
842,330,fab1/106/3,36-37-41-42,,
843,331,fab1/106/4,36-37-41-42,,
844,332,fab1/106/5,36-37-41-42,,
845,333,fab1/106/6,36-37-41-42,,
846,334,fab1/106/7,36-37-41-42,,
847,335,fab1/106/8,36-37-41-42,,
848,336,fab1/107/1,36-37-41-42,,
849,337,fab1/107/2,36-37-41-42,,
850,338,fab1/107/3,36-37-41-42,,
851,339,fab1/107/4,36-37-41-42,,
852,340,fab1/107/5,36-37-41-42,,
853,341,fab1/107/6,36-37-41-42,,
854,342,fab1/107/7,36-37-41-42,,
855,343,fab1/107/8,36-37-41-42,,
856,344,fab1/108/1,36-37-41-42,,
857,345,fab1/108/2,36-37-41-42,,
858,346,fab1/108/3,36-37-41-42,,
859,347,fab1/108/4,36-37-41-42,,
860,348,fab1/108/5,36-37-41-42,,
861,349,fab1/108/6,36-37-41-42,,
862,350,fab1/108/7,36-37-41-42,,
863,351,fab1/108/8,36-37-41-42,,
864,352,fab1/109/1,36-37-41-42,,
865,353,fab1/109/2,36-37-41-42,,
866,354,fab1/109/3,36-37-41-42,,
867,355,fab1/109/4,36-37-41-42,,
868,356,fab1/109/5,36-37-41-42,,
869,357,fab1/109/6,36-37-41-42,,
870,358,fab1/109/7,36-37-41-42,,
871,359,fab1/109/8,36-37-41-42,,
872,360,fab1/110/1,36-37-41-42,,
873,361,fab1/110/2,36-37-41-42,,
874,362,fab1/110/3,36-37-41-42,,
875,363,fab1/110/4,36-37-41-42,,
876,364,fab1/110/5,36-37-41-42,,
877,365,fab1/110/6,36-37-41-42,,
878,366,fab1/110/7,36-37-41-42,,
879,367,fab1/110/8,36-37-41-42,,
880,368,fab1/111/1,36-37-41-42,,
881,369,fab1/111/2,36-37-41-42,,
882,370,fab1/111/3,36-37-41-42,,
883,371,fab1/111/4,36-37-41-42,,
884,372,fab1/111/5,36-37-41-42,,
885,373,fab1/111/6,36-37-41-42,,
886,374,fab1/111/7,36-37-41-42,,
887,375,fab1/111/8,36-37-41-42,,
888,376,fab1/112/1,36-37-41-42,,
889,377,fab1/112/2,36-37-41-42,,
890,378,fab1/112/3,36-37-41-42,,
891,379,fab1/112/4,36-37-41-42,,
892,380,fab1/112/5,36-37-41-42,,
893,381,fab1/112/6,36-37-41-42,,
894,382,fab1/112/7,36-37-41-42,,
895,383,fab1/112/8,36-37-41-42,,
896,384,fab1/113/1,36-37-41-42,,
897,385,fab1/113/2,36-37-41-42,,
898,386,fab1/113/3,36-37-41-42,,
899,387,fab1/113/4,36-37-41-42,,
900,388,fab1/113/5,36-37-41-42,,
901,389,fab1/113/6,36-37-41-42,,
902,390,fab1/113/7,36-37-41-42,,
903,391,fab1/113/8,36-37-41-42,,
904,392,fab1/114/1,36-37-41-42,,
905,393,fab1/114/2,36-37-41-42,,
906,394,fab1/114/3,36-37-41-42,,
907,395,fab1/114/4,36-37-41-42,,
908,396,fab1/114/5,36-37-41-42,,
909,397,fab1/114/6,36-37-41-42,,
910,398,fab1/114/7,36-37-41-42,,
911,399,fab1/114/8,36-37-41-42,,
912,400,fab1/115/1,36-37-41-42,,
913,401,fab1/115/2,36-37-41-42,,
914,402,fab1/115/3,36-37-41-42,,
915,403,fab1/115/4,36-37-41-42,,
916,404,fab1/115/5,36-37-41-42,,
917,405,fab1/115/6,36-37-41-42,,
918,406,fab1/115/7,36-37-41-42,,
919,407,fab1/115/8,36-37-41-42,,
920,408,fab1/116/1,36-37-41-42,,
921,409,fab1/116/2,36-37-41-42,,
922,410,fab1/116/3,36-37-41-42,,
923,411,fab1/116/4,36-37-41-42,,
924,412,fab1/116/5,36-37-41-42,,
925,413,fab1/116/6,36-37-41-42,,
926,414,fab1/116/7,36-37-41-42,,
927,415,fab1/116/8,36-37-41-42,,
928,416,fab1/117/1,36-37-41-42,,
929,417,fab1/117/2,36-37-41-42,,
930,418,fab1/117/3,36-37-41-42,,
931,419,fab1/117/4,36-37-41-42,,
932,420,fab1/117/5,36-37-41-42,,
933,421,fab1/117/6,36-37-41-42,,
934,422,fab1/117/7,36-37-41-42,,
935,423,fab1/117/8,36-37-41-42,,
936,424,fab1/118/1,36-37-41-42,,
937,425,fab1/118/2,36-37-41-42,,
938,426,fab1/118/3,36-37-41-42,,
939,427,fab1/118/4,36-37-41-42,,
940,428,fab1/118/5,36-37-41-42,,
941,429,fab1/118/6,36-37-41-42,,
942,430,fab1/118/7,36-37-41-42,,
943,431,fab1/118/8,36-37-41-42,,
944,432,fab1/119/1,36-37-41-42,,
945,433,fab1/119/2,36-37-41-42,,
946,434,fab1/119/3,36-37-41-42,,
947,435,fab1/119/4,36-37-41-42,,
948,436,fab1/119/5,36-37-41-42,,
949,437,fab1/119/6,36-37-41-42,,
950,438,fab1/119/7,36-37-41-42,,
951,439,fab1/119/8,36-37-41-42,,
952,440,fab1/120/1,36-37-41-42,,
953,441,fab1/120/2,36-37-41-42,,
954,442,fab1/120/3,36-37-41-42,,
955,443,fab1/120/4,36-37-41-42,,
956,444,fab1/120/5,36-37-41-42,,
957,445,fab1/120/6,36-37-41-42,,
958,446,fab1/120/7,36-37-41-42,,
959,447,fab1/120/8,36-37-41-42,,
960,448,fab1/121/1,36-37-41-42,,
961,449,fab1/121/2,36-37-41-42,,
962,450,fab1/121/3,36-37-41-42,,
963,451,fab1/121/4,36-37-41-42,,
964,452,fab1/121/5,36-37-41-42,,
965,453,fab1/121/6,36-37-41-42,,
966,454,fab1/121/7,36-37-41-42,,
967,455,fab1/121/8,36-37-41-42,,
968,456,fab1/122/1,36-37-41-42,,
969,457,fab1/122/2,36-37-41-42,,
970,458,fab1/122/3,36-37-41-42,,
971,459,fab1/122/4,36-37-41-42,,
972,460,fab1/122/5,36-37-41-42,,
973,461,fab1/122/6,36-37-41-42,,
974,462,fab1/122/7,36-37-41-42,,
975,463,fab1/122/8,36-37-41-42,,
976,464,fab1/123/1,36-37-41-42,,
977,465,fab1/123/2,36-37-41-42,,
978,466,fab1/123/3,36-37-41-42,,
979,467,fab1/123/4,36-37-41-42,,
980,468,fab1/123/5,36-37-41-42,,
981,469,fab1/123/6,36-37-41-42,,
982,470,fab1/123/7,36-37-41-42,,
983,471,fab1/123/8,36-37-41-42,,
984,472,fab1/124/1,36-37-41-42,,
985,473,fab1/124/2,36-37-41-42,,
986,474,fab1/124/3,36-37-41-42,,
987,475,fab1/124/4,36-37-41-42,,
988,476,fab1/124/5,36-37-41-42,,
989,477,fab1/124/6,36-37-41-42,,
990,478,fab1/124/7,36-37-41-42,,
991,479,fab1/124/8,36-37-41-42,,
992,480,fab1/125/1,36-37-41-42,,
993,481,fab1/125/2,36-37-41-42,,
994,482,fab1/125/3,36-37-41-42,,
995,483,fab1/125/4,36-37-41-42,,
996,484,fab1/125/5,36-37-41-42,,
997,485,fab1/125/6,36-37-41-42,,
998,486,fab1/125/7,36-37-41-42,,
999,487,fab1/125/8,36-37-41-42,,
1000,488,fab1/126/1,36-37-41-42,,
1001,489,fab1/126/2,36-37-41-42,,
1002,490,fab1/126/3,36-37-41-42,,
1003,491,fab1/126/4,36-37-41-42,,
1004,492,fab1/126/5,36-37-41-42,,
1005,493,fab1/126/6,36-37-41-42,,
1006,494,fab1/126/7,36-37-41-42,,
1007,495,fab1/126/8,36-37-41-42,,
1008,496,fab1/127/1,36-37-41-42,,
1009,497,fab1/127/2,36-37-41-42,,
1010,498,fab1/127/3,36-37-41-42,,
1011,499,fab1/127/4,36-37-41-42,,
1012,500,fab1/127/5,36-37-41-42,,
1013,501,fab1/127/6,36-37-41-42,,
1014,502,fab1/127/7,36-37-41-42,,
1015,503,fab1/127/8,36-37-41-42,,
1016,504,fab1/128/1,36-37-41-42,,
1017,505,fab1/128/2,36-37-41-42,,
1018,506,fab1/128/3,36-37-41-42,,
1019,507,fab1/128/4,36-37-41-42,,
1020,508,fab1/128/5,36-37-41-42,,
1021,509,fab1/128/6,36-37-41-42,,
1022,510,fab1/128/7,36-37-41-42,,
1023,511,fab1/128/8,36-37-41-42,,
