1,1,NPU,63,R3_FE,4,4,4,N,N,1,1,TRANSCEIVER,0,OSFP,0,0,0,N,N
1,0,NPU,0,R3_FE,4,4,4,N,N,1,1,TRANSCEIVER,0,OSFP,1,1,1,N,N
1,1,NPU,63,R3_FE,2,6,6,N,N,1,1,TRANSCEIVER,0,OSFP,2,2,2,N,N
1,0,NPU,0,R3_FE,2,6,6,N,N,1,1,TRANSCEIVER,0,OSFP,3,3,3,N,N
1,1,NPU,62,R3_FE,4,0,0,N,N,1,1,TRANSCEIVER,0,OSFP,4,4,4,N,N
1,0,NPU,1,R3_FE,4,0,0,N,N,1,1,TRANSCEIVER,0,OSFP,5,5,5,N,N
1,1,NPU,62,R3_FE,2,2,2,N,N,1,1,TRANSCEIVER,0,OSFP,6,6,6,N,N
1,0,NPU,1,R3_FE,2,2,2,N,N,1,1,TRANSCEIVER,0,OSFP,7,7,7,N,N
1,1,NPU,61,R3_FE,4,4,4,N,N,1,2,TRANSCEIVER,0,OSFP,0,0,0,N,N
1,0,NPU,2,R3_FE,4,4,4,N,N,1,2,TRANSCEIVER,0,OSFP,1,1,1,N,N
1,1,NPU,61,R3_FE,2,6,6,N,N,1,2,TRANSCEIVER,0,OSFP,2,2,2,N,N
1,0,NPU,2,R3_FE,2,6,6,N,N,1,2,TRANSCEIVER,0,OSFP,3,3,3,N,N
1,1,NPU,60,R3_FE,4,0,0,N,N,1,2,TRANSCEIVER,0,OSFP,4,4,4,N,N
1,0,NPU,3,R3_FE,4,0,0,N,N,1,2,TRANSCEIVER,0,OSFP,5,5,5,N,N
1,1,NPU,60,R3_FE,2,2,2,N,N,1,2,TRANSCEIVER,0,OSFP,6,6,6,N,N
1,0,NPU,3,R3_FE,2,2,2,N,N,1,2,TRANSCEIVER,0,OSFP,7,7,7,N,N
1,1,NPU,63,R3_FE,5,5,5,N,N,1,3,TRANSCEIVER,0,OSFP,0,0,0,N,N
1,0,NPU,0,R3_FE,5,5,5,N,N,1,3,TRANSCEIVER,0,OSFP,1,1,1,N,N
1,1,NPU,63,R3_FE,3,7,7,N,N,1,3,TRANSCEIVER,0,OSFP,2,2,2,N,N
1,0,NPU,0,R3_FE,3,7,7,N,N,1,3,TRANSCEIVER,0,OSFP,3,3,3,N,N
1,1,NPU,62,R3_FE,5,1,1,N,N,1,3,TRANSCEIVER,0,OSFP,4,4,4,N,N
1,0,NPU,1,R3_FE,5,1,1,N,N,1,3,TRANSCEIVER,0,OSFP,5,5,5,N,N
1,1,NPU,62,R3_FE,3,3,3,N,N,1,3,TRANSCEIVER,0,OSFP,6,6,6,N,N
1,0,NPU,1,R3_FE,3,3,3,N,N,1,3,TRANSCEIVER,0,OSFP,7,7,7,N,N
1,1,NPU,61,R3_FE,5,5,5,N,N,1,4,TRANSCEIVER,0,OSFP,0,0,0,N,N
1,0,NPU,2,R3_FE,5,5,5,N,N,1,4,TRANSCEIVER,0,OSFP,1,1,1,N,N
1,1,NPU,61,R3_FE,3,7,7,N,N,1,4,TRANSCEIVER,0,OSFP,2,2,2,N,N
1,0,NPU,2,R3_FE,3,7,7,N,N,1,4,TRANSCEIVER,0,OSFP,3,3,3,N,N
1,1,NPU,60,R3_FE,5,1,1,N,N,1,4,TRANSCEIVER,0,OSFP,4,4,4,N,N
1,0,NPU,3,R3_FE,5,1,1,N,N,1,4,TRANSCEIVER,0,OSFP,5,5,5,N,N
1,1,NPU,60,R3_FE,3,3,3,N,N,1,4,TRANSCEIVER,0,OSFP,6,6,6,N,N
1,0,NPU,3,R3_FE,3,3,3,N,N,1,4,TRANSCEIVER,0,OSFP,7,7,7,N,N
1,1,NPU,62,R3_FE,0,4,4,N,N,1,5,TRANSCEIVER,0,OSFP,0,0,0,N,N
1,0,NPU,1,R3_FE,0,4,4,N,N,1,5,TRANSCEIVER,0,OSFP,1,1,1,N,N
1,1,NPU,62,R3_FE,6,6,6,N,N,1,5,TRANSCEIVER,0,OSFP,2,2,2,N,N
1,0,NPU,1,R3_FE,6,6,6,N,N,1,5,TRANSCEIVER,0,OSFP,3,3,3,N,N
1,1,NPU,63,R3_FE,0,0,0,N,N,1,5,TRANSCEIVER,0,OSFP,4,4,4,N,N
1,0,NPU,0,R3_FE,0,0,0,N,N,1,5,TRANSCEIVER,0,OSFP,5,5,5,N,N
1,1,NPU,63,R3_FE,6,2,2,N,N,1,5,TRANSCEIVER,0,OSFP,6,6,6,N,N
1,0,NPU,0,R3_FE,6,2,2,N,N,1,5,TRANSCEIVER,0,OSFP,7,7,7,N,N
1,1,NPU,60,R3_FE,0,4,4,N,N,1,6,TRANSCEIVER,0,OSFP,0,0,0,N,N
1,0,NPU,3,R3_FE,0,4,4,N,N,1,6,TRANSCEIVER,0,OSFP,1,1,1,N,N
1,1,NPU,60,R3_FE,6,6,6,N,N,1,6,TRANSCEIVER,0,OSFP,2,2,2,N,N
1,0,NPU,3,R3_FE,6,6,6,N,N,1,6,TRANSCEIVER,0,OSFP,3,3,3,N,N
1,1,NPU,61,R3_FE,0,0,0,N,N,1,6,TRANSCEIVER,0,OSFP,4,4,4,N,N
1,0,NPU,2,R3_FE,0,0,0,N,N,1,6,TRANSCEIVER,0,OSFP,5,5,5,N,N
1,1,NPU,61,R3_FE,6,2,2,N,N,1,6,TRANSCEIVER,0,OSFP,6,6,6,N,N
1,0,NPU,2,R3_FE,6,2,2,N,N,1,6,TRANSCEIVER,0,OSFP,7,7,7,N,N
1,1,NPU,62,R3_FE,1,5,5,N,N,1,7,TRANSCEIVER,0,OSFP,0,0,0,N,N
1,0,NPU,1,R3_FE,1,5,5,N,N,1,7,TRANSCEIVER,0,OSFP,1,1,1,N,N
1,1,NPU,62,R3_FE,7,7,7,N,N,1,7,TRANSCEIVER,0,OSFP,2,2,2,N,N
1,0,NPU,1,R3_FE,7,7,7,N,N,1,7,TRANSCEIVER,0,OSFP,3,3,3,N,N
1,1,NPU,63,R3_FE,1,1,1,N,N,1,7,TRANSCEIVER,0,OSFP,4,4,4,N,N
1,0,NPU,0,R3_FE,1,1,1,N,N,1,7,TRANSCEIVER,0,OSFP,5,5,5,N,N
1,1,NPU,63,R3_FE,7,3,3,N,N,1,7,TRANSCEIVER,0,OSFP,6,6,6,N,N
1,0,NPU,0,R3_FE,7,3,3,N,N,1,7,TRANSCEIVER,0,OSFP,7,7,7,N,N
1,1,NPU,60,R3_FE,1,5,5,N,N,1,8,TRANSCEIVER,0,OSFP,0,0,0,N,N
1,0,NPU,3,R3_FE,1,5,5,N,N,1,8,TRANSCEIVER,0,OSFP,1,1,1,N,N
1,1,NPU,60,R3_FE,7,7,7,N,N,1,8,TRANSCEIVER,0,OSFP,2,2,2,N,N
1,0,NPU,3,R3_FE,7,7,7,N,N,1,8,TRANSCEIVER,0,OSFP,3,3,3,N,N
1,1,NPU,61,R3_FE,1,1,1,N,N,1,8,TRANSCEIVER,0,OSFP,4,4,4,N,N
1,0,NPU,2,R3_FE,1,1,1,N,N,1,8,TRANSCEIVER,0,OSFP,5,5,5,N,N
1,1,NPU,61,R3_FE,7,3,3,N,N,1,8,TRANSCEIVER,0,OSFP,6,6,6,N,N
1,0,NPU,2,R3_FE,7,3,3,N,N,1,8,TRANSCEIVER,0,OSFP,7,7,7,N,N
1,1,NPU,59,R3_FE,4,4,4,N,N,1,9,TRANSCEIVER,0,OSFP,0,0,0,N,N
1,0,NPU,4,R3_FE,4,4,4,N,N,1,9,TRANSCEIVER,0,OSFP,1,1,1,N,N
1,1,NPU,59,R3_FE,0,0,0,N,N,1,9,TRANSCEIVER,0,OSFP,2,2,2,N,N
1,0,NPU,4,R3_FE,0,0,0,N,N,1,9,TRANSCEIVER,0,OSFP,3,3,3,N,N
1,1,NPU,58,R3_FE,4,4,4,N,N,1,9,TRANSCEIVER,0,OSFP,4,4,4,N,N
1,0,NPU,5,R3_FE,4,4,4,N,N,1,9,TRANSCEIVER,0,OSFP,5,5,5,N,N
1,1,NPU,58,R3_FE,0,0,0,N,N,1,9,TRANSCEIVER,0,OSFP,6,6,6,N,N
1,0,NPU,5,R3_FE,0,0,0,N,N,1,9,TRANSCEIVER,0,OSFP,7,7,7,N,N
1,1,NPU,57,R3_FE,4,4,4,N,N,1,10,TRANSCEIVER,0,OSFP,0,0,0,N,N
1,0,NPU,6,R3_FE,4,4,4,N,N,1,10,TRANSCEIVER,0,OSFP,1,1,1,N,N
1,1,NPU,57,R3_FE,0,0,0,N,N,1,10,TRANSCEIVER,0,OSFP,2,2,2,N,N
1,0,NPU,6,R3_FE,0,0,0,N,N,1,10,TRANSCEIVER,0,OSFP,3,3,3,N,N
1,1,NPU,56,R3_FE,4,4,4,N,N,1,10,TRANSCEIVER,0,OSFP,4,4,4,N,N
1,0,NPU,7,R3_FE,4,4,4,N,N,1,10,TRANSCEIVER,0,OSFP,5,5,5,N,N
1,1,NPU,56,R3_FE,0,0,0,N,N,1,10,TRANSCEIVER,0,OSFP,6,6,6,N,N
1,0,NPU,7,R3_FE,0,0,0,N,N,1,10,TRANSCEIVER,0,OSFP,7,7,7,N,N
1,1,NPU,59,R3_FE,5,5,5,N,N,1,11,TRANSCEIVER,0,OSFP,0,0,0,N,N
1,0,NPU,4,R3_FE,5,5,5,N,N,1,11,TRANSCEIVER,0,OSFP,1,1,1,N,N
1,1,NPU,59,R3_FE,1,1,1,N,N,1,11,TRANSCEIVER,0,OSFP,2,2,2,N,N
1,0,NPU,4,R3_FE,1,1,1,N,N,1,11,TRANSCEIVER,0,OSFP,3,3,3,N,N
1,1,NPU,58,R3_FE,5,5,5,N,N,1,11,TRANSCEIVER,0,OSFP,4,4,4,N,N
1,0,NPU,5,R3_FE,5,5,5,N,N,1,11,TRANSCEIVER,0,OSFP,5,5,5,N,N
1,1,NPU,58,R3_FE,1,1,1,N,N,1,11,TRANSCEIVER,0,OSFP,6,6,6,N,N
1,0,NPU,5,R3_FE,1,1,1,N,N,1,11,TRANSCEIVER,0,OSFP,7,7,7,N,N
1,1,NPU,57,R3_FE,5,5,5,N,N,1,12,TRANSCEIVER,0,OSFP,0,0,0,N,N
1,0,NPU,6,R3_FE,5,5,5,N,N,1,12,TRANSCEIVER,0,OSFP,1,1,1,N,N
1,1,NPU,57,R3_FE,1,1,1,N,N,1,12,TRANSCEIVER,0,OSFP,2,2,2,N,N
1,0,NPU,6,R3_FE,1,1,1,N,N,1,12,TRANSCEIVER,0,OSFP,3,3,3,N,N
1,1,NPU,56,R3_FE,5,5,5,N,N,1,12,TRANSCEIVER,0,OSFP,4,4,4,N,N
1,0,NPU,7,R3_FE,5,5,5,N,N,1,12,TRANSCEIVER,0,OSFP,5,5,5,N,N
1,1,NPU,56,R3_FE,1,1,1,N,N,1,12,TRANSCEIVER,0,OSFP,6,6,6,N,N
1,0,NPU,7,R3_FE,1,1,1,N,N,1,12,TRANSCEIVER,0,OSFP,7,7,7,N,N
1,1,NPU,59,R3_FE,2,6,6,N,N,1,13,TRANSCEIVER,0,OSFP,0,0,0,N,N
1,0,NPU,4,R3_FE,2,6,6,N,N,1,13,TRANSCEIVER,0,OSFP,1,1,1,N,N
1,1,NPU,59,R3_FE,6,2,2,N,N,1,13,TRANSCEIVER,0,OSFP,2,2,2,N,N
1,0,NPU,4,R3_FE,6,2,2,N,N,1,13,TRANSCEIVER,0,OSFP,3,3,3,N,N
1,1,NPU,58,R3_FE,2,6,6,N,N,1,13,TRANSCEIVER,0,OSFP,4,4,4,N,N
1,0,NPU,5,R3_FE,2,6,6,N,N,1,13,TRANSCEIVER,0,OSFP,5,5,5,N,N
1,1,NPU,58,R3_FE,6,2,2,N,N,1,13,TRANSCEIVER,0,OSFP,6,6,6,N,N
1,0,NPU,5,R3_FE,6,2,2,N,N,1,13,TRANSCEIVER,0,OSFP,7,7,7,N,N
1,1,NPU,57,R3_FE,2,6,6,N,N,1,14,TRANSCEIVER,0,OSFP,0,0,0,N,N
1,0,NPU,6,R3_FE,2,6,6,N,N,1,14,TRANSCEIVER,0,OSFP,1,1,1,N,N
1,1,NPU,57,R3_FE,6,2,2,N,N,1,14,TRANSCEIVER,0,OSFP,2,2,2,N,N
1,0,NPU,6,R3_FE,6,2,2,N,N,1,14,TRANSCEIVER,0,OSFP,3,3,3,N,N
1,1,NPU,56,R3_FE,2,6,6,N,N,1,14,TRANSCEIVER,0,OSFP,4,4,4,N,N
1,0,NPU,7,R3_FE,2,6,6,N,N,1,14,TRANSCEIVER,0,OSFP,5,5,5,N,N
1,1,NPU,56,R3_FE,6,2,2,N,N,1,14,TRANSCEIVER,0,OSFP,6,6,6,N,N
1,0,NPU,7,R3_FE,6,2,2,N,N,1,14,TRANSCEIVER,0,OSFP,7,7,7,N,N
1,1,NPU,59,R3_FE,3,7,7,N,N,1,15,TRANSCEIVER,0,OSFP,0,0,0,N,N
1,0,NPU,4,R3_FE,3,7,7,N,N,1,15,TRANSCEIVER,0,OSFP,1,1,1,N,N
1,1,NPU,59,R3_FE,7,3,3,N,N,1,15,TRANSCEIVER,0,OSFP,2,2,2,N,N
1,0,NPU,4,R3_FE,7,3,3,N,N,1,15,TRANSCEIVER,0,OSFP,3,3,3,N,N
1,1,NPU,58,R3_FE,3,7,7,N,N,1,15,TRANSCEIVER,0,OSFP,4,4,4,N,N
1,0,NPU,5,R3_FE,3,7,7,N,N,1,15,TRANSCEIVER,0,OSFP,5,5,5,N,N
1,1,NPU,58,R3_FE,7,3,3,N,N,1,15,TRANSCEIVER,0,OSFP,6,6,6,N,N
1,0,NPU,5,R3_FE,7,3,3,N,N,1,15,TRANSCEIVER,0,OSFP,7,7,7,N,N
1,1,NPU,57,R3_FE,3,7,7,N,N,1,16,TRANSCEIVER,0,OSFP,0,0,0,N,N
1,0,NPU,6,R3_FE,3,7,7,N,N,1,16,TRANSCEIVER,0,OSFP,1,1,1,N,N
1,1,NPU,57,R3_FE,7,3,3,N,N,1,16,TRANSCEIVER,0,OSFP,2,2,2,N,N
1,0,NPU,6,R3_FE,7,3,3,N,N,1,16,TRANSCEIVER,0,OSFP,3,3,3,N,N
1,1,NPU,56,R3_FE,3,7,7,N,N,1,16,TRANSCEIVER,0,OSFP,4,4,4,N,N
1,0,NPU,7,R3_FE,3,7,7,N,N,1,16,TRANSCEIVER,0,OSFP,5,5,5,N,N
1,1,NPU,56,R3_FE,7,3,3,N,N,1,16,TRANSCEIVER,0,OSFP,6,6,6,N,N
1,0,NPU,7,R3_FE,7,3,3,N,N,1,16,TRANSCEIVER,0,OSFP,7,7,7,N,N
1,1,NPU,55,R3_FE,4,4,4,N,N,1,17,TRANSCEIVER,0,OSFP,0,0,0,N,N
1,0,NPU,8,R3_FE,4,4,4,N,N,1,17,TRANSCEIVER,0,OSFP,1,1,1,N,N
1,1,NPU,55,R3_FE,0,0,0,N,N,1,17,TRANSCEIVER,0,OSFP,2,2,2,N,N
1,0,NPU,8,R3_FE,0,0,0,N,N,1,17,TRANSCEIVER,0,OSFP,3,3,3,N,N
1,1,NPU,54,R3_FE,4,4,4,N,N,1,17,TRANSCEIVER,0,OSFP,4,4,4,N,N
1,0,NPU,9,R3_FE,4,4,4,N,N,1,17,TRANSCEIVER,0,OSFP,5,5,5,N,N
1,1,NPU,54,R3_FE,0,0,0,N,N,1,17,TRANSCEIVER,0,OSFP,6,6,6,N,N
1,0,NPU,9,R3_FE,0,0,0,N,N,1,17,TRANSCEIVER,0,OSFP,7,7,7,N,N
1,1,NPU,53,R3_FE,4,4,4,N,N,1,18,TRANSCEIVER,0,OSFP,0,0,0,N,N
1,0,NPU,10,R3_FE,4,4,4,N,N,1,18,TRANSCEIVER,0,OSFP,1,1,1,N,N
1,1,NPU,53,R3_FE,0,0,0,N,N,1,18,TRANSCEIVER,0,OSFP,2,2,2,N,N
1,0,NPU,10,R3_FE,0,0,0,N,N,1,18,TRANSCEIVER,0,OSFP,3,3,3,N,N
1,1,NPU,52,R3_FE,4,4,4,N,N,1,18,TRANSCEIVER,0,OSFP,4,4,4,N,N
1,0,NPU,11,R3_FE,4,4,4,N,N,1,18,TRANSCEIVER,0,OSFP,5,5,5,N,N
1,1,NPU,52,R3_FE,0,0,0,N,N,1,18,TRANSCEIVER,0,OSFP,6,6,6,N,N
1,0,NPU,11,R3_FE,0,0,0,N,N,1,18,TRANSCEIVER,0,OSFP,7,7,7,N,N
1,1,NPU,55,R3_FE,5,5,5,N,N,1,19,TRANSCEIVER,0,OSFP,0,0,0,N,N
1,0,NPU,8,R3_FE,5,5,5,N,N,1,19,TRANSCEIVER,0,OSFP,1,1,1,N,N
1,1,NPU,55,R3_FE,1,1,1,N,N,1,19,TRANSCEIVER,0,OSFP,2,2,2,N,N
1,0,NPU,8,R3_FE,1,1,1,N,N,1,19,TRANSCEIVER,0,OSFP,3,3,3,N,N
1,1,NPU,54,R3_FE,5,5,5,N,N,1,19,TRANSCEIVER,0,OSFP,4,4,4,N,N
1,0,NPU,9,R3_FE,5,5,5,N,N,1,19,TRANSCEIVER,0,OSFP,5,5,5,N,N
1,1,NPU,54,R3_FE,1,1,1,N,N,1,19,TRANSCEIVER,0,OSFP,6,6,6,N,N
1,0,NPU,9,R3_FE,1,1,1,N,N,1,19,TRANSCEIVER,0,OSFP,7,7,7,N,N
1,1,NPU,53,R3_FE,5,5,5,N,N,1,20,TRANSCEIVER,0,OSFP,0,0,0,N,N
1,0,NPU,10,R3_FE,5,5,5,N,N,1,20,TRANSCEIVER,0,OSFP,1,1,1,N,N
1,1,NPU,53,R3_FE,1,1,1,N,N,1,20,TRANSCEIVER,0,OSFP,2,2,2,N,N
1,0,NPU,10,R3_FE,1,1,1,N,N,1,20,TRANSCEIVER,0,OSFP,3,3,3,N,N
1,1,NPU,52,R3_FE,5,5,5,N,N,1,20,TRANSCEIVER,0,OSFP,4,4,4,N,N
1,0,NPU,11,R3_FE,5,5,5,N,N,1,20,TRANSCEIVER,0,OSFP,5,5,5,N,N
1,1,NPU,52,R3_FE,1,1,1,N,N,1,20,TRANSCEIVER,0,OSFP,6,6,6,N,N
1,0,NPU,11,R3_FE,1,1,1,N,N,1,20,TRANSCEIVER,0,OSFP,7,7,7,N,N
1,1,NPU,55,R3_FE,2,6,6,N,N,1,21,TRANSCEIVER,0,OSFP,0,0,0,N,N
1,0,NPU,8,R3_FE,2,6,6,N,N,1,21,TRANSCEIVER,0,OSFP,1,1,1,N,N
1,1,NPU,55,R3_FE,6,2,2,N,N,1,21,TRANSCEIVER,0,OSFP,2,2,2,N,N
1,0,NPU,8,R3_FE,6,2,2,N,N,1,21,TRANSCEIVER,0,OSFP,3,3,3,N,N
1,1,NPU,54,R3_FE,2,6,6,N,N,1,21,TRANSCEIVER,0,OSFP,4,4,4,N,N
1,0,NPU,9,R3_FE,2,6,6,N,N,1,21,TRANSCEIVER,0,OSFP,5,5,5,N,N
1,1,NPU,54,R3_FE,6,2,2,N,N,1,21,TRANSCEIVER,0,OSFP,6,6,6,N,N
1,0,NPU,9,R3_FE,6,2,2,N,N,1,21,TRANSCEIVER,0,OSFP,7,7,7,N,N
1,1,NPU,53,R3_FE,2,6,6,N,N,1,22,TRANSCEIVER,0,OSFP,0,0,0,N,N
1,0,NPU,10,R3_FE,2,6,6,N,N,1,22,TRANSCEIVER,0,OSFP,1,1,1,N,N
1,1,NPU,53,R3_FE,6,2,2,N,N,1,22,TRANSCEIVER,0,OSFP,2,2,2,N,N
1,0,NPU,10,R3_FE,6,2,2,N,N,1,22,TRANSCEIVER,0,OSFP,3,3,3,N,N
1,1,NPU,52,R3_FE,2,6,6,N,N,1,22,TRANSCEIVER,0,OSFP,4,4,4,N,N
1,0,NPU,11,R3_FE,2,6,6,N,N,1,22,TRANSCEIVER,0,OSFP,5,5,5,N,N
1,1,NPU,52,R3_FE,6,2,2,N,N,1,22,TRANSCEIVER,0,OSFP,6,6,6,N,N
1,0,NPU,11,R3_FE,6,2,2,N,N,1,22,TRANSCEIVER,0,OSFP,7,7,7,N,N
1,1,NPU,55,R3_FE,3,7,7,N,N,1,23,TRANSCEIVER,0,OSFP,0,0,0,N,N
1,0,NPU,8,R3_FE,3,7,7,N,N,1,23,TRANSCEIVER,0,OSFP,1,1,1,N,N
1,1,NPU,55,R3_FE,7,3,3,N,N,1,23,TRANSCEIVER,0,OSFP,2,2,2,N,N
1,0,NPU,8,R3_FE,7,3,3,N,N,1,23,TRANSCEIVER,0,OSFP,3,3,3,N,N
1,1,NPU,54,R3_FE,3,7,7,N,N,1,23,TRANSCEIVER,0,OSFP,4,4,4,N,N
1,0,NPU,9,R3_FE,3,7,7,N,N,1,23,TRANSCEIVER,0,OSFP,5,5,5,N,N
1,1,NPU,54,R3_FE,7,3,3,N,N,1,23,TRANSCEIVER,0,OSFP,6,6,6,N,N
1,0,NPU,9,R3_FE,7,3,3,N,N,1,23,TRANSCEIVER,0,OSFP,7,7,7,N,N
1,1,NPU,53,R3_FE,3,7,7,N,N,1,24,TRANSCEIVER,0,OSFP,0,0,0,N,N
1,0,NPU,10,R3_FE,3,7,7,N,N,1,24,TRANSCEIVER,0,OSFP,1,1,1,N,N
1,1,NPU,53,R3_FE,7,3,3,N,N,1,24,TRANSCEIVER,0,OSFP,2,2,2,N,N
1,0,NPU,10,R3_FE,7,3,3,N,N,1,24,TRANSCEIVER,0,OSFP,3,3,3,N,N
1,1,NPU,52,R3_FE,3,7,7,N,N,1,24,TRANSCEIVER,0,OSFP,4,4,4,N,N
1,0,NPU,11,R3_FE,3,7,7,N,N,1,24,TRANSCEIVER,0,OSFP,5,5,5,N,N
1,1,NPU,52,R3_FE,7,3,3,N,N,1,24,TRANSCEIVER,0,OSFP,6,6,6,N,N
1,0,NPU,11,R3_FE,7,3,3,N,N,1,24,TRANSCEIVER,0,OSFP,7,7,7,N,N
1,1,NPU,51,R3_FE,4,4,4,N,N,1,25,TRANSCEIVER,0,OSFP,0,0,0,N,N
1,0,NPU,12,R3_FE,4,4,4,N,N,1,25,TRANSCEIVER,0,OSFP,1,1,1,N,N
1,1,NPU,51,R3_FE,0,0,0,N,N,1,25,TRANSCEIVER,0,OSFP,2,2,2,N,N
1,0,NPU,12,R3_FE,0,0,0,N,N,1,25,TRANSCEIVER,0,OSFP,3,3,3,N,N
1,1,NPU,50,R3_FE,4,4,4,N,N,1,25,TRANSCEIVER,0,OSFP,4,4,4,N,N
1,0,NPU,13,R3_FE,4,4,4,N,N,1,25,TRANSCEIVER,0,OSFP,5,5,5,N,N
1,1,NPU,50,R3_FE,0,0,0,N,N,1,25,TRANSCEIVER,0,OSFP,6,6,6,N,N
1,0,NPU,13,R3_FE,0,0,0,N,N,1,25,TRANSCEIVER,0,OSFP,7,7,7,N,N
1,1,NPU,49,R3_FE,4,4,4,N,N,1,26,TRANSCEIVER,0,OSFP,0,0,0,N,N
1,0,NPU,14,R3_FE,4,4,4,N,N,1,26,TRANSCEIVER,0,OSFP,1,1,1,N,N
1,1,NPU,49,R3_FE,0,0,0,N,N,1,26,TRANSCEIVER,0,OSFP,2,2,2,N,N
1,0,NPU,14,R3_FE,0,0,0,N,N,1,26,TRANSCEIVER,0,OSFP,3,3,3,N,N
1,1,NPU,48,R3_FE,4,4,4,N,N,1,26,TRANSCEIVER,0,OSFP,4,4,4,N,N
1,0,NPU,15,R3_FE,4,4,4,N,N,1,26,TRANSCEIVER,0,OSFP,5,5,5,N,N
1,1,NPU,48,R3_FE,0,0,0,N,N,1,26,TRANSCEIVER,0,OSFP,6,6,6,N,N
1,0,NPU,15,R3_FE,0,0,0,N,N,1,26,TRANSCEIVER,0,OSFP,7,7,7,N,N
1,1,NPU,51,R3_FE,5,5,5,N,N,1,27,TRANSCEIVER,0,OSFP,0,0,0,N,N
1,0,NPU,12,R3_FE,5,5,5,N,N,1,27,TRANSCEIVER,0,OSFP,1,1,1,N,N
1,1,NPU,51,R3_FE,1,1,1,N,N,1,27,TRANSCEIVER,0,OSFP,2,2,2,N,N
1,0,NPU,12,R3_FE,1,1,1,N,N,1,27,TRANSCEIVER,0,OSFP,3,3,3,N,N
1,1,NPU,50,R3_FE,5,5,5,N,N,1,27,TRANSCEIVER,0,OSFP,4,4,4,N,N
1,0,NPU,13,R3_FE,5,5,5,N,N,1,27,TRANSCEIVER,0,OSFP,5,5,5,N,N
1,1,NPU,50,R3_FE,1,1,1,N,N,1,27,TRANSCEIVER,0,OSFP,6,6,6,N,N
1,0,NPU,13,R3_FE,1,1,1,N,N,1,27,TRANSCEIVER,0,OSFP,7,7,7,N,N
1,1,NPU,49,R3_FE,5,5,5,N,N,1,28,TRANSCEIVER,0,OSFP,0,0,0,N,N
1,0,NPU,14,R3_FE,5,5,5,N,N,1,28,TRANSCEIVER,0,OSFP,1,1,1,N,N
1,1,NPU,49,R3_FE,1,1,1,N,N,1,28,TRANSCEIVER,0,OSFP,2,2,2,N,N
1,0,NPU,14,R3_FE,1,1,1,N,N,1,28,TRANSCEIVER,0,OSFP,3,3,3,N,N
1,1,NPU,48,R3_FE,5,5,5,N,N,1,28,TRANSCEIVER,0,OSFP,4,4,4,N,N
1,0,NPU,15,R3_FE,5,5,5,N,N,1,28,TRANSCEIVER,0,OSFP,5,5,5,N,N
1,1,NPU,48,R3_FE,1,1,1,N,N,1,28,TRANSCEIVER,0,OSFP,6,6,6,N,N
1,0,NPU,15,R3_FE,1,1,1,N,N,1,28,TRANSCEIVER,0,OSFP,7,7,7,N,N
1,1,NPU,51,R3_FE,2,6,6,N,N,1,29,TRANSCEIVER,0,OSFP,0,0,0,N,N
1,0,NPU,12,R3_FE,2,6,6,N,N,1,29,TRANSCEIVER,0,OSFP,1,1,1,N,N
1,1,NPU,51,R3_FE,6,2,2,N,N,1,29,TRANSCEIVER,0,OSFP,2,2,2,N,N
1,0,NPU,12,R3_FE,6,2,2,N,N,1,29,TRANSCEIVER,0,OSFP,3,3,3,N,N
1,1,NPU,50,R3_FE,2,6,6,N,N,1,29,TRANSCEIVER,0,OSFP,4,4,4,N,N
1,0,NPU,13,R3_FE,2,6,6,N,N,1,29,TRANSCEIVER,0,OSFP,5,5,5,N,N
1,1,NPU,50,R3_FE,6,2,2,N,N,1,29,TRANSCEIVER,0,OSFP,6,6,6,N,N
1,0,NPU,13,R3_FE,6,2,2,N,N,1,29,TRANSCEIVER,0,OSFP,7,7,7,N,N
1,1,NPU,49,R3_FE,2,6,6,N,N,1,30,TRANSCEIVER,0,OSFP,0,0,0,N,N
1,0,NPU,14,R3_FE,2,6,6,N,N,1,30,TRANSCEIVER,0,OSFP,1,1,1,N,N
1,1,NPU,49,R3_FE,6,2,2,N,N,1,30,TRANSCEIVER,0,OSFP,2,2,2,N,N
1,0,NPU,14,R3_FE,6,2,2,N,N,1,30,TRANSCEIVER,0,OSFP,3,3,3,N,N
1,1,NPU,48,R3_FE,2,6,6,N,N,1,30,TRANSCEIVER,0,OSFP,4,4,4,N,N
1,0,NPU,15,R3_FE,2,6,6,N,N,1,30,TRANSCEIVER,0,OSFP,5,5,5,N,N
1,1,NPU,48,R3_FE,6,2,2,N,N,1,30,TRANSCEIVER,0,OSFP,6,6,6,N,N
1,0,NPU,15,R3_FE,6,2,2,N,N,1,30,TRANSCEIVER,0,OSFP,7,7,7,N,N
1,1,NPU,51,R3_FE,3,7,7,N,N,1,31,TRANSCEIVER,0,OSFP,0,0,0,N,N
1,0,NPU,12,R3_FE,3,7,7,N,N,1,31,TRANSCEIVER,0,OSFP,1,1,1,N,N
1,1,NPU,51,R3_FE,7,3,3,N,N,1,31,TRANSCEIVER,0,OSFP,2,2,2,N,N
1,0,NPU,12,R3_FE,7,3,3,N,N,1,31,TRANSCEIVER,0,OSFP,3,3,3,N,N
1,1,NPU,50,R3_FE,3,7,7,N,N,1,31,TRANSCEIVER,0,OSFP,4,4,4,N,N
1,0,NPU,13,R3_FE,3,7,7,N,N,1,31,TRANSCEIVER,0,OSFP,5,5,5,N,N
1,1,NPU,50,R3_FE,7,3,3,N,N,1,31,TRANSCEIVER,0,OSFP,6,6,6,N,N
1,0,NPU,13,R3_FE,7,3,3,N,N,1,31,TRANSCEIVER,0,OSFP,7,7,7,N,N
1,1,NPU,49,R3_FE,3,7,7,N,N,1,32,TRANSCEIVER,0,OSFP,0,0,0,N,N
1,0,NPU,14,R3_FE,3,7,7,N,N,1,32,TRANSCEIVER,0,OSFP,1,1,1,N,N
1,1,NPU,49,R3_FE,7,3,3,N,N,1,32,TRANSCEIVER,0,OSFP,2,2,2,N,N
1,0,NPU,14,R3_FE,7,3,3,N,N,1,32,TRANSCEIVER,0,OSFP,3,3,3,N,N
1,1,NPU,48,R3_FE,3,7,7,N,N,1,32,TRANSCEIVER,0,OSFP,4,4,4,N,N
1,0,NPU,15,R3_FE,3,7,7,N,N,1,32,TRANSCEIVER,0,OSFP,5,5,5,N,N
1,1,NPU,48,R3_FE,7,3,3,N,N,1,32,TRANSCEIVER,0,OSFP,6,6,6,N,N
1,0,NPU,15,R3_FE,7,3,3,N,N,1,32,TRANSCEIVER,0,OSFP,7,7,7,N,N
1,1,NPU,47,R3_FE,4,0,0,N,N,1,33,TRANSCEIVER,0,OSFP,0,0,0,N,N
1,0,NPU,16,R3_FE,4,0,0,N,N,1,33,TRANSCEIVER,0,OSFP,1,1,1,N,N
1,1,NPU,47,R3_FE,0,4,4,N,N,1,33,TRANSCEIVER,0,OSFP,2,2,2,N,N
1,0,NPU,16,R3_FE,0,4,4,N,N,1,33,TRANSCEIVER,0,OSFP,3,3,3,N,N
1,1,NPU,46,R3_FE,4,0,0,N,N,1,33,TRANSCEIVER,0,OSFP,4,4,4,N,N
1,0,NPU,17,R3_FE,4,0,0,N,N,1,33,TRANSCEIVER,0,OSFP,5,5,5,N,N
1,1,NPU,46,R3_FE,0,4,4,N,N,1,33,TRANSCEIVER,0,OSFP,6,6,6,N,N
1,0,NPU,17,R3_FE,0,4,4,N,N,1,33,TRANSCEIVER,0,OSFP,7,7,7,N,N
1,1,NPU,45,R3_FE,4,0,0,N,N,1,34,TRANSCEIVER,0,OSFP,0,0,0,N,N
1,0,NPU,18,R3_FE,4,0,0,N,N,1,34,TRANSCEIVER,0,OSFP,1,1,1,N,N
1,1,NPU,45,R3_FE,0,4,4,N,N,1,34,TRANSCEIVER,0,OSFP,2,2,2,N,N
1,0,NPU,18,R3_FE,0,4,4,N,N,1,34,TRANSCEIVER,0,OSFP,3,3,3,N,N
1,1,NPU,44,R3_FE,4,0,0,N,N,1,34,TRANSCEIVER,0,OSFP,4,4,4,N,N
1,0,NPU,19,R3_FE,4,0,0,N,N,1,34,TRANSCEIVER,0,OSFP,5,5,5,N,N
1,1,NPU,44,R3_FE,0,4,4,N,N,1,34,TRANSCEIVER,0,OSFP,6,6,6,N,N
1,0,NPU,19,R3_FE,0,4,4,N,N,1,34,TRANSCEIVER,0,OSFP,7,7,7,N,N
1,1,NPU,47,R3_FE,5,1,1,N,N,1,35,TRANSCEIVER,0,OSFP,0,0,0,N,N
1,0,NPU,16,R3_FE,5,1,1,N,N,1,35,TRANSCEIVER,0,OSFP,1,1,1,N,N
1,1,NPU,47,R3_FE,1,5,5,N,N,1,35,TRANSCEIVER,0,OSFP,2,2,2,N,N
1,0,NPU,16,R3_FE,1,5,5,N,N,1,35,TRANSCEIVER,0,OSFP,3,3,3,N,N
1,1,NPU,46,R3_FE,5,1,1,N,N,1,35,TRANSCEIVER,0,OSFP,4,4,4,N,N
1,0,NPU,17,R3_FE,5,1,1,N,N,1,35,TRANSCEIVER,0,OSFP,5,5,5,N,N
1,1,NPU,46,R3_FE,1,5,5,N,N,1,35,TRANSCEIVER,0,OSFP,6,6,6,N,N
1,0,NPU,17,R3_FE,1,5,5,N,N,1,35,TRANSCEIVER,0,OSFP,7,7,7,N,N
1,1,NPU,45,R3_FE,5,1,1,N,N,1,36,TRANSCEIVER,0,OSFP,0,0,0,N,N
1,0,NPU,18,R3_FE,5,1,1,N,N,1,36,TRANSCEIVER,0,OSFP,1,1,1,N,N
1,1,NPU,45,R3_FE,1,5,5,N,N,1,36,TRANSCEIVER,0,OSFP,2,2,2,N,N
1,0,NPU,18,R3_FE,1,5,5,N,N,1,36,TRANSCEIVER,0,OSFP,3,3,3,N,N
1,1,NPU,44,R3_FE,5,1,1,N,N,1,36,TRANSCEIVER,0,OSFP,4,4,4,N,N
1,0,NPU,19,R3_FE,5,1,1,N,N,1,36,TRANSCEIVER,0,OSFP,5,5,5,N,N
1,1,NPU,44,R3_FE,1,5,5,N,N,1,36,TRANSCEIVER,0,OSFP,6,6,6,N,N
1,0,NPU,19,R3_FE,1,5,5,N,N,1,36,TRANSCEIVER,0,OSFP,7,7,7,N,N
1,1,NPU,47,R3_FE,2,2,2,N,N,1,37,TRANSCEIVER,0,OSFP,0,0,0,N,N
1,0,NPU,16,R3_FE,2,2,2,N,N,1,37,TRANSCEIVER,0,OSFP,1,1,1,N,N
1,1,NPU,47,R3_FE,6,6,6,N,N,1,37,TRANSCEIVER,0,OSFP,2,2,2,N,N
1,0,NPU,16,R3_FE,6,6,6,N,N,1,37,TRANSCEIVER,0,OSFP,3,3,3,N,N
1,1,NPU,46,R3_FE,2,2,2,N,N,1,37,TRANSCEIVER,0,OSFP,4,4,4,N,N
1,0,NPU,17,R3_FE,2,2,2,N,N,1,37,TRANSCEIVER,0,OSFP,5,5,5,N,N
1,1,NPU,46,R3_FE,6,6,6,N,N,1,37,TRANSCEIVER,0,OSFP,6,6,6,N,N
1,0,NPU,17,R3_FE,6,6,6,N,N,1,37,TRANSCEIVER,0,OSFP,7,7,7,N,N
1,1,NPU,45,R3_FE,2,2,2,N,N,1,38,TRANSCEIVER,0,OSFP,0,0,0,N,N
1,0,NPU,18,R3_FE,2,2,2,N,N,1,38,TRANSCEIVER,0,OSFP,1,1,1,N,N
1,1,NPU,45,R3_FE,6,6,6,N,N,1,38,TRANSCEIVER,0,OSFP,2,2,2,N,N
1,0,NPU,18,R3_FE,6,6,6,N,N,1,38,TRANSCEIVER,0,OSFP,3,3,3,N,N
1,1,NPU,44,R3_FE,2,2,2,N,N,1,38,TRANSCEIVER,0,OSFP,4,4,4,N,N
1,0,NPU,19,R3_FE,2,2,2,N,N,1,38,TRANSCEIVER,0,OSFP,5,5,5,N,N
1,1,NPU,44,R3_FE,6,6,6,N,N,1,38,TRANSCEIVER,0,OSFP,6,6,6,N,N
1,0,NPU,19,R3_FE,6,6,6,N,N,1,38,TRANSCEIVER,0,OSFP,7,7,7,N,N
1,1,NPU,47,R3_FE,3,3,3,N,N,1,39,TRANSCEIVER,0,OSFP,0,0,0,N,N
1,0,NPU,16,R3_FE,3,3,3,N,N,1,39,TRANSCEIVER,0,OSFP,1,1,1,N,N
1,1,NPU,47,R3_FE,7,7,7,N,N,1,39,TRANSCEIVER,0,OSFP,2,2,2,N,N
1,0,NPU,16,R3_FE,7,7,7,N,N,1,39,TRANSCEIVER,0,OSFP,3,3,3,N,N
1,1,NPU,46,R3_FE,3,3,3,N,N,1,39,TRANSCEIVER,0,OSFP,4,4,4,N,N
1,0,NPU,17,R3_FE,3,3,3,N,N,1,39,TRANSCEIVER,0,OSFP,5,5,5,N,N
1,1,NPU,46,R3_FE,7,7,7,N,N,1,39,TRANSCEIVER,0,OSFP,6,6,6,N,N
1,0,NPU,17,R3_FE,7,7,7,N,N,1,39,TRANSCEIVER,0,OSFP,7,7,7,N,N
1,1,NPU,45,R3_FE,3,3,3,N,N,1,40,TRANSCEIVER,0,OSFP,0,0,0,N,N
1,0,NPU,18,R3_FE,3,3,3,N,N,1,40,TRANSCEIVER,0,OSFP,1,1,1,N,N
1,1,NPU,45,R3_FE,7,7,7,N,N,1,40,TRANSCEIVER,0,OSFP,2,2,2,N,N
1,0,NPU,18,R3_FE,7,7,7,N,N,1,40,TRANSCEIVER,0,OSFP,3,3,3,N,N
1,1,NPU,44,R3_FE,3,3,3,N,N,1,40,TRANSCEIVER,0,OSFP,4,4,4,N,N
1,0,NPU,19,R3_FE,3,3,3,N,N,1,40,TRANSCEIVER,0,OSFP,5,5,5,N,N
1,1,NPU,44,R3_FE,7,7,7,N,N,1,40,TRANSCEIVER,0,OSFP,6,6,6,N,N
1,0,NPU,19,R3_FE,7,7,7,N,N,1,40,TRANSCEIVER,0,OSFP,7,7,7,N,N
1,1,NPU,43,R3_FE,4,0,0,N,N,1,41,TRANSCEIVER,0,OSFP,0,0,0,N,N
1,0,NPU,20,R3_FE,4,0,0,N,N,1,41,TRANSCEIVER,0,OSFP,1,1,1,N,N
1,1,NPU,43,R3_FE,0,4,4,N,N,1,41,TRANSCEIVER,0,OSFP,2,2,2,N,N
1,0,NPU,20,R3_FE,0,4,4,N,N,1,41,TRANSCEIVER,0,OSFP,3,3,3,N,N
1,1,NPU,42,R3_FE,4,0,0,N,N,1,41,TRANSCEIVER,0,OSFP,4,4,4,N,N
1,0,NPU,21,R3_FE,4,0,0,N,N,1,41,TRANSCEIVER,0,OSFP,5,5,5,N,N
1,1,NPU,42,R3_FE,0,4,4,N,N,1,41,TRANSCEIVER,0,OSFP,6,6,6,N,N
1,0,NPU,21,R3_FE,0,4,4,N,N,1,41,TRANSCEIVER,0,OSFP,7,7,7,N,N
1,1,NPU,41,R3_FE,4,0,0,N,N,1,42,TRANSCEIVER,0,OSFP,0,0,0,N,N
1,0,NPU,22,R3_FE,4,0,0,N,N,1,42,TRANSCEIVER,0,OSFP,1,1,1,N,N
1,1,NPU,41,R3_FE,0,4,4,N,N,1,42,TRANSCEIVER,0,OSFP,2,2,2,N,N
1,0,NPU,22,R3_FE,0,4,4,N,N,1,42,TRANSCEIVER,0,OSFP,3,3,3,N,N
1,1,NPU,40,R3_FE,4,0,0,N,N,1,42,TRANSCEIVER,0,OSFP,4,4,4,N,N
1,0,NPU,23,R3_FE,4,0,0,N,N,1,42,TRANSCEIVER,0,OSFP,5,5,5,N,N
1,1,NPU,40,R3_FE,0,4,4,N,N,1,42,TRANSCEIVER,0,OSFP,6,6,6,N,N
1,0,NPU,23,R3_FE,0,4,4,N,N,1,42,TRANSCEIVER,0,OSFP,7,7,7,N,N
1,1,NPU,43,R3_FE,5,1,1,N,N,1,43,TRANSCEIVER,0,OSFP,0,0,0,N,N
1,0,NPU,20,R3_FE,5,1,1,N,N,1,43,TRANSCEIVER,0,OSFP,1,1,1,N,N
1,1,NPU,43,R3_FE,1,5,5,N,N,1,43,TRANSCEIVER,0,OSFP,2,2,2,N,N
1,0,NPU,20,R3_FE,1,5,5,N,N,1,43,TRANSCEIVER,0,OSFP,3,3,3,N,N
1,1,NPU,42,R3_FE,5,1,1,N,N,1,43,TRANSCEIVER,0,OSFP,4,4,4,N,N
1,0,NPU,21,R3_FE,5,1,1,N,N,1,43,TRANSCEIVER,0,OSFP,5,5,5,N,N
1,1,NPU,42,R3_FE,1,5,5,N,N,1,43,TRANSCEIVER,0,OSFP,6,6,6,N,N
1,0,NPU,21,R3_FE,1,5,5,N,N,1,43,TRANSCEIVER,0,OSFP,7,7,7,N,N
1,1,NPU,41,R3_FE,5,1,1,N,N,1,44,TRANSCEIVER,0,OSFP,0,0,0,N,N
1,0,NPU,22,R3_FE,5,1,1,N,N,1,44,TRANSCEIVER,0,OSFP,1,1,1,N,N
1,1,NPU,41,R3_FE,1,5,5,N,N,1,44,TRANSCEIVER,0,OSFP,2,2,2,N,N
1,0,NPU,22,R3_FE,1,5,5,N,N,1,44,TRANSCEIVER,0,OSFP,3,3,3,N,N
1,1,NPU,40,R3_FE,5,1,1,N,N,1,44,TRANSCEIVER,0,OSFP,4,4,4,N,N
1,0,NPU,23,R3_FE,5,1,1,N,N,1,44,TRANSCEIVER,0,OSFP,5,5,5,N,N
1,1,NPU,40,R3_FE,1,5,5,N,N,1,44,TRANSCEIVER,0,OSFP,6,6,6,N,N
1,0,NPU,23,R3_FE,1,5,5,N,N,1,44,TRANSCEIVER,0,OSFP,7,7,7,N,N
1,1,NPU,43,R3_FE,2,2,2,N,N,1,45,TRANSCEIVER,0,OSFP,0,0,0,N,N
1,0,NPU,20,R3_FE,2,2,2,N,N,1,45,TRANSCEIVER,0,OSFP,1,1,1,N,N
1,1,NPU,43,R3_FE,6,6,6,N,N,1,45,TRANSCEIVER,0,OSFP,2,2,2,N,N
1,0,NPU,20,R3_FE,6,6,6,N,N,1,45,TRANSCEIVER,0,OSFP,3,3,3,N,N
1,1,NPU,42,R3_FE,2,2,2,N,N,1,45,TRANSCEIVER,0,OSFP,4,4,4,N,N
1,0,NPU,21,R3_FE,2,2,2,N,N,1,45,TRANSCEIVER,0,OSFP,5,5,5,N,N
1,1,NPU,42,R3_FE,6,6,6,N,N,1,45,TRANSCEIVER,0,OSFP,6,6,6,N,N
1,0,NPU,21,R3_FE,6,6,6,N,N,1,45,TRANSCEIVER,0,OSFP,7,7,7,N,N
1,1,NPU,41,R3_FE,2,2,2,N,N,1,46,TRANSCEIVER,0,OSFP,0,0,0,N,N
1,0,NPU,22,R3_FE,2,2,2,N,N,1,46,TRANSCEIVER,0,OSFP,1,1,1,N,N
1,1,NPU,41,R3_FE,6,6,6,N,N,1,46,TRANSCEIVER,0,OSFP,2,2,2,N,N
1,0,NPU,22,R3_FE,6,6,6,N,N,1,46,TRANSCEIVER,0,OSFP,3,3,3,N,N
1,1,NPU,40,R3_FE,2,2,2,N,N,1,46,TRANSCEIVER,0,OSFP,4,4,4,N,N
1,0,NPU,23,R3_FE,2,2,2,N,N,1,46,TRANSCEIVER,0,OSFP,5,5,5,N,N
1,1,NPU,40,R3_FE,6,6,6,N,N,1,46,TRANSCEIVER,0,OSFP,6,6,6,N,N
1,0,NPU,23,R3_FE,6,6,6,N,N,1,46,TRANSCEIVER,0,OSFP,7,7,7,N,N
1,1,NPU,43,R3_FE,3,3,3,N,N,1,47,TRANSCEIVER,0,OSFP,0,0,0,N,N
1,0,NPU,20,R3_FE,3,3,3,N,N,1,47,TRANSCEIVER,0,OSFP,1,1,1,N,N
1,1,NPU,43,R3_FE,7,7,7,N,N,1,47,TRANSCEIVER,0,OSFP,2,2,2,N,N
1,0,NPU,20,R3_FE,7,7,7,N,N,1,47,TRANSCEIVER,0,OSFP,3,3,3,N,N
1,1,NPU,42,R3_FE,3,3,3,N,N,1,47,TRANSCEIVER,0,OSFP,4,4,4,N,N
1,0,NPU,21,R3_FE,3,3,3,N,N,1,47,TRANSCEIVER,0,OSFP,5,5,5,N,N
1,1,NPU,42,R3_FE,7,7,7,N,N,1,47,TRANSCEIVER,0,OSFP,6,6,6,N,N
1,0,NPU,21,R3_FE,7,7,7,N,N,1,47,TRANSCEIVER,0,OSFP,7,7,7,N,N
1,1,NPU,41,R3_FE,3,3,3,N,N,1,48,TRANSCEIVER,0,OSFP,0,0,0,N,N
1,0,NPU,22,R3_FE,3,3,3,N,N,1,48,TRANSCEIVER,0,OSFP,1,1,1,N,N
1,1,NPU,41,R3_FE,7,7,7,N,N,1,48,TRANSCEIVER,0,OSFP,2,2,2,N,N
1,0,NPU,22,R3_FE,7,7,7,N,N,1,48,TRANSCEIVER,0,OSFP,3,3,3,N,N
1,1,NPU,40,R3_FE,3,3,3,N,N,1,48,TRANSCEIVER,0,OSFP,4,4,4,N,N
1,0,NPU,23,R3_FE,3,3,3,N,N,1,48,TRANSCEIVER,0,OSFP,5,5,5,N,N
1,1,NPU,40,R3_FE,7,7,7,N,N,1,48,TRANSCEIVER,0,OSFP,6,6,6,N,N
1,0,NPU,23,R3_FE,7,7,7,N,N,1,48,TRANSCEIVER,0,OSFP,7,7,7,N,N
1,1,NPU,39,R3_FE,4,0,0,N,N,1,49,TRANSCEIVER,0,OSFP,0,0,0,N,N
1,0,NPU,24,R3_FE,4,0,0,N,N,1,49,TRANSCEIVER,0,OSFP,1,1,1,N,N
1,1,NPU,39,R3_FE,0,4,4,N,N,1,49,TRANSCEIVER,0,OSFP,2,2,2,N,N
1,0,NPU,24,R3_FE,0,4,4,N,N,1,49,TRANSCEIVER,0,OSFP,3,3,3,N,N
1,1,NPU,38,R3_FE,4,0,0,N,N,1,49,TRANSCEIVER,0,OSFP,4,4,4,N,N
1,0,NPU,25,R3_FE,4,0,0,N,N,1,49,TRANSCEIVER,0,OSFP,5,5,5,N,N
1,1,NPU,38,R3_FE,0,4,4,N,N,1,49,TRANSCEIVER,0,OSFP,6,6,6,N,N
1,0,NPU,25,R3_FE,0,4,4,N,N,1,49,TRANSCEIVER,0,OSFP,7,7,7,N,N
1,1,NPU,37,R3_FE,4,0,0,N,N,1,50,TRANSCEIVER,0,OSFP,0,0,0,N,N
1,0,NPU,26,R3_FE,4,0,0,N,N,1,50,TRANSCEIVER,0,OSFP,1,1,1,N,N
1,1,NPU,37,R3_FE,0,4,4,N,N,1,50,TRANSCEIVER,0,OSFP,2,2,2,N,N
1,0,NPU,26,R3_FE,0,4,4,N,N,1,50,TRANSCEIVER,0,OSFP,3,3,3,N,N
1,1,NPU,36,R3_FE,4,0,0,N,N,1,50,TRANSCEIVER,0,OSFP,4,4,4,N,N
1,0,NPU,27,R3_FE,4,0,0,N,N,1,50,TRANSCEIVER,0,OSFP,5,5,5,N,N
1,1,NPU,36,R3_FE,0,4,4,N,N,1,50,TRANSCEIVER,0,OSFP,6,6,6,N,N
1,0,NPU,27,R3_FE,0,4,4,N,N,1,50,TRANSCEIVER,0,OSFP,7,7,7,N,N
1,1,NPU,39,R3_FE,5,1,1,N,N,1,51,TRANSCEIVER,0,OSFP,0,0,0,N,N
1,0,NPU,24,R3_FE,5,1,1,N,N,1,51,TRANSCEIVER,0,OSFP,1,1,1,N,N
1,1,NPU,39,R3_FE,1,5,5,N,N,1,51,TRANSCEIVER,0,OSFP,2,2,2,N,N
1,0,NPU,24,R3_FE,1,5,5,N,N,1,51,TRANSCEIVER,0,OSFP,3,3,3,N,N
1,1,NPU,38,R3_FE,5,1,1,N,N,1,51,TRANSCEIVER,0,OSFP,4,4,4,N,N
1,0,NPU,25,R3_FE,5,1,1,N,N,1,51,TRANSCEIVER,0,OSFP,5,5,5,N,N
1,1,NPU,38,R3_FE,1,5,5,N,N,1,51,TRANSCEIVER,0,OSFP,6,6,6,N,N
1,0,NPU,25,R3_FE,1,5,5,N,N,1,51,TRANSCEIVER,0,OSFP,7,7,7,N,N
1,1,NPU,37,R3_FE,5,1,1,N,N,1,52,TRANSCEIVER,0,OSFP,0,0,0,N,N
1,0,NPU,26,R3_FE,5,1,1,N,N,1,52,TRANSCEIVER,0,OSFP,1,1,1,N,N
1,1,NPU,37,R3_FE,1,5,5,N,N,1,52,TRANSCEIVER,0,OSFP,2,2,2,N,N
1,0,NPU,26,R3_FE,1,5,5,N,N,1,52,TRANSCEIVER,0,OSFP,3,3,3,N,N
1,1,NPU,36,R3_FE,5,1,1,N,N,1,52,TRANSCEIVER,0,OSFP,4,4,4,N,N
1,0,NPU,27,R3_FE,5,1,1,N,N,1,52,TRANSCEIVER,0,OSFP,5,5,5,N,N
1,1,NPU,36,R3_FE,1,5,5,N,N,1,52,TRANSCEIVER,0,OSFP,6,6,6,N,N
1,0,NPU,27,R3_FE,1,5,5,N,N,1,52,TRANSCEIVER,0,OSFP,7,7,7,N,N
1,1,NPU,39,R3_FE,2,2,2,N,N,1,53,TRANSCEIVER,0,OSFP,0,0,0,N,N
1,0,NPU,24,R3_FE,2,2,2,N,N,1,53,TRANSCEIVER,0,OSFP,1,1,1,N,N
1,1,NPU,39,R3_FE,6,6,6,N,N,1,53,TRANSCEIVER,0,OSFP,2,2,2,N,N
1,0,NPU,24,R3_FE,6,6,6,N,N,1,53,TRANSCEIVER,0,OSFP,3,3,3,N,N
1,1,NPU,38,R3_FE,2,2,2,N,N,1,53,TRANSCEIVER,0,OSFP,4,4,4,N,N
1,0,NPU,25,R3_FE,2,2,2,N,N,1,53,TRANSCEIVER,0,OSFP,5,5,5,N,N
1,1,NPU,38,R3_FE,6,6,6,N,N,1,53,TRANSCEIVER,0,OSFP,6,6,6,N,N
1,0,NPU,25,R3_FE,6,6,6,N,N,1,53,TRANSCEIVER,0,OSFP,7,7,7,N,N
1,1,NPU,37,R3_FE,2,2,2,N,N,1,54,TRANSCEIVER,0,OSFP,0,0,0,N,N
1,0,NPU,26,R3_FE,2,2,2,N,N,1,54,TRANSCEIVER,0,OSFP,1,1,1,N,N
1,1,NPU,37,R3_FE,6,6,6,N,N,1,54,TRANSCEIVER,0,OSFP,2,2,2,N,N
1,0,NPU,26,R3_FE,6,6,6,N,N,1,54,TRANSCEIVER,0,OSFP,3,3,3,N,N
1,1,NPU,36,R3_FE,2,2,2,N,N,1,54,TRANSCEIVER,0,OSFP,4,4,4,N,N
1,0,NPU,27,R3_FE,2,2,2,N,N,1,54,TRANSCEIVER,0,OSFP,5,5,5,N,N
1,1,NPU,36,R3_FE,6,6,6,N,N,1,54,TRANSCEIVER,0,OSFP,6,6,6,N,N
1,0,NPU,27,R3_FE,6,6,6,N,N,1,54,TRANSCEIVER,0,OSFP,7,7,7,N,N
1,1,NPU,39,R3_FE,3,3,3,N,N,1,55,TRANSCEIVER,0,OSFP,0,0,0,N,N
1,0,NPU,24,R3_FE,3,3,3,N,N,1,55,TRANSCEIVER,0,OSFP,1,1,1,N,N
1,1,NPU,39,R3_FE,7,7,7,N,N,1,55,TRANSCEIVER,0,OSFP,2,2,2,N,N
1,0,NPU,24,R3_FE,7,7,7,N,N,1,55,TRANSCEIVER,0,OSFP,3,3,3,N,N
1,1,NPU,38,R3_FE,3,3,3,N,N,1,55,TRANSCEIVER,0,OSFP,4,4,4,N,N
1,0,NPU,25,R3_FE,3,3,3,N,N,1,55,TRANSCEIVER,0,OSFP,5,5,5,N,N
1,1,NPU,38,R3_FE,7,7,7,N,N,1,55,TRANSCEIVER,0,OSFP,6,6,6,N,N
1,0,NPU,25,R3_FE,7,7,7,N,N,1,55,TRANSCEIVER,0,OSFP,7,7,7,N,N
1,1,NPU,37,R3_FE,3,3,3,N,N,1,56,TRANSCEIVER,0,OSFP,0,0,0,N,N
1,0,NPU,26,R3_FE,3,3,3,N,N,1,56,TRANSCEIVER,0,OSFP,1,1,1,N,N
1,1,NPU,37,R3_FE,7,7,7,N,N,1,56,TRANSCEIVER,0,OSFP,2,2,2,N,N
1,0,NPU,26,R3_FE,7,7,7,N,N,1,56,TRANSCEIVER,0,OSFP,3,3,3,N,N
1,1,NPU,36,R3_FE,3,3,3,N,N,1,56,TRANSCEIVER,0,OSFP,4,4,4,N,N
1,0,NPU,27,R3_FE,3,3,3,N,N,1,56,TRANSCEIVER,0,OSFP,5,5,5,N,N
1,1,NPU,36,R3_FE,7,7,7,N,N,1,56,TRANSCEIVER,0,OSFP,6,6,6,N,N
1,0,NPU,27,R3_FE,7,7,7,N,N,1,56,TRANSCEIVER,0,OSFP,7,7,7,N,N
1,1,NPU,35,R3_FE,6,2,2,N,N,1,57,TRANSCEIVER,0,OSFP,0,0,0,N,N
1,0,NPU,28,R3_FE,6,2,2,N,N,1,57,TRANSCEIVER,0,OSFP,1,1,1,N,N
1,1,NPU,35,R3_FE,0,0,0,N,N,1,57,TRANSCEIVER,0,OSFP,2,2,2,N,N
1,0,NPU,28,R3_FE,0,0,0,N,N,1,57,TRANSCEIVER,0,OSFP,3,3,3,N,N
1,1,NPU,34,R3_FE,6,6,6,N,N,1,57,TRANSCEIVER,0,OSFP,4,4,4,N,N
1,0,NPU,29,R3_FE,6,6,6,N,N,1,57,TRANSCEIVER,0,OSFP,5,5,5,N,N
1,1,NPU,34,R3_FE,0,4,4,N,N,1,57,TRANSCEIVER,0,OSFP,6,6,6,N,N
1,0,NPU,29,R3_FE,0,4,4,N,N,1,57,TRANSCEIVER,0,OSFP,7,7,7,N,N
1,1,NPU,33,R3_FE,6,2,2,N,N,1,58,TRANSCEIVER,0,OSFP,0,0,0,N,N
1,0,NPU,30,R3_FE,6,2,2,N,N,1,58,TRANSCEIVER,0,OSFP,1,1,1,N,N
1,1,NPU,33,R3_FE,0,0,0,N,N,1,58,TRANSCEIVER,0,OSFP,2,2,2,N,N
1,0,NPU,30,R3_FE,0,0,0,N,N,1,58,TRANSCEIVER,0,OSFP,3,3,3,N,N
1,1,NPU,32,R3_FE,6,6,6,N,N,1,58,TRANSCEIVER,0,OSFP,4,4,4,N,N
1,0,NPU,31,R3_FE,6,6,6,N,N,1,58,TRANSCEIVER,0,OSFP,5,5,5,N,N
1,1,NPU,32,R3_FE,0,4,4,N,N,1,58,TRANSCEIVER,0,OSFP,6,6,6,N,N
1,0,NPU,31,R3_FE,0,4,4,N,N,1,58,TRANSCEIVER,0,OSFP,7,7,7,N,N
1,1,NPU,35,R3_FE,7,3,3,N,N,1,59,TRANSCEIVER,0,OSFP,0,0,0,N,N
1,0,NPU,28,R3_FE,7,3,3,N,N,1,59,TRANSCEIVER,0,OSFP,1,1,1,N,N
1,1,NPU,35,R3_FE,1,1,1,N,N,1,59,TRANSCEIVER,0,OSFP,2,2,2,N,N
1,0,NPU,28,R3_FE,1,1,1,N,N,1,59,TRANSCEIVER,0,OSFP,3,3,3,N,N
1,1,NPU,34,R3_FE,7,7,7,N,N,1,59,TRANSCEIVER,0,OSFP,4,4,4,N,N
1,0,NPU,29,R3_FE,7,7,7,N,N,1,59,TRANSCEIVER,0,OSFP,5,5,5,N,N
1,1,NPU,34,R3_FE,1,5,5,N,N,1,59,TRANSCEIVER,0,OSFP,6,6,6,N,N
1,0,NPU,29,R3_FE,1,5,5,N,N,1,59,TRANSCEIVER,0,OSFP,7,7,7,N,N
1,1,NPU,33,R3_FE,7,3,3,N,N,1,60,TRANSCEIVER,0,OSFP,0,0,0,N,N
1,0,NPU,30,R3_FE,7,3,3,N,N,1,60,TRANSCEIVER,0,OSFP,1,1,1,N,N
1,1,NPU,33,R3_FE,1,1,1,N,N,1,60,TRANSCEIVER,0,OSFP,2,2,2,N,N
1,0,NPU,30,R3_FE,1,1,1,N,N,1,60,TRANSCEIVER,0,OSFP,3,3,3,N,N
1,1,NPU,32,R3_FE,7,7,7,N,N,1,60,TRANSCEIVER,0,OSFP,4,4,4,N,N
1,0,NPU,31,R3_FE,7,7,7,N,N,1,60,TRANSCEIVER,0,OSFP,5,5,5,N,N
1,1,NPU,32,R3_FE,1,5,5,N,N,1,60,TRANSCEIVER,0,OSFP,6,6,6,N,N
1,0,NPU,31,R3_FE,1,5,5,N,N,1,60,TRANSCEIVER,0,OSFP,7,7,7,N,N
1,1,NPU,34,R3_FE,2,2,2,N,N,1,61,TRANSCEIVER,0,OSFP,0,0,0,N,N
1,0,NPU,29,R3_FE,2,2,2,N,N,1,61,TRANSCEIVER,0,OSFP,1,1,1,N,N
1,1,NPU,34,R3_FE,4,0,0,N,N,1,61,TRANSCEIVER,0,OSFP,2,2,2,N,N
1,0,NPU,29,R3_FE,4,0,0,N,N,1,61,TRANSCEIVER,0,OSFP,3,3,3,N,N
1,1,NPU,35,R3_FE,2,6,6,N,N,1,61,TRANSCEIVER,0,OSFP,4,4,4,N,N
1,0,NPU,28,R3_FE,2,6,6,N,N,1,61,TRANSCEIVER,0,OSFP,5,5,5,N,N
1,1,NPU,35,R3_FE,4,4,4,N,N,1,61,TRANSCEIVER,0,OSFP,6,6,6,N,N
1,0,NPU,28,R3_FE,4,4,4,N,N,1,61,TRANSCEIVER,0,OSFP,7,7,7,N,N
1,1,NPU,32,R3_FE,2,2,2,N,N,1,62,TRANSCEIVER,0,OSFP,0,0,0,N,N
1,0,NPU,31,R3_FE,2,2,2,N,N,1,62,TRANSCEIVER,0,OSFP,1,1,1,N,N
1,1,NPU,32,R3_FE,4,0,0,N,N,1,62,TRANSCEIVER,0,OSFP,2,2,2,N,N
1,0,NPU,31,R3_FE,4,0,0,N,N,1,62,TRANSCEIVER,0,OSFP,3,3,3,N,N
1,1,NPU,33,R3_FE,2,6,6,N,N,1,62,TRANSCEIVER,0,OSFP,4,4,4,N,N
1,0,NPU,30,R3_FE,2,6,6,N,N,1,62,TRANSCEIVER,0,OSFP,5,5,5,N,N
1,1,NPU,33,R3_FE,4,4,4,N,N,1,62,TRANSCEIVER,0,OSFP,6,6,6,N,N
1,0,NPU,30,R3_FE,4,4,4,N,N,1,62,TRANSCEIVER,0,OSFP,7,7,7,N,N
1,1,NPU,34,R3_FE,3,3,3,N,N,1,63,TRANSCEIVER,0,OSFP,0,0,0,N,N
1,0,NPU,29,R3_FE,3,3,3,N,N,1,63,TRANSCEIVER,0,OSFP,1,1,1,N,N
1,1,NPU,34,R3_FE,5,1,1,N,N,1,63,TRANSCEIVER,0,OSFP,2,2,2,N,N
1,0,NPU,29,R3_FE,5,1,1,N,N,1,63,TRANSCEIVER,0,OSFP,3,3,3,N,N
1,1,NPU,35,R3_FE,3,7,7,N,N,1,63,TRANSCEIVER,0,OSFP,4,4,4,N,N
1,0,NPU,28,R3_FE,3,7,7,N,N,1,63,TRANSCEIVER,0,OSFP,5,5,5,N,N
1,1,NPU,35,R3_FE,5,5,5,N,N,1,63,TRANSCEIVER,0,OSFP,6,6,6,N,N
1,0,NPU,28,R3_FE,5,5,5,N,N,1,63,TRANSCEIVER,0,OSFP,7,7,7,N,N
1,1,NPU,32,R3_FE,3,3,3,N,N,1,64,TRANSCEIVER,0,OSFP,0,0,0,N,N
1,0,NPU,31,R3_FE,3,3,3,N,N,1,64,TRANSCEIVER,0,OSFP,1,1,1,N,N
1,1,NPU,32,R3_FE,5,1,1,N,N,1,64,TRANSCEIVER,0,OSFP,2,2,2,N,N
1,0,NPU,31,R3_FE,5,1,1,N,N,1,64,TRANSCEIVER,0,OSFP,3,3,3,N,N
1,1,NPU,33,R3_FE,3,7,7,N,N,1,64,TRANSCEIVER,0,OSFP,4,4,4,N,N
1,0,NPU,30,R3_FE,3,7,7,N,N,1,64,TRANSCEIVER,0,OSFP,5,5,5,N,N
1,1,NPU,33,R3_FE,5,5,5,N,N,1,64,TRANSCEIVER,0,OSFP,6,6,6,N,N
1,0,NPU,30,R3_FE,5,5,5,N,N,1,64,TRANSCEIVER,0,OSFP,7,7,7,N,N
1,1,NPU,31,R3_FE,6,2,2,N,N,1,65,TRANSCEIVER,0,OSFP,0,0,0,N,N
1,0,NPU,32,R3_FE,6,2,2,N,N,1,65,TRANSCEIVER,0,OSFP,1,1,1,N,N
1,1,NPU,31,R3_FE,0,0,0,N,N,1,65,TRANSCEIVER,0,OSFP,2,2,2,N,N
1,0,NPU,32,R3_FE,0,0,0,N,N,1,65,TRANSCEIVER,0,OSFP,3,3,3,N,N
1,1,NPU,30,R3_FE,6,6,6,N,N,1,65,TRANSCEIVER,0,OSFP,4,4,4,N,N
1,0,NPU,33,R3_FE,6,6,6,N,N,1,65,TRANSCEIVER,0,OSFP,5,5,5,N,N
1,1,NPU,30,R3_FE,0,4,4,N,N,1,65,TRANSCEIVER,0,OSFP,6,6,6,N,N
1,0,NPU,33,R3_FE,0,4,4,N,N,1,65,TRANSCEIVER,0,OSFP,7,7,7,N,N
1,1,NPU,29,R3_FE,6,2,2,N,N,1,66,TRANSCEIVER,0,OSFP,0,0,0,N,N
1,0,NPU,34,R3_FE,6,2,2,N,N,1,66,TRANSCEIVER,0,OSFP,1,1,1,N,N
1,1,NPU,29,R3_FE,0,0,0,N,N,1,66,TRANSCEIVER,0,OSFP,2,2,2,N,N
1,0,NPU,34,R3_FE,0,0,0,N,N,1,66,TRANSCEIVER,0,OSFP,3,3,3,N,N
1,1,NPU,28,R3_FE,6,6,6,N,N,1,66,TRANSCEIVER,0,OSFP,4,4,4,N,N
1,0,NPU,35,R3_FE,6,6,6,N,N,1,66,TRANSCEIVER,0,OSFP,5,5,5,N,N
1,1,NPU,28,R3_FE,0,4,4,N,N,1,66,TRANSCEIVER,0,OSFP,6,6,6,N,N
1,0,NPU,35,R3_FE,0,4,4,N,N,1,66,TRANSCEIVER,0,OSFP,7,7,7,N,N
1,1,NPU,31,R3_FE,7,3,3,N,N,1,67,TRANSCEIVER,0,OSFP,0,0,0,N,N
1,0,NPU,32,R3_FE,7,3,3,N,N,1,67,TRANSCEIVER,0,OSFP,1,1,1,N,N
1,1,NPU,31,R3_FE,1,1,1,N,N,1,67,TRANSCEIVER,0,OSFP,2,2,2,N,N
1,0,NPU,32,R3_FE,1,1,1,N,N,1,67,TRANSCEIVER,0,OSFP,3,3,3,N,N
1,1,NPU,30,R3_FE,7,7,7,N,N,1,67,TRANSCEIVER,0,OSFP,4,4,4,N,N
1,0,NPU,33,R3_FE,7,7,7,N,N,1,67,TRANSCEIVER,0,OSFP,5,5,5,N,N
1,1,NPU,30,R3_FE,1,5,5,N,N,1,67,TRANSCEIVER,0,OSFP,6,6,6,N,N
1,0,NPU,33,R3_FE,1,5,5,N,N,1,67,TRANSCEIVER,0,OSFP,7,7,7,N,N
1,1,NPU,29,R3_FE,7,3,3,N,N,1,68,TRANSCEIVER,0,OSFP,0,0,0,N,N
1,0,NPU,34,R3_FE,7,3,3,N,N,1,68,TRANSCEIVER,0,OSFP,1,1,1,N,N
1,1,NPU,29,R3_FE,1,1,1,N,N,1,68,TRANSCEIVER,0,OSFP,2,2,2,N,N
1,0,NPU,34,R3_FE,1,1,1,N,N,1,68,TRANSCEIVER,0,OSFP,3,3,3,N,N
1,1,NPU,28,R3_FE,7,7,7,N,N,1,68,TRANSCEIVER,0,OSFP,4,4,4,N,N
1,0,NPU,35,R3_FE,7,7,7,N,N,1,68,TRANSCEIVER,0,OSFP,5,5,5,N,N
1,1,NPU,28,R3_FE,1,5,5,N,N,1,68,TRANSCEIVER,0,OSFP,6,6,6,N,N
1,0,NPU,35,R3_FE,1,5,5,N,N,1,68,TRANSCEIVER,0,OSFP,7,7,7,N,N
1,1,NPU,30,R3_FE,2,2,2,N,N,1,69,TRANSCEIVER,0,OSFP,0,0,0,N,N
1,0,NPU,33,R3_FE,2,2,2,N,N,1,69,TRANSCEIVER,0,OSFP,1,1,1,N,N
1,1,NPU,30,R3_FE,4,0,0,N,N,1,69,TRANSCEIVER,0,OSFP,2,2,2,N,N
1,0,NPU,33,R3_FE,4,0,0,N,N,1,69,TRANSCEIVER,0,OSFP,3,3,3,N,N
1,1,NPU,31,R3_FE,2,6,6,N,N,1,69,TRANSCEIVER,0,OSFP,4,4,4,N,N
1,0,NPU,32,R3_FE,2,6,6,N,N,1,69,TRANSCEIVER,0,OSFP,5,5,5,N,N
1,1,NPU,31,R3_FE,4,4,4,N,N,1,69,TRANSCEIVER,0,OSFP,6,6,6,N,N
1,0,NPU,32,R3_FE,4,4,4,N,N,1,69,TRANSCEIVER,0,OSFP,7,7,7,N,N
1,1,NPU,28,R3_FE,2,2,2,N,N,1,70,TRANSCEIVER,0,OSFP,0,0,0,N,N
1,0,NPU,35,R3_FE,2,2,2,N,N,1,70,TRANSCEIVER,0,OSFP,1,1,1,N,N
1,1,NPU,28,R3_FE,4,0,0,N,N,1,70,TRANSCEIVER,0,OSFP,2,2,2,N,N
1,0,NPU,35,R3_FE,4,0,0,N,N,1,70,TRANSCEIVER,0,OSFP,3,3,3,N,N
1,1,NPU,29,R3_FE,2,6,6,N,N,1,70,TRANSCEIVER,0,OSFP,4,4,4,N,N
1,0,NPU,34,R3_FE,2,6,6,N,N,1,70,TRANSCEIVER,0,OSFP,5,5,5,N,N
1,1,NPU,29,R3_FE,4,4,4,N,N,1,70,TRANSCEIVER,0,OSFP,6,6,6,N,N
1,0,NPU,34,R3_FE,4,4,4,N,N,1,70,TRANSCEIVER,0,OSFP,7,7,7,N,N
1,1,NPU,30,R3_FE,3,3,3,N,N,1,71,TRANSCEIVER,0,OSFP,0,0,0,N,N
1,0,NPU,33,R3_FE,3,3,3,N,N,1,71,TRANSCEIVER,0,OSFP,1,1,1,N,N
1,1,NPU,30,R3_FE,5,1,1,N,N,1,71,TRANSCEIVER,0,OSFP,2,2,2,N,N
1,0,NPU,33,R3_FE,5,1,1,N,N,1,71,TRANSCEIVER,0,OSFP,3,3,3,N,N
1,1,NPU,31,R3_FE,3,7,7,N,N,1,71,TRANSCEIVER,0,OSFP,4,4,4,N,N
1,0,NPU,32,R3_FE,3,7,7,N,N,1,71,TRANSCEIVER,0,OSFP,5,5,5,N,N
1,1,NPU,31,R3_FE,5,5,5,N,N,1,71,TRANSCEIVER,0,OSFP,6,6,6,N,N
1,0,NPU,32,R3_FE,5,5,5,N,N,1,71,TRANSCEIVER,0,OSFP,7,7,7,N,N
1,1,NPU,28,R3_FE,3,3,3,N,N,1,72,TRANSCEIVER,0,OSFP,0,0,0,N,N
1,0,NPU,35,R3_FE,3,3,3,N,N,1,72,TRANSCEIVER,0,OSFP,1,1,1,N,N
1,1,NPU,28,R3_FE,5,1,1,N,N,1,72,TRANSCEIVER,0,OSFP,2,2,2,N,N
1,0,NPU,35,R3_FE,5,1,1,N,N,1,72,TRANSCEIVER,0,OSFP,3,3,3,N,N
1,1,NPU,29,R3_FE,3,7,7,N,N,1,72,TRANSCEIVER,0,OSFP,4,4,4,N,N
1,0,NPU,34,R3_FE,3,7,7,N,N,1,72,TRANSCEIVER,0,OSFP,5,5,5,N,N
1,1,NPU,29,R3_FE,5,5,5,N,N,1,72,TRANSCEIVER,0,OSFP,6,6,6,N,N
1,0,NPU,34,R3_FE,5,5,5,N,N,1,72,TRANSCEIVER,0,OSFP,7,7,7,N,N
1,1,NPU,27,R3_FE,4,4,4,N,N,1,73,TRANSCEIVER,0,OSFP,0,0,0,N,N
1,0,NPU,36,R3_FE,4,4,4,N,N,1,73,TRANSCEIVER,0,OSFP,1,1,1,N,N
1,1,NPU,27,R3_FE,0,0,0,N,N,1,73,TRANSCEIVER,0,OSFP,2,2,2,N,N
1,0,NPU,36,R3_FE,0,0,0,N,N,1,73,TRANSCEIVER,0,OSFP,3,3,3,N,N
1,1,NPU,26,R3_FE,4,4,4,N,N,1,73,TRANSCEIVER,0,OSFP,4,4,4,N,N
1,0,NPU,37,R3_FE,4,4,4,N,N,1,73,TRANSCEIVER,0,OSFP,5,5,5,N,N
1,1,NPU,26,R3_FE,0,0,0,N,N,1,73,TRANSCEIVER,0,OSFP,6,6,6,N,N
1,0,NPU,37,R3_FE,0,0,0,N,N,1,73,TRANSCEIVER,0,OSFP,7,7,7,N,N
1,1,NPU,25,R3_FE,4,4,4,N,N,1,74,TRANSCEIVER,0,OSFP,0,0,0,N,N
1,0,NPU,38,R3_FE,4,4,4,N,N,1,74,TRANSCEIVER,0,OSFP,1,1,1,N,N
1,1,NPU,25,R3_FE,0,0,0,N,N,1,74,TRANSCEIVER,0,OSFP,2,2,2,N,N
1,0,NPU,38,R3_FE,0,0,0,N,N,1,74,TRANSCEIVER,0,OSFP,3,3,3,N,N
1,1,NPU,24,R3_FE,4,4,4,N,N,1,74,TRANSCEIVER,0,OSFP,4,4,4,N,N
1,0,NPU,39,R3_FE,4,4,4,N,N,1,74,TRANSCEIVER,0,OSFP,5,5,5,N,N
1,1,NPU,24,R3_FE,0,0,0,N,N,1,74,TRANSCEIVER,0,OSFP,6,6,6,N,N
1,0,NPU,39,R3_FE,0,0,0,N,N,1,74,TRANSCEIVER,0,OSFP,7,7,7,N,N
1,1,NPU,27,R3_FE,5,5,5,N,N,1,75,TRANSCEIVER,0,OSFP,0,0,0,N,N
1,0,NPU,36,R3_FE,5,5,5,N,N,1,75,TRANSCEIVER,0,OSFP,1,1,1,N,N
1,1,NPU,27,R3_FE,1,1,1,N,N,1,75,TRANSCEIVER,0,OSFP,2,2,2,N,N
1,0,NPU,36,R3_FE,1,1,1,N,N,1,75,TRANSCEIVER,0,OSFP,3,3,3,N,N
1,1,NPU,26,R3_FE,5,5,5,N,N,1,75,TRANSCEIVER,0,OSFP,4,4,4,N,N
1,0,NPU,37,R3_FE,5,5,5,N,N,1,75,TRANSCEIVER,0,OSFP,5,5,5,N,N
1,1,NPU,26,R3_FE,1,1,1,N,N,1,75,TRANSCEIVER,0,OSFP,6,6,6,N,N
1,0,NPU,37,R3_FE,1,1,1,N,N,1,75,TRANSCEIVER,0,OSFP,7,7,7,N,N
1,1,NPU,25,R3_FE,5,5,5,N,N,1,76,TRANSCEIVER,0,OSFP,0,0,0,N,N
1,0,NPU,38,R3_FE,5,5,5,N,N,1,76,TRANSCEIVER,0,OSFP,1,1,1,N,N
1,1,NPU,25,R3_FE,1,1,1,N,N,1,76,TRANSCEIVER,0,OSFP,2,2,2,N,N
1,0,NPU,38,R3_FE,1,1,1,N,N,1,76,TRANSCEIVER,0,OSFP,3,3,3,N,N
1,1,NPU,24,R3_FE,5,5,5,N,N,1,76,TRANSCEIVER,0,OSFP,4,4,4,N,N
1,0,NPU,39,R3_FE,5,5,5,N,N,1,76,TRANSCEIVER,0,OSFP,5,5,5,N,N
1,1,NPU,24,R3_FE,1,1,1,N,N,1,76,TRANSCEIVER,0,OSFP,6,6,6,N,N
1,0,NPU,39,R3_FE,1,1,1,N,N,1,76,TRANSCEIVER,0,OSFP,7,7,7,N,N
1,1,NPU,27,R3_FE,2,6,6,N,N,1,77,TRANSCEIVER,0,OSFP,0,0,0,N,N
1,0,NPU,36,R3_FE,2,6,6,N,N,1,77,TRANSCEIVER,0,OSFP,1,1,1,N,N
1,1,NPU,27,R3_FE,6,2,2,N,N,1,77,TRANSCEIVER,0,OSFP,2,2,2,N,N
1,0,NPU,36,R3_FE,6,2,2,N,N,1,77,TRANSCEIVER,0,OSFP,3,3,3,N,N
1,1,NPU,26,R3_FE,2,6,6,N,N,1,77,TRANSCEIVER,0,OSFP,4,4,4,N,N
1,0,NPU,37,R3_FE,2,6,6,N,N,1,77,TRANSCEIVER,0,OSFP,5,5,5,N,N
1,1,NPU,26,R3_FE,6,2,2,N,N,1,77,TRANSCEIVER,0,OSFP,6,6,6,N,N
1,0,NPU,37,R3_FE,6,2,2,N,N,1,77,TRANSCEIVER,0,OSFP,7,7,7,N,N
1,1,NPU,25,R3_FE,2,6,6,N,N,1,78,TRANSCEIVER,0,OSFP,0,0,0,N,N
1,0,NPU,38,R3_FE,2,6,6,N,N,1,78,TRANSCEIVER,0,OSFP,1,1,1,N,N
1,1,NPU,25,R3_FE,6,2,2,N,N,1,78,TRANSCEIVER,0,OSFP,2,2,2,N,N
1,0,NPU,38,R3_FE,6,2,2,N,N,1,78,TRANSCEIVER,0,OSFP,3,3,3,N,N
1,1,NPU,24,R3_FE,2,6,6,N,N,1,78,TRANSCEIVER,0,OSFP,4,4,4,N,N
1,0,NPU,39,R3_FE,2,6,6,N,N,1,78,TRANSCEIVER,0,OSFP,5,5,5,N,N
1,1,NPU,24,R3_FE,6,2,2,N,N,1,78,TRANSCEIVER,0,OSFP,6,6,6,N,N
1,0,NPU,39,R3_FE,6,2,2,N,N,1,78,TRANSCEIVER,0,OSFP,7,7,7,N,N
1,1,NPU,27,R3_FE,3,7,7,N,N,1,79,TRANSCEIVER,0,OSFP,0,0,0,N,N
1,0,NPU,36,R3_FE,3,7,7,N,N,1,79,TRANSCEIVER,0,OSFP,1,1,1,N,N
1,1,NPU,27,R3_FE,7,3,3,N,N,1,79,TRANSCEIVER,0,OSFP,2,2,2,N,N
1,0,NPU,36,R3_FE,7,3,3,N,N,1,79,TRANSCEIVER,0,OSFP,3,3,3,N,N
1,1,NPU,26,R3_FE,3,7,7,N,N,1,79,TRANSCEIVER,0,OSFP,4,4,4,N,N
1,0,NPU,37,R3_FE,3,7,7,N,N,1,79,TRANSCEIVER,0,OSFP,5,5,5,N,N
1,1,NPU,26,R3_FE,7,3,3,N,N,1,79,TRANSCEIVER,0,OSFP,6,6,6,N,N
1,0,NPU,37,R3_FE,7,3,3,N,N,1,79,TRANSCEIVER,0,OSFP,7,7,7,N,N
1,1,NPU,25,R3_FE,3,7,7,N,N,1,80,TRANSCEIVER,0,OSFP,0,0,0,N,N
1,0,NPU,38,R3_FE,3,7,7,N,N,1,80,TRANSCEIVER,0,OSFP,1,1,1,N,N
1,1,NPU,25,R3_FE,7,3,3,N,N,1,80,TRANSCEIVER,0,OSFP,2,2,2,N,N
1,0,NPU,38,R3_FE,7,3,3,N,N,1,80,TRANSCEIVER,0,OSFP,3,3,3,N,N
1,1,NPU,24,R3_FE,3,7,7,N,N,1,80,TRANSCEIVER,0,OSFP,4,4,4,N,N
1,0,NPU,39,R3_FE,3,7,7,N,N,1,80,TRANSCEIVER,0,OSFP,5,5,5,N,N
1,1,NPU,24,R3_FE,7,3,3,N,N,1,80,TRANSCEIVER,0,OSFP,6,6,6,N,N
1,0,NPU,39,R3_FE,7,3,3,N,N,1,80,TRANSCEIVER,0,OSFP,7,7,7,N,N
1,1,NPU,23,R3_FE,4,4,4,N,N,1,81,TRANSCEIVER,0,OSFP,0,0,0,N,N
1,0,NPU,40,R3_FE,4,4,4,N,N,1,81,TRANSCEIVER,0,OSFP,1,1,1,N,N
1,1,NPU,23,R3_FE,0,0,0,N,N,1,81,TRANSCEIVER,0,OSFP,2,2,2,N,N
1,0,NPU,40,R3_FE,0,0,0,N,N,1,81,TRANSCEIVER,0,OSFP,3,3,3,N,N
1,1,NPU,22,R3_FE,4,4,4,N,N,1,81,TRANSCEIVER,0,OSFP,4,4,4,N,N
1,0,NPU,41,R3_FE,4,4,4,N,N,1,81,TRANSCEIVER,0,OSFP,5,5,5,N,N
1,1,NPU,22,R3_FE,0,0,0,N,N,1,81,TRANSCEIVER,0,OSFP,6,6,6,N,N
1,0,NPU,41,R3_FE,0,0,0,N,N,1,81,TRANSCEIVER,0,OSFP,7,7,7,N,N
1,1,NPU,21,R3_FE,4,4,4,N,N,1,82,TRANSCEIVER,0,OSFP,0,0,0,N,N
1,0,NPU,42,R3_FE,4,4,4,N,N,1,82,TRANSCEIVER,0,OSFP,1,1,1,N,N
1,1,NPU,21,R3_FE,0,0,0,N,N,1,82,TRANSCEIVER,0,OSFP,2,2,2,N,N
1,0,NPU,42,R3_FE,0,0,0,N,N,1,82,TRANSCEIVER,0,OSFP,3,3,3,N,N
1,1,NPU,20,R3_FE,4,4,4,N,N,1,82,TRANSCEIVER,0,OSFP,4,4,4,N,N
1,0,NPU,43,R3_FE,4,4,4,N,N,1,82,TRANSCEIVER,0,OSFP,5,5,5,N,N
1,1,NPU,20,R3_FE,0,0,0,N,N,1,82,TRANSCEIVER,0,OSFP,6,6,6,N,N
1,0,NPU,43,R3_FE,0,0,0,N,N,1,82,TRANSCEIVER,0,OSFP,7,7,7,N,N
1,1,NPU,23,R3_FE,5,5,5,N,N,1,83,TRANSCEIVER,0,OSFP,0,0,0,N,N
1,0,NPU,40,R3_FE,5,5,5,N,N,1,83,TRANSCEIVER,0,OSFP,1,1,1,N,N
1,1,NPU,23,R3_FE,1,1,1,N,N,1,83,TRANSCEIVER,0,OSFP,2,2,2,N,N
1,0,NPU,40,R3_FE,1,1,1,N,N,1,83,TRANSCEIVER,0,OSFP,3,3,3,N,N
1,1,NPU,22,R3_FE,5,5,5,N,N,1,83,TRANSCEIVER,0,OSFP,4,4,4,N,N
1,0,NPU,41,R3_FE,5,5,5,N,N,1,83,TRANSCEIVER,0,OSFP,5,5,5,N,N
1,1,NPU,22,R3_FE,1,1,1,N,N,1,83,TRANSCEIVER,0,OSFP,6,6,6,N,N
1,0,NPU,41,R3_FE,1,1,1,N,N,1,83,TRANSCEIVER,0,OSFP,7,7,7,N,N
1,1,NPU,21,R3_FE,5,5,5,N,N,1,84,TRANSCEIVER,0,OSFP,0,0,0,N,N
1,0,NPU,42,R3_FE,5,5,5,N,N,1,84,TRANSCEIVER,0,OSFP,1,1,1,N,N
1,1,NPU,21,R3_FE,1,1,1,N,N,1,84,TRANSCEIVER,0,OSFP,2,2,2,N,N
1,0,NPU,42,R3_FE,1,1,1,N,N,1,84,TRANSCEIVER,0,OSFP,3,3,3,N,N
1,1,NPU,20,R3_FE,5,5,5,N,N,1,84,TRANSCEIVER,0,OSFP,4,4,4,N,N
1,0,NPU,43,R3_FE,5,5,5,N,N,1,84,TRANSCEIVER,0,OSFP,5,5,5,N,N
1,1,NPU,20,R3_FE,1,1,1,N,N,1,84,TRANSCEIVER,0,OSFP,6,6,6,N,N
1,0,NPU,43,R3_FE,1,1,1,N,N,1,84,TRANSCEIVER,0,OSFP,7,7,7,N,N
1,1,NPU,23,R3_FE,2,6,6,N,N,1,85,TRANSCEIVER,0,OSFP,0,0,0,N,N
1,0,NPU,40,R3_FE,2,6,6,N,N,1,85,TRANSCEIVER,0,OSFP,1,1,1,N,N
1,1,NPU,23,R3_FE,6,2,2,N,N,1,85,TRANSCEIVER,0,OSFP,2,2,2,N,N
1,0,NPU,40,R3_FE,6,2,2,N,N,1,85,TRANSCEIVER,0,OSFP,3,3,3,N,N
1,1,NPU,22,R3_FE,2,6,6,N,N,1,85,TRANSCEIVER,0,OSFP,4,4,4,N,N
1,0,NPU,41,R3_FE,2,6,6,N,N,1,85,TRANSCEIVER,0,OSFP,5,5,5,N,N
1,1,NPU,22,R3_FE,6,2,2,N,N,1,85,TRANSCEIVER,0,OSFP,6,6,6,N,N
1,0,NPU,41,R3_FE,6,2,2,N,N,1,85,TRANSCEIVER,0,OSFP,7,7,7,N,N
1,1,NPU,21,R3_FE,2,6,6,N,N,1,86,TRANSCEIVER,0,OSFP,0,0,0,N,N
1,0,NPU,42,R3_FE,2,6,6,N,N,1,86,TRANSCEIVER,0,OSFP,1,1,1,N,N
1,1,NPU,21,R3_FE,6,2,2,N,N,1,86,TRANSCEIVER,0,OSFP,2,2,2,N,N
1,0,NPU,42,R3_FE,6,2,2,N,N,1,86,TRANSCEIVER,0,OSFP,3,3,3,N,N
1,1,NPU,20,R3_FE,2,6,6,N,N,1,86,TRANSCEIVER,0,OSFP,4,4,4,N,N
1,0,NPU,43,R3_FE,2,6,6,N,N,1,86,TRANSCEIVER,0,OSFP,5,5,5,N,N
1,1,NPU,20,R3_FE,6,2,2,N,N,1,86,TRANSCEIVER,0,OSFP,6,6,6,N,N
1,0,NPU,43,R3_FE,6,2,2,N,N,1,86,TRANSCEIVER,0,OSFP,7,7,7,N,N
1,1,NPU,23,R3_FE,3,7,7,N,N,1,87,TRANSCEIVER,0,OSFP,0,0,0,N,N
1,0,NPU,40,R3_FE,3,7,7,N,N,1,87,TRANSCEIVER,0,OSFP,1,1,1,N,N
1,1,NPU,23,R3_FE,7,3,3,N,N,1,87,TRANSCEIVER,0,OSFP,2,2,2,N,N
1,0,NPU,40,R3_FE,7,3,3,N,N,1,87,TRANSCEIVER,0,OSFP,3,3,3,N,N
1,1,NPU,22,R3_FE,3,7,7,N,N,1,87,TRANSCEIVER,0,OSFP,4,4,4,N,N
1,0,NPU,41,R3_FE,3,7,7,N,N,1,87,TRANSCEIVER,0,OSFP,5,5,5,N,N
1,1,NPU,22,R3_FE,7,3,3,N,N,1,87,TRANSCEIVER,0,OSFP,6,6,6,N,N
1,0,NPU,41,R3_FE,7,3,3,N,N,1,87,TRANSCEIVER,0,OSFP,7,7,7,N,N
1,1,NPU,21,R3_FE,3,7,7,N,N,1,88,TRANSCEIVER,0,OSFP,0,0,0,N,N
1,0,NPU,42,R3_FE,3,7,7,N,N,1,88,TRANSCEIVER,0,OSFP,1,1,1,N,N
1,1,NPU,21,R3_FE,7,3,3,N,N,1,88,TRANSCEIVER,0,OSFP,2,2,2,N,N
1,0,NPU,42,R3_FE,7,3,3,N,N,1,88,TRANSCEIVER,0,OSFP,3,3,3,N,N
1,1,NPU,20,R3_FE,3,7,7,N,N,1,88,TRANSCEIVER,0,OSFP,4,4,4,N,N
1,0,NPU,43,R3_FE,3,7,7,N,N,1,88,TRANSCEIVER,0,OSFP,5,5,5,N,N
1,1,NPU,20,R3_FE,7,3,3,N,N,1,88,TRANSCEIVER,0,OSFP,6,6,6,N,N
1,0,NPU,43,R3_FE,7,3,3,N,N,1,88,TRANSCEIVER,0,OSFP,7,7,7,N,N
1,1,NPU,19,R3_FE,4,4,4,N,N,1,89,TRANSCEIVER,0,OSFP,0,0,0,N,N
1,0,NPU,44,R3_FE,4,4,4,N,N,1,89,TRANSCEIVER,0,OSFP,1,1,1,N,N
1,1,NPU,19,R3_FE,0,0,0,N,N,1,89,TRANSCEIVER,0,OSFP,2,2,2,N,N
1,0,NPU,44,R3_FE,0,0,0,N,N,1,89,TRANSCEIVER,0,OSFP,3,3,3,N,N
1,1,NPU,18,R3_FE,4,4,4,N,N,1,89,TRANSCEIVER,0,OSFP,4,4,4,N,N
1,0,NPU,45,R3_FE,4,4,4,N,N,1,89,TRANSCEIVER,0,OSFP,5,5,5,N,N
1,1,NPU,18,R3_FE,0,0,0,N,N,1,89,TRANSCEIVER,0,OSFP,6,6,6,N,N
1,0,NPU,45,R3_FE,0,0,0,N,N,1,89,TRANSCEIVER,0,OSFP,7,7,7,N,N
1,1,NPU,17,R3_FE,4,4,4,N,N,1,90,TRANSCEIVER,0,OSFP,0,0,0,N,N
1,0,NPU,46,R3_FE,4,4,4,N,N,1,90,TRANSCEIVER,0,OSFP,1,1,1,N,N
1,1,NPU,17,R3_FE,0,0,0,N,N,1,90,TRANSCEIVER,0,OSFP,2,2,2,N,N
1,0,NPU,46,R3_FE,0,0,0,N,N,1,90,TRANSCEIVER,0,OSFP,3,3,3,N,N
1,1,NPU,16,R3_FE,4,4,4,N,N,1,90,TRANSCEIVER,0,OSFP,4,4,4,N,N
1,0,NPU,47,R3_FE,4,4,4,N,N,1,90,TRANSCEIVER,0,OSFP,5,5,5,N,N
1,1,NPU,16,R3_FE,0,0,0,N,N,1,90,TRANSCEIVER,0,OSFP,6,6,6,N,N
1,0,NPU,47,R3_FE,0,0,0,N,N,1,90,TRANSCEIVER,0,OSFP,7,7,7,N,N
1,1,NPU,19,R3_FE,5,5,5,N,N,1,91,TRANSCEIVER,0,OSFP,0,0,0,N,N
1,0,NPU,44,R3_FE,5,5,5,N,N,1,91,TRANSCEIVER,0,OSFP,1,1,1,N,N
1,1,NPU,19,R3_FE,1,1,1,N,N,1,91,TRANSCEIVER,0,OSFP,2,2,2,N,N
1,0,NPU,44,R3_FE,1,1,1,N,N,1,91,TRANSCEIVER,0,OSFP,3,3,3,N,N
1,1,NPU,18,R3_FE,5,5,5,N,N,1,91,TRANSCEIVER,0,OSFP,4,4,4,N,N
1,0,NPU,45,R3_FE,5,5,5,N,N,1,91,TRANSCEIVER,0,OSFP,5,5,5,N,N
1,1,NPU,18,R3_FE,1,1,1,N,N,1,91,TRANSCEIVER,0,OSFP,6,6,6,N,N
1,0,NPU,45,R3_FE,1,1,1,N,N,1,91,TRANSCEIVER,0,OSFP,7,7,7,N,N
1,1,NPU,17,R3_FE,5,5,5,N,N,1,92,TRANSCEIVER,0,OSFP,0,0,0,N,N
1,0,NPU,46,R3_FE,5,5,5,N,N,1,92,TRANSCEIVER,0,OSFP,1,1,1,N,N
1,1,NPU,17,R3_FE,1,1,1,N,N,1,92,TRANSCEIVER,0,OSFP,2,2,2,N,N
1,0,NPU,46,R3_FE,1,1,1,N,N,1,92,TRANSCEIVER,0,OSFP,3,3,3,N,N
1,1,NPU,16,R3_FE,5,5,5,N,N,1,92,TRANSCEIVER,0,OSFP,4,4,4,N,N
1,0,NPU,47,R3_FE,5,5,5,N,N,1,92,TRANSCEIVER,0,OSFP,5,5,5,N,N
1,1,NPU,16,R3_FE,1,1,1,N,N,1,92,TRANSCEIVER,0,OSFP,6,6,6,N,N
1,0,NPU,47,R3_FE,1,1,1,N,N,1,92,TRANSCEIVER,0,OSFP,7,7,7,N,N
1,1,NPU,19,R3_FE,2,6,6,N,N,1,93,TRANSCEIVER,0,OSFP,0,0,0,N,N
1,0,NPU,44,R3_FE,2,6,6,N,N,1,93,TRANSCEIVER,0,OSFP,1,1,1,N,N
1,1,NPU,19,R3_FE,6,2,2,N,N,1,93,TRANSCEIVER,0,OSFP,2,2,2,N,N
1,0,NPU,44,R3_FE,6,2,2,N,N,1,93,TRANSCEIVER,0,OSFP,3,3,3,N,N
1,1,NPU,18,R3_FE,2,6,6,N,N,1,93,TRANSCEIVER,0,OSFP,4,4,4,N,N
1,0,NPU,45,R3_FE,2,6,6,N,N,1,93,TRANSCEIVER,0,OSFP,5,5,5,N,N
1,1,NPU,18,R3_FE,6,2,2,N,N,1,93,TRANSCEIVER,0,OSFP,6,6,6,N,N
1,0,NPU,45,R3_FE,6,2,2,N,N,1,93,TRANSCEIVER,0,OSFP,7,7,7,N,N
1,1,NPU,17,R3_FE,2,6,6,N,N,1,94,TRANSCEIVER,0,OSFP,0,0,0,N,N
1,0,NPU,46,R3_FE,2,6,6,N,N,1,94,TRANSCEIVER,0,OSFP,1,1,1,N,N
1,1,NPU,17,R3_FE,6,2,2,N,N,1,94,TRANSCEIVER,0,OSFP,2,2,2,N,N
1,0,NPU,46,R3_FE,6,2,2,N,N,1,94,TRANSCEIVER,0,OSFP,3,3,3,N,N
1,1,NPU,16,R3_FE,2,6,6,N,N,1,94,TRANSCEIVER,0,OSFP,4,4,4,N,N
1,0,NPU,47,R3_FE,2,6,6,N,N,1,94,TRANSCEIVER,0,OSFP,5,5,5,N,N
1,1,NPU,16,R3_FE,6,2,2,N,N,1,94,TRANSCEIVER,0,OSFP,6,6,6,N,N
1,0,NPU,47,R3_FE,6,2,2,N,N,1,94,TRANSCEIVER,0,OSFP,7,7,7,N,N
1,1,NPU,19,R3_FE,3,7,7,N,N,1,95,TRANSCEIVER,0,OSFP,0,0,0,N,N
1,0,NPU,44,R3_FE,3,7,7,N,N,1,95,TRANSCEIVER,0,OSFP,1,1,1,N,N
1,1,NPU,19,R3_FE,7,3,3,N,N,1,95,TRANSCEIVER,0,OSFP,2,2,2,N,N
1,0,NPU,44,R3_FE,7,3,3,N,N,1,95,TRANSCEIVER,0,OSFP,3,3,3,N,N
1,1,NPU,18,R3_FE,3,7,7,N,N,1,95,TRANSCEIVER,0,OSFP,4,4,4,N,N
1,0,NPU,45,R3_FE,3,7,7,N,N,1,95,TRANSCEIVER,0,OSFP,5,5,5,N,N
1,1,NPU,18,R3_FE,7,3,3,N,N,1,95,TRANSCEIVER,0,OSFP,6,6,6,N,N
1,0,NPU,45,R3_FE,7,3,3,N,N,1,95,TRANSCEIVER,0,OSFP,7,7,7,N,N
1,1,NPU,17,R3_FE,3,7,7,N,N,1,96,TRANSCEIVER,0,OSFP,0,0,0,N,N
1,0,NPU,46,R3_FE,3,7,7,N,N,1,96,TRANSCEIVER,0,OSFP,1,1,1,N,N
1,1,NPU,17,R3_FE,7,3,3,N,N,1,96,TRANSCEIVER,0,OSFP,2,2,2,N,N
1,0,NPU,46,R3_FE,7,3,3,N,N,1,96,TRANSCEIVER,0,OSFP,3,3,3,N,N
1,1,NPU,16,R3_FE,3,7,7,N,N,1,96,TRANSCEIVER,0,OSFP,4,4,4,N,N
1,0,NPU,47,R3_FE,3,7,7,N,N,1,96,TRANSCEIVER,0,OSFP,5,5,5,N,N
1,1,NPU,16,R3_FE,7,3,3,N,N,1,96,TRANSCEIVER,0,OSFP,6,6,6,N,N
1,0,NPU,47,R3_FE,7,3,3,N,N,1,96,TRANSCEIVER,0,OSFP,7,7,7,N,N
1,1,NPU,15,R3_FE,4,0,0,N,N,1,97,TRANSCEIVER,0,OSFP,0,0,0,N,N
1,0,NPU,48,R3_FE,4,0,0,N,N,1,97,TRANSCEIVER,0,OSFP,1,1,1,N,N
1,1,NPU,15,R3_FE,0,4,4,N,N,1,97,TRANSCEIVER,0,OSFP,2,2,2,N,N
1,0,NPU,48,R3_FE,0,4,4,N,N,1,97,TRANSCEIVER,0,OSFP,3,3,3,N,N
1,1,NPU,14,R3_FE,4,0,0,N,N,1,97,TRANSCEIVER,0,OSFP,4,4,4,N,N
1,0,NPU,49,R3_FE,4,0,0,N,N,1,97,TRANSCEIVER,0,OSFP,5,5,5,N,N
1,1,NPU,14,R3_FE,0,4,4,N,N,1,97,TRANSCEIVER,0,OSFP,6,6,6,N,N
1,0,NPU,49,R3_FE,0,4,4,N,N,1,97,TRANSCEIVER,0,OSFP,7,7,7,N,N
1,1,NPU,13,R3_FE,4,0,0,N,N,1,98,TRANSCEIVER,0,OSFP,0,0,0,N,N
1,0,NPU,50,R3_FE,4,0,0,N,N,1,98,TRANSCEIVER,0,OSFP,1,1,1,N,N
1,1,NPU,13,R3_FE,0,4,4,N,N,1,98,TRANSCEIVER,0,OSFP,2,2,2,N,N
1,0,NPU,50,R3_FE,0,4,4,N,N,1,98,TRANSCEIVER,0,OSFP,3,3,3,N,N
1,1,NPU,12,R3_FE,4,0,0,N,N,1,98,TRANSCEIVER,0,OSFP,4,4,4,N,N
1,0,NPU,51,R3_FE,4,0,0,N,N,1,98,TRANSCEIVER,0,OSFP,5,5,5,N,N
1,1,NPU,12,R3_FE,0,4,4,N,N,1,98,TRANSCEIVER,0,OSFP,6,6,6,N,N
1,0,NPU,51,R3_FE,0,4,4,N,N,1,98,TRANSCEIVER,0,OSFP,7,7,7,N,N
1,1,NPU,15,R3_FE,5,1,1,N,N,1,99,TRANSCEIVER,0,OSFP,0,0,0,N,N
1,0,NPU,48,R3_FE,5,1,1,N,N,1,99,TRANSCEIVER,0,OSFP,1,1,1,N,N
1,1,NPU,15,R3_FE,1,5,5,N,N,1,99,TRANSCEIVER,0,OSFP,2,2,2,N,N
1,0,NPU,48,R3_FE,1,5,5,N,N,1,99,TRANSCEIVER,0,OSFP,3,3,3,N,N
1,1,NPU,14,R3_FE,5,1,1,N,N,1,99,TRANSCEIVER,0,OSFP,4,4,4,N,N
1,0,NPU,49,R3_FE,5,1,1,N,N,1,99,TRANSCEIVER,0,OSFP,5,5,5,N,N
1,1,NPU,14,R3_FE,1,5,5,N,N,1,99,TRANSCEIVER,0,OSFP,6,6,6,N,N
1,0,NPU,49,R3_FE,1,5,5,N,N,1,99,TRANSCEIVER,0,OSFP,7,7,7,N,N
1,1,NPU,13,R3_FE,5,1,1,N,N,1,100,TRANSCEIVER,0,OSFP,0,0,0,N,N
1,0,NPU,50,R3_FE,5,1,1,N,N,1,100,TRANSCEIVER,0,OSFP,1,1,1,N,N
1,1,NPU,13,R3_FE,1,5,5,N,N,1,100,TRANSCEIVER,0,OSFP,2,2,2,N,N
1,0,NPU,50,R3_FE,1,5,5,N,N,1,100,TRANSCEIVER,0,OSFP,3,3,3,N,N
1,1,NPU,12,R3_FE,5,1,1,N,N,1,100,TRANSCEIVER,0,OSFP,4,4,4,N,N
1,0,NPU,51,R3_FE,5,1,1,N,N,1,100,TRANSCEIVER,0,OSFP,5,5,5,N,N
1,1,NPU,12,R3_FE,1,5,5,N,N,1,100,TRANSCEIVER,0,OSFP,6,6,6,N,N
1,0,NPU,51,R3_FE,1,5,5,N,N,1,100,TRANSCEIVER,0,OSFP,7,7,7,N,N
1,1,NPU,15,R3_FE,2,2,2,N,N,1,101,TRANSCEIVER,0,OSFP,0,0,0,N,N
1,0,NPU,48,R3_FE,2,2,2,N,N,1,101,TRANSCEIVER,0,OSFP,1,1,1,N,N
1,1,NPU,15,R3_FE,6,6,6,N,N,1,101,TRANSCEIVER,0,OSFP,2,2,2,N,N
1,0,NPU,48,R3_FE,6,6,6,N,N,1,101,TRANSCEIVER,0,OSFP,3,3,3,N,N
1,1,NPU,14,R3_FE,2,2,2,N,N,1,101,TRANSCEIVER,0,OSFP,4,4,4,N,N
1,0,NPU,49,R3_FE,2,2,2,N,N,1,101,TRANSCEIVER,0,OSFP,5,5,5,N,N
1,1,NPU,14,R3_FE,6,6,6,N,N,1,101,TRANSCEIVER,0,OSFP,6,6,6,N,N
1,0,NPU,49,R3_FE,6,6,6,N,N,1,101,TRANSCEIVER,0,OSFP,7,7,7,N,N
1,1,NPU,13,R3_FE,2,2,2,N,N,1,102,TRANSCEIVER,0,OSFP,0,0,0,N,N
1,0,NPU,50,R3_FE,2,2,2,N,N,1,102,TRANSCEIVER,0,OSFP,1,1,1,N,N
1,1,NPU,13,R3_FE,6,6,6,N,N,1,102,TRANSCEIVER,0,OSFP,2,2,2,N,N
1,0,NPU,50,R3_FE,6,6,6,N,N,1,102,TRANSCEIVER,0,OSFP,3,3,3,N,N
1,1,NPU,12,R3_FE,2,2,2,N,N,1,102,TRANSCEIVER,0,OSFP,4,4,4,N,N
1,0,NPU,51,R3_FE,2,2,2,N,N,1,102,TRANSCEIVER,0,OSFP,5,5,5,N,N
1,1,NPU,12,R3_FE,6,6,6,N,N,1,102,TRANSCEIVER,0,OSFP,6,6,6,N,N
1,0,NPU,51,R3_FE,6,6,6,N,N,1,102,TRANSCEIVER,0,OSFP,7,7,7,N,N
1,1,NPU,15,R3_FE,3,3,3,N,N,1,103,TRANSCEIVER,0,OSFP,0,0,0,N,N
1,0,NPU,48,R3_FE,3,3,3,N,N,1,103,TRANSCEIVER,0,OSFP,1,1,1,N,N
1,1,NPU,15,R3_FE,7,7,7,N,N,1,103,TRANSCEIVER,0,OSFP,2,2,2,N,N
1,0,NPU,48,R3_FE,7,7,7,N,N,1,103,TRANSCEIVER,0,OSFP,3,3,3,N,N
1,1,NPU,14,R3_FE,3,3,3,N,N,1,103,TRANSCEIVER,0,OSFP,4,4,4,N,N
1,0,NPU,49,R3_FE,3,3,3,N,N,1,103,TRANSCEIVER,0,OSFP,5,5,5,N,N
1,1,NPU,14,R3_FE,7,7,7,N,N,1,103,TRANSCEIVER,0,OSFP,6,6,6,N,N
1,0,NPU,49,R3_FE,7,7,7,N,N,1,103,TRANSCEIVER,0,OSFP,7,7,7,N,N
1,1,NPU,13,R3_FE,3,3,3,N,N,1,104,TRANSCEIVER,0,OSFP,0,0,0,N,N
1,0,NPU,50,R3_FE,3,3,3,N,N,1,104,TRANSCEIVER,0,OSFP,1,1,1,N,N
1,1,NPU,13,R3_FE,7,7,7,N,N,1,104,TRANSCEIVER,0,OSFP,2,2,2,N,N
1,0,NPU,50,R3_FE,7,7,7,N,N,1,104,TRANSCEIVER,0,OSFP,3,3,3,N,N
1,1,NPU,12,R3_FE,3,3,3,N,N,1,104,TRANSCEIVER,0,OSFP,4,4,4,N,N
1,0,NPU,51,R3_FE,3,3,3,N,N,1,104,TRANSCEIVER,0,OSFP,5,5,5,N,N
1,1,NPU,12,R3_FE,7,7,7,N,N,1,104,TRANSCEIVER,0,OSFP,6,6,6,N,N
1,0,NPU,51,R3_FE,7,7,7,N,N,1,104,TRANSCEIVER,0,OSFP,7,7,7,N,N
1,1,NPU,11,R3_FE,4,0,0,N,N,1,105,TRANSCEIVER,0,OSFP,0,0,0,N,N
1,0,NPU,52,R3_FE,4,0,0,N,N,1,105,TRANSCEIVER,0,OSFP,1,1,1,N,N
1,1,NPU,11,R3_FE,0,4,4,N,N,1,105,TRANSCEIVER,0,OSFP,2,2,2,N,N
1,0,NPU,52,R3_FE,0,4,4,N,N,1,105,TRANSCEIVER,0,OSFP,3,3,3,N,N
1,1,NPU,10,R3_FE,4,0,0,N,N,1,105,TRANSCEIVER,0,OSFP,4,4,4,N,N
1,0,NPU,53,R3_FE,4,0,0,N,N,1,105,TRANSCEIVER,0,OSFP,5,5,5,N,N
1,1,NPU,10,R3_FE,0,4,4,N,N,1,105,TRANSCEIVER,0,OSFP,6,6,6,N,N
1,0,NPU,53,R3_FE,0,4,4,N,N,1,105,TRANSCEIVER,0,OSFP,7,7,7,N,N
1,1,NPU,9,R3_FE,4,0,0,N,N,1,106,TRANSCEIVER,0,OSFP,0,0,0,N,N
1,0,NPU,54,R3_FE,4,0,0,N,N,1,106,TRANSCEIVER,0,OSFP,1,1,1,N,N
1,1,NPU,9,R3_FE,0,4,4,N,N,1,106,TRANSCEIVER,0,OSFP,2,2,2,N,N
1,0,NPU,54,R3_FE,0,4,4,N,N,1,106,TRANSCEIVER,0,OSFP,3,3,3,N,N
1,1,NPU,8,R3_FE,4,0,0,N,N,1,106,TRANSCEIVER,0,OSFP,4,4,4,N,N
1,0,NPU,55,R3_FE,4,0,0,N,N,1,106,TRANSCEIVER,0,OSFP,5,5,5,N,N
1,1,NPU,8,R3_FE,0,4,4,N,N,1,106,TRANSCEIVER,0,OSFP,6,6,6,N,N
1,0,NPU,55,R3_FE,0,4,4,N,N,1,106,TRANSCEIVER,0,OSFP,7,7,7,N,N
1,1,NPU,11,R3_FE,5,1,1,N,N,1,107,TRANSCEIVER,0,OSFP,0,0,0,N,N
1,0,NPU,52,R3_FE,5,1,1,N,N,1,107,TRANSCEIVER,0,OSFP,1,1,1,N,N
1,1,NPU,11,R3_FE,1,5,5,N,N,1,107,TRANSCEIVER,0,OSFP,2,2,2,N,N
1,0,NPU,52,R3_FE,1,5,5,N,N,1,107,TRANSCEIVER,0,OSFP,3,3,3,N,N
1,1,NPU,10,R3_FE,5,1,1,N,N,1,107,TRANSCEIVER,0,OSFP,4,4,4,N,N
1,0,NPU,53,R3_FE,5,1,1,N,N,1,107,TRANSCEIVER,0,OSFP,5,5,5,N,N
1,1,NPU,10,R3_FE,1,5,5,N,N,1,107,TRANSCEIVER,0,OSFP,6,6,6,N,N
1,0,NPU,53,R3_FE,1,5,5,N,N,1,107,TRANSCEIVER,0,OSFP,7,7,7,N,N
1,1,NPU,9,R3_FE,5,1,1,N,N,1,108,TRANSCEIVER,0,OSFP,0,0,0,N,N
1,0,NPU,54,R3_FE,5,1,1,N,N,1,108,TRANSCEIVER,0,OSFP,1,1,1,N,N
1,1,NPU,9,R3_FE,1,5,5,N,N,1,108,TRANSCEIVER,0,OSFP,2,2,2,N,N
1,0,NPU,54,R3_FE,1,5,5,N,N,1,108,TRANSCEIVER,0,OSFP,3,3,3,N,N
1,1,NPU,8,R3_FE,5,1,1,N,N,1,108,TRANSCEIVER,0,OSFP,4,4,4,N,N
1,0,NPU,55,R3_FE,5,1,1,N,N,1,108,TRANSCEIVER,0,OSFP,5,5,5,N,N
1,1,NPU,8,R3_FE,1,5,5,N,N,1,108,TRANSCEIVER,0,OSFP,6,6,6,N,N
1,0,NPU,55,R3_FE,1,5,5,N,N,1,108,TRANSCEIVER,0,OSFP,7,7,7,N,N
1,1,NPU,11,R3_FE,2,2,2,N,N,1,109,TRANSCEIVER,0,OSFP,0,0,0,N,N
1,0,NPU,52,R3_FE,2,2,2,N,N,1,109,TRANSCEIVER,0,OSFP,1,1,1,N,N
1,1,NPU,11,R3_FE,6,6,6,N,N,1,109,TRANSCEIVER,0,OSFP,2,2,2,N,N
1,0,NPU,52,R3_FE,6,6,6,N,N,1,109,TRANSCEIVER,0,OSFP,3,3,3,N,N
1,1,NPU,10,R3_FE,2,2,2,N,N,1,109,TRANSCEIVER,0,OSFP,4,4,4,N,N
1,0,NPU,53,R3_FE,2,2,2,N,N,1,109,TRANSCEIVER,0,OSFP,5,5,5,N,N
1,1,NPU,10,R3_FE,6,6,6,N,N,1,109,TRANSCEIVER,0,OSFP,6,6,6,N,N
1,0,NPU,53,R3_FE,6,6,6,N,N,1,109,TRANSCEIVER,0,OSFP,7,7,7,N,N
1,1,NPU,9,R3_FE,2,2,2,N,N,1,110,TRANSCEIVER,0,OSFP,0,0,0,N,N
1,0,NPU,54,R3_FE,2,2,2,N,N,1,110,TRANSCEIVER,0,OSFP,1,1,1,N,N
1,1,NPU,9,R3_FE,6,6,6,N,N,1,110,TRANSCEIVER,0,OSFP,2,2,2,N,N
1,0,NPU,54,R3_FE,6,6,6,N,N,1,110,TRANSCEIVER,0,OSFP,3,3,3,N,N
1,1,NPU,8,R3_FE,2,2,2,N,N,1,110,TRANSCEIVER,0,OSFP,4,4,4,N,N
1,0,NPU,55,R3_FE,2,2,2,N,N,1,110,TRANSCEIVER,0,OSFP,5,5,5,N,N
1,1,NPU,8,R3_FE,6,6,6,N,N,1,110,TRANSCEIVER,0,OSFP,6,6,6,N,N
1,0,NPU,55,R3_FE,6,6,6,N,N,1,110,TRANSCEIVER,0,OSFP,7,7,7,N,N
1,1,NPU,11,R3_FE,3,3,3,N,N,1,111,TRANSCEIVER,0,OSFP,0,0,0,N,N
1,0,NPU,52,R3_FE,3,3,3,N,N,1,111,TRANSCEIVER,0,OSFP,1,1,1,N,N
1,1,NPU,11,R3_FE,7,7,7,N,N,1,111,TRANSCEIVER,0,OSFP,2,2,2,N,N
1,0,NPU,52,R3_FE,7,7,7,N,N,1,111,TRANSCEIVER,0,OSFP,3,3,3,N,N
1,1,NPU,10,R3_FE,3,3,3,N,N,1,111,TRANSCEIVER,0,OSFP,4,4,4,N,N
1,0,NPU,53,R3_FE,3,3,3,N,N,1,111,TRANSCEIVER,0,OSFP,5,5,5,N,N
1,1,NPU,10,R3_FE,7,7,7,N,N,1,111,TRANSCEIVER,0,OSFP,6,6,6,N,N
1,0,NPU,53,R3_FE,7,7,7,N,N,1,111,TRANSCEIVER,0,OSFP,7,7,7,N,N
1,1,NPU,9,R3_FE,3,3,3,N,N,1,112,TRANSCEIVER,0,OSFP,0,0,0,N,N
1,0,NPU,54,R3_FE,3,3,3,N,N,1,112,TRANSCEIVER,0,OSFP,1,1,1,N,N
1,1,NPU,9,R3_FE,7,7,7,N,N,1,112,TRANSCEIVER,0,OSFP,2,2,2,N,N
1,0,NPU,54,R3_FE,7,7,7,N,N,1,112,TRANSCEIVER,0,OSFP,3,3,3,N,N
1,1,NPU,8,R3_FE,3,3,3,N,N,1,112,TRANSCEIVER,0,OSFP,4,4,4,N,N
1,0,NPU,55,R3_FE,3,3,3,N,N,1,112,TRANSCEIVER,0,OSFP,5,5,5,N,N
1,1,NPU,8,R3_FE,7,7,7,N,N,1,112,TRANSCEIVER,0,OSFP,6,6,6,N,N
1,0,NPU,55,R3_FE,7,7,7,N,N,1,112,TRANSCEIVER,0,OSFP,7,7,7,N,N
1,1,NPU,7,R3_FE,4,0,0,N,N,1,113,TRANSCEIVER,0,OSFP,0,0,0,N,N
1,0,NPU,56,R3_FE,4,0,0,N,N,1,113,TRANSCEIVER,0,OSFP,1,1,1,N,N
1,1,NPU,7,R3_FE,0,4,4,N,N,1,113,TRANSCEIVER,0,OSFP,2,2,2,N,N
1,0,NPU,56,R3_FE,0,4,4,N,N,1,113,TRANSCEIVER,0,OSFP,3,3,3,N,N
1,1,NPU,6,R3_FE,4,0,0,N,N,1,113,TRANSCEIVER,0,OSFP,4,4,4,N,N
1,0,NPU,57,R3_FE,4,0,0,N,N,1,113,TRANSCEIVER,0,OSFP,5,5,5,N,N
1,1,NPU,6,R3_FE,0,4,4,N,N,1,113,TRANSCEIVER,0,OSFP,6,6,6,N,N
1,0,NPU,57,R3_FE,0,4,4,N,N,1,113,TRANSCEIVER,0,OSFP,7,7,7,N,N
1,1,NPU,5,R3_FE,4,0,0,N,N,1,114,TRANSCEIVER,0,OSFP,0,0,0,N,N
1,0,NPU,58,R3_FE,4,0,0,N,N,1,114,TRANSCEIVER,0,OSFP,1,1,1,N,N
1,1,NPU,5,R3_FE,0,4,4,N,N,1,114,TRANSCEIVER,0,OSFP,2,2,2,N,N
1,0,NPU,58,R3_FE,0,4,4,N,N,1,114,TRANSCEIVER,0,OSFP,3,3,3,N,N
1,1,NPU,4,R3_FE,4,0,0,N,N,1,114,TRANSCEIVER,0,OSFP,4,4,4,N,N
1,0,NPU,59,R3_FE,4,0,0,N,N,1,114,TRANSCEIVER,0,OSFP,5,5,5,N,N
1,1,NPU,4,R3_FE,0,4,4,N,N,1,114,TRANSCEIVER,0,OSFP,6,6,6,N,N
1,0,NPU,59,R3_FE,0,4,4,N,N,1,114,TRANSCEIVER,0,OSFP,7,7,7,N,N
1,1,NPU,7,R3_FE,5,1,1,N,N,1,115,TRANSCEIVER,0,OSFP,0,0,0,N,N
1,0,NPU,56,R3_FE,5,1,1,N,N,1,115,TRANSCEIVER,0,OSFP,1,1,1,N,N
1,1,NPU,7,R3_FE,1,5,5,N,N,1,115,TRANSCEIVER,0,OSFP,2,2,2,N,N
1,0,NPU,56,R3_FE,1,5,5,N,N,1,115,TRANSCEIVER,0,OSFP,3,3,3,N,N
1,1,NPU,6,R3_FE,5,1,1,N,N,1,115,TRANSCEIVER,0,OSFP,4,4,4,N,N
1,0,NPU,57,R3_FE,5,1,1,N,N,1,115,TRANSCEIVER,0,OSFP,5,5,5,N,N
1,1,NPU,6,R3_FE,1,5,5,N,N,1,115,TRANSCEIVER,0,OSFP,6,6,6,N,N
1,0,NPU,57,R3_FE,1,5,5,N,N,1,115,TRANSCEIVER,0,OSFP,7,7,7,N,N
1,1,NPU,5,R3_FE,5,1,1,N,N,1,116,TRANSCEIVER,0,OSFP,0,0,0,N,N
1,0,NPU,58,R3_FE,5,1,1,N,N,1,116,TRANSCEIVER,0,OSFP,1,1,1,N,N
1,1,NPU,5,R3_FE,1,5,5,N,N,1,116,TRANSCEIVER,0,OSFP,2,2,2,N,N
1,0,NPU,58,R3_FE,1,5,5,N,N,1,116,TRANSCEIVER,0,OSFP,3,3,3,N,N
1,1,NPU,4,R3_FE,5,1,1,N,N,1,116,TRANSCEIVER,0,OSFP,4,4,4,N,N
1,0,NPU,59,R3_FE,5,1,1,N,N,1,116,TRANSCEIVER,0,OSFP,5,5,5,N,N
1,1,NPU,4,R3_FE,1,5,5,N,N,1,116,TRANSCEIVER,0,OSFP,6,6,6,N,N
1,0,NPU,59,R3_FE,1,5,5,N,N,1,116,TRANSCEIVER,0,OSFP,7,7,7,N,N
1,1,NPU,7,R3_FE,2,2,2,N,N,1,117,TRANSCEIVER,0,OSFP,0,0,0,N,N
1,0,NPU,56,R3_FE,2,2,2,N,N,1,117,TRANSCEIVER,0,OSFP,1,1,1,N,N
1,1,NPU,7,R3_FE,6,6,6,N,N,1,117,TRANSCEIVER,0,OSFP,2,2,2,N,N
1,0,NPU,56,R3_FE,6,6,6,N,N,1,117,TRANSCEIVER,0,OSFP,3,3,3,N,N
1,1,NPU,6,R3_FE,2,2,2,N,N,1,117,TRANSCEIVER,0,OSFP,4,4,4,N,N
1,0,NPU,57,R3_FE,2,2,2,N,N,1,117,TRANSCEIVER,0,OSFP,5,5,5,N,N
1,1,NPU,6,R3_FE,6,6,6,N,N,1,117,TRANSCEIVER,0,OSFP,6,6,6,N,N
1,0,NPU,57,R3_FE,6,6,6,N,N,1,117,TRANSCEIVER,0,OSFP,7,7,7,N,N
1,1,NPU,5,R3_FE,2,2,2,N,N,1,118,TRANSCEIVER,0,OSFP,0,0,0,N,N
1,0,NPU,58,R3_FE,2,2,2,N,N,1,118,TRANSCEIVER,0,OSFP,1,1,1,N,N
1,1,NPU,5,R3_FE,6,6,6,N,N,1,118,TRANSCEIVER,0,OSFP,2,2,2,N,N
1,0,NPU,58,R3_FE,6,6,6,N,N,1,118,TRANSCEIVER,0,OSFP,3,3,3,N,N
1,1,NPU,4,R3_FE,2,2,2,N,N,1,118,TRANSCEIVER,0,OSFP,4,4,4,N,N
1,0,NPU,59,R3_FE,2,2,2,N,N,1,118,TRANSCEIVER,0,OSFP,5,5,5,N,N
1,1,NPU,4,R3_FE,6,6,6,N,N,1,118,TRANSCEIVER,0,OSFP,6,6,6,N,N
1,0,NPU,59,R3_FE,6,6,6,N,N,1,118,TRANSCEIVER,0,OSFP,7,7,7,N,N
1,1,NPU,7,R3_FE,3,3,3,N,N,1,119,TRANSCEIVER,0,OSFP,0,0,0,N,N
1,0,NPU,56,R3_FE,3,3,3,N,N,1,119,TRANSCEIVER,0,OSFP,1,1,1,N,N
1,1,NPU,7,R3_FE,7,7,7,N,N,1,119,TRANSCEIVER,0,OSFP,2,2,2,N,N
1,0,NPU,56,R3_FE,7,7,7,N,N,1,119,TRANSCEIVER,0,OSFP,3,3,3,N,N
1,1,NPU,6,R3_FE,3,3,3,N,N,1,119,TRANSCEIVER,0,OSFP,4,4,4,N,N
1,0,NPU,57,R3_FE,3,3,3,N,N,1,119,TRANSCEIVER,0,OSFP,5,5,5,N,N
1,1,NPU,6,R3_FE,7,7,7,N,N,1,119,TRANSCEIVER,0,OSFP,6,6,6,N,N
1,0,NPU,57,R3_FE,7,7,7,N,N,1,119,TRANSCEIVER,0,OSFP,7,7,7,N,N
1,1,NPU,5,R3_FE,3,3,3,N,N,1,120,TRANSCEIVER,0,OSFP,0,0,0,N,N
1,0,NPU,58,R3_FE,3,3,3,N,N,1,120,TRANSCEIVER,0,OSFP,1,1,1,N,N
1,1,NPU,5,R3_FE,7,7,7,N,N,1,120,TRANSCEIVER,0,OSFP,2,2,2,N,N
1,0,NPU,58,R3_FE,7,7,7,N,N,1,120,TRANSCEIVER,0,OSFP,3,3,3,N,N
1,1,NPU,4,R3_FE,3,3,3,N,N,1,120,TRANSCEIVER,0,OSFP,4,4,4,N,N
1,0,NPU,59,R3_FE,3,3,3,N,N,1,120,TRANSCEIVER,0,OSFP,5,5,5,N,N
1,1,NPU,4,R3_FE,7,7,7,N,N,1,120,TRANSCEIVER,0,OSFP,6,6,6,N,N
1,0,NPU,59,R3_FE,7,7,7,N,N,1,120,TRANSCEIVER,0,OSFP,7,7,7,N,N
1,1,NPU,3,R3_FE,6,2,2,N,N,1,121,TRANSCEIVER,0,OSFP,0,0,0,N,N
1,0,NPU,60,R3_FE,6,2,2,N,N,1,121,TRANSCEIVER,0,OSFP,1,1,1,N,N
1,1,NPU,3,R3_FE,0,0,0,N,N,1,121,TRANSCEIVER,0,OSFP,2,2,2,N,N
1,0,NPU,60,R3_FE,0,0,0,N,N,1,121,TRANSCEIVER,0,OSFP,3,3,3,N,N
1,1,NPU,2,R3_FE,6,6,6,N,N,1,121,TRANSCEIVER,0,OSFP,4,4,4,N,N
1,0,NPU,61,R3_FE,6,6,6,N,N,1,121,TRANSCEIVER,0,OSFP,5,5,5,N,N
1,1,NPU,2,R3_FE,0,4,4,N,N,1,121,TRANSCEIVER,0,OSFP,6,6,6,N,N
1,0,NPU,61,R3_FE,0,4,4,N,N,1,121,TRANSCEIVER,0,OSFP,7,7,7,N,N
1,1,NPU,1,R3_FE,6,2,2,N,N,1,122,TRANSCEIVER,0,OSFP,0,0,0,N,N
1,0,NPU,62,R3_FE,6,2,2,N,N,1,122,TRANSCEIVER,0,OSFP,1,1,1,N,N
1,1,NPU,1,R3_FE,0,0,0,N,N,1,122,TRANSCEIVER,0,OSFP,2,2,2,N,N
1,0,NPU,62,R3_FE,0,0,0,N,N,1,122,TRANSCEIVER,0,OSFP,3,3,3,N,N
1,1,NPU,0,R3_FE,6,6,6,N,N,1,122,TRANSCEIVER,0,OSFP,4,4,4,N,N
1,0,NPU,63,R3_FE,6,6,6,N,N,1,122,TRANSCEIVER,0,OSFP,5,5,5,N,N
1,1,NPU,0,R3_FE,0,4,4,N,N,1,122,TRANSCEIVER,0,OSFP,6,6,6,N,N
1,0,NPU,63,R3_FE,0,4,4,N,N,1,122,TRANSCEIVER,0,OSFP,7,7,7,N,N
1,1,NPU,3,R3_FE,7,3,3,N,N,1,123,TRANSCEIVER,0,OSFP,0,0,0,N,N
1,0,NPU,60,R3_FE,7,3,3,N,N,1,123,TRANSCEIVER,0,OSFP,1,1,1,N,N
1,1,NPU,3,R3_FE,1,1,1,N,N,1,123,TRANSCEIVER,0,OSFP,2,2,2,N,N
1,0,NPU,60,R3_FE,1,1,1,N,N,1,123,TRANSCEIVER,0,OSFP,3,3,3,N,N
1,1,NPU,2,R3_FE,7,7,7,N,N,1,123,TRANSCEIVER,0,OSFP,4,4,4,N,N
1,0,NPU,61,R3_FE,7,7,7,N,N,1,123,TRANSCEIVER,0,OSFP,5,5,5,N,N
1,1,NPU,2,R3_FE,1,5,5,N,N,1,123,TRANSCEIVER,0,OSFP,6,6,6,N,N
1,0,NPU,61,R3_FE,1,5,5,N,N,1,123,TRANSCEIVER,0,OSFP,7,7,7,N,N
1,1,NPU,1,R3_FE,7,3,3,N,N,1,124,TRANSCEIVER,0,OSFP,0,0,0,N,N
1,0,NPU,62,R3_FE,7,3,3,N,N,1,124,TRANSCEIVER,0,OSFP,1,1,1,N,N
1,1,NPU,1,R3_FE,1,1,1,N,N,1,124,TRANSCEIVER,0,OSFP,2,2,2,N,N
1,0,NPU,62,R3_FE,1,1,1,N,N,1,124,TRANSCEIVER,0,OSFP,3,3,3,N,N
1,1,NPU,0,R3_FE,7,7,7,N,N,1,124,TRANSCEIVER,0,OSFP,4,4,4,N,N
1,0,NPU,63,R3_FE,7,7,7,N,N,1,124,TRANSCEIVER,0,OSFP,5,5,5,N,N
1,1,NPU,0,R3_FE,1,5,5,N,N,1,124,TRANSCEIVER,0,OSFP,6,6,6,N,N
1,0,NPU,63,R3_FE,1,5,5,N,N,1,124,TRANSCEIVER,0,OSFP,7,7,7,N,N
1,1,NPU,2,R3_FE,2,2,2,N,N,1,125,TRANSCEIVER,0,OSFP,0,0,0,N,N
1,0,NPU,61,R3_FE,2,2,2,N,N,1,125,TRANSCEIVER,0,OSFP,1,1,1,N,N
1,1,NPU,2,R3_FE,4,0,0,N,N,1,125,TRANSCEIVER,0,OSFP,2,2,2,N,N
1,0,NPU,61,R3_FE,4,0,0,N,N,1,125,TRANSCEIVER,0,OSFP,3,3,3,N,N
1,1,NPU,3,R3_FE,2,6,6,N,N,1,125,TRANSCEIVER,0,OSFP,4,4,4,N,N
1,0,NPU,60,R3_FE,2,6,6,N,N,1,125,TRANSCEIVER,0,OSFP,5,5,5,N,N
1,1,NPU,3,R3_FE,4,4,4,N,N,1,125,TRANSCEIVER,0,OSFP,6,6,6,N,N
1,0,NPU,60,R3_FE,4,4,4,N,N,1,125,TRANSCEIVER,0,OSFP,7,7,7,N,N
1,1,NPU,0,R3_FE,2,2,2,N,N,1,126,TRANSCEIVER,0,OSFP,0,0,0,N,N
1,0,NPU,63,R3_FE,2,2,2,N,N,1,126,TRANSCEIVER,0,OSFP,1,1,1,N,N
1,1,NPU,0,R3_FE,4,0,0,N,N,1,126,TRANSCEIVER,0,OSFP,2,2,2,N,N
1,0,NPU,63,R3_FE,4,0,0,N,N,1,126,TRANSCEIVER,0,OSFP,3,3,3,N,N
1,1,NPU,1,R3_FE,2,6,6,N,N,1,126,TRANSCEIVER,0,OSFP,4,4,4,N,N
1,0,NPU,62,R3_FE,2,6,6,N,N,1,126,TRANSCEIVER,0,OSFP,5,5,5,N,N
1,1,NPU,1,R3_FE,4,4,4,N,N,1,126,TRANSCEIVER,0,OSFP,6,6,6,N,N
1,0,NPU,62,R3_FE,4,4,4,N,N,1,126,TRANSCEIVER,0,OSFP,7,7,7,N,N
1,1,NPU,2,R3_FE,3,3,3,N,N,1,127,TRANSCEIVER,0,OSFP,0,0,0,N,N
1,0,NPU,61,R3_FE,3,3,3,N,N,1,127,TRANSCEIVER,0,OSFP,1,1,1,N,N
1,1,NPU,2,R3_FE,5,1,1,N,N,1,127,TRANSCEIVER,0,OSFP,2,2,2,N,N
1,0,NPU,61,R3_FE,5,1,1,N,N,1,127,TRANSCEIVER,0,OSFP,3,3,3,N,N
1,1,NPU,3,R3_FE,3,7,7,N,N,1,127,TRANSCEIVER,0,OSFP,4,4,4,N,N
1,0,NPU,60,R3_FE,3,7,7,N,N,1,127,TRANSCEIVER,0,OSFP,5,5,5,N,N
1,1,NPU,3,R3_FE,5,5,5,N,N,1,127,TRANSCEIVER,0,OSFP,6,6,6,N,N
1,0,NPU,60,R3_FE,5,5,5,N,N,1,127,TRANSCEIVER,0,OSFP,7,7,7,N,N
1,1,NPU,0,R3_FE,3,3,3,N,N,1,128,TRANSCEIVER,0,OSFP,0,0,0,N,N
1,0,NPU,63,R3_FE,3,3,3,N,N,1,128,TRANSCEIVER,0,OSFP,1,1,1,N,N
1,1,NPU,0,R3_FE,5,1,1,N,N,1,128,TRANSCEIVER,0,OSFP,2,2,2,N,N
1,0,NPU,63,R3_FE,5,1,1,N,N,1,128,TRANSCEIVER,0,OSFP,3,3,3,N,N
1,1,NPU,1,R3_FE,3,7,7,N,N,1,128,TRANSCEIVER,0,OSFP,4,4,4,N,N
1,0,NPU,62,R3_FE,3,7,7,N,N,1,128,TRANSCEIVER,0,OSFP,5,5,5,N,N
1,1,NPU,1,R3_FE,5,5,5,N,N,1,128,TRANSCEIVER,0,OSFP,6,6,6,N,N
1,0,NPU,62,R3_FE,5,5,5,N,N,1,128,TRANSCEIVER,0,OSFP,7,7,7,N,N
